InvoiceNo,ProductID,Quantity,InvoiceDate,UnitPrice,CustomerID,Country
537611,21,,2026-04-22 23:43:04,97.35,72,Netherlands
537614,10,11,2026-06-25 11:45:30,180.33,103,Spain
536946,5,20,2026-06-13 00:33:33,180.96,15,Belgium
537715,14,11,2026-07-08 23:34:41,243.69,103,Netherlands
537265,27,,2026-05-09 17:49:55,48.01,21,Netherlands
536883,26,13,2026-06-22 20:55:07,129.62,102,United States
536998,76,7,2026-06-27 18:04:11,172.71,68,Switzerland
C537612,17,-14,2026-06-06 22:52:10,48.83,124,Belgium
536655,6,11,2026-04-21 15:56:53,96.3,121,Switzerland
536726,11,17,2026-06-12 20:04:45,198.57,10,United States
536735,15,12,2026-06-26 16:09:02,218.65,125,Netherlands
538494,85,3,2026-07-10 00:49:54,198.58,79,Belgium
537180,63,12,2026-07-08 17:15:31,180.31,29,Germany
537322,8,9,2026-07-05 14:51:16,130.7,33,U.S.A
538226,89,18,2026-04-22 13:41:55,215.33,44,france
537762,31,5,2026-06-04 12:17:11,87.14,124,Spain
538427,66,19,2026-06-21 04:37:45,20.19,27,Germany
C538556,25,-10,2026-06-22 04:30:39,129.34,41,United Kingdom
537231,103,8,2026-05-21 15:20:24,110.67,56,France
536616,18,16,2026-04-24 08:02:39,244.92,46,Netherlands
538178,5,20,2026-04-28 21:09:43,91.54,115,Spain
537848,73,12,2026-06-26 10:59:36,86.09,51,Germany
537287,35,9,2026-07-01 06:15:15,237.16,5,SWITZERLAND
536553,106,20,2026-05-03 05:09:00,38.25,44,United States
536604,28,11,2026-05-27 00:29:03,140.37,27,Belgium
536898,46,11,2026-06-07 21:25:32,128.3,50,Switzerland
536395,55,9,2026-06-14 18:54:26,166.13,98,Netherlands
538513,72,16,2026-06-03 23:42:52,218.81,125,Italy
537510,36,14,2026-04-24 07:16:49,152.78,32,Spain
538582,50,16,2026-06-23 23:27:20,243.12,122,United States
538493,20,14,2026-05-24 02:24:56,246.26,36,United States
536375,4,3,2026-05-11 01:28:29,231.81,26,france
538399,110,13,2026-04-29 01:23:05,69.04,89,Pays-Bas
537420,106,7,2026-05-04 16:58:44,132.71,100,United Kingdom
537840,33,,2026-06-13 08:54:43,77.34,99,PORTUGAL
536996,88,10,2026-07-07 11:06:08,209.57,58,United Kingdom
538202,107,16,2026-06-02 01:36:37,14.46,91,Belgium
537456,61,3,2026-06-16 13:17:53,230.26,9611,Germany
538147,107,20,2026-04-29 10:50:24,73.59,37,SWITZERLAND
537046,47,16,2026-05-31 17:02:08,244.43,104,France
536420,107,10,2026-06-26 15:53:35,31.45,11,Belgium
537643,32,13,2026-05-03 13:36:51,155.95,38,Netherlands
536693,5,4,2026-05-24 11:18:49,165.59,84,Germany
537937,113,18,2026-06-18 07:25:22,6.6,67,United States
536523,19,16,2026-06-18 13:21:10,222.69,121,France
538112,10,16,2026-04-15 10:31:10,211.07,47,portugal
538069,1,4,2026-07-09 01:13:05,243.13,43,Spain
537761,55,17,2026-07-01 13:14:13,229.56,72,GERMANY
536635,86,14,2026-06-14 11:02:58,145.94,114,France
537864,104,16,2026-07-02 05:58:16,187.61,92,Italy
537617,77,7,2026-06-23 23:52:48,171.56,60,Portugal
536593,106,11,2026-06-03 08:45:46,114.37,35,Belgium
537946,88,5,2026-05-07 21:56:19,147.77,103,Italy
538152,124,15,2026-05-13 01:38:11,150.43,48,France
536799,72,13,2026-06-10 18:07:38,28.41,40,United States
537185,77,2,2026-04-14 20:07:57,111.92,74,Spain
537189,72,5,2026-06-05 00:04:14,22.53,103,Switzerland
537279,44,8,2026-05-22 13:26:15,223.93,68,Germany
537421,100,18,2026-05-14 12:56:01,152.85,2,Belgium
536915,25,11,2026-06-13 00:47:34,191.53,104,Netherlands
C538085,75,-8,2026-05-26 06:53:53,176.06,28,Netherlands
537803,12,6,2026-04-21 18:27:51,18.54,126,Spain
536863,127,6,2026-05-17 15:18:03,157.66,21,Germany
536456,43,11,2026-06-13 05:02:42,214.06,121,Portugal
536583,111,10,2026-05-11 21:27:10,197.23,31,United States
537242,17,17,2026-05-20 06:57:07,120.79,40,Germany
537934,64,13,2026-06-23 04:21:06,104.84,72,Germany
537571,62,10,2026-06-21 17:16:53,181.42,130,United Kingdom
538106,122,2,2026-06-16 03:46:31,220.47,80,Netherlands
537820,109,3,2026-04-30 05:00:39,54.53,119,Belgium
537181,60,15,2026-05-08 01:07:29,115.86,15,Italy
537682,29,4,2026-05-16 22:19:46,21.37,112,Portugal
536813,20,6,2026-06-20 21:03:46,170.76,62,united kingdom
537282,111,4,2026-05-08 19:18:55,172.82,79,Belgium
537513,12,1,2026-07-05 08:51:55,180.44,7,Italy
538191,57,13,2026-06-08 12:04:43,202.35,63,United Kingdom
537320,26,16,2026-04-24 15:58:11,81.56,16,United States
538391,39,17,2026-06-25 05:20:09,163.42,59,United States
538580,119,16,2026-05-09 15:25:04,128.16,20,Italy
537209,81,8,2026-06-03 00:55:34,119.15,63,Italy
537882,81,11,2026-05-04 12:10:12,7.09,2,Portugal
537942,21,12,2026-05-28 13:58:09,223.33,125,Spain
538018,2,1,2026-05-17 11:32:37,66.68,18,switzerland
538103,45,13,2026-04-19 05:56:14,7.41,111,Belgium
536481,36,19,2026-05-24 02:45:13,97.78,108,Switzerland
538412,130,16,2026-05-21 04:43:19,11.83,69,France
537240,22,17,2026-05-27 19:37:10,86.05,63,United States
537649,9818,18,2026-05-02 12:49:32,27.25,108,Switzerland
537160,96,1,2026-06-02 19:12:51,121.92,19,Belgium
538290,98,18,2026-04-18 02:10:05,128.8,118,Italy
537911,9,2,2026-05-02 14:58:49,115.52,106,Netherlands
537848,9347,16,2026-06-17 18:25:41,226.88,51,Germany
537500,72,5,2026-05-16 23:29:40,50.79,51,France
536718,9906,19,2026-05-22 02:05:15,26.6,107,United States
537465,4,11,2026-06-14 16:59:19,204.14,62,Belgium
537636,97,12,2026-05-14 18:43:03,120.71,61,Germany
536596,75,16,2026-05-10 15:43:20,36.23,73,Switzerland
538305,99,8,2026-05-12 14:03:16,166.25,13,United States
538465,20,17,2026-05-03 10:20:31,37.24,56,Germany
537568,57,4,2026-04-25 21:23:58,221.82,13,Netherlands
538477,37,11,2026-05-15 03:45:54,194.09,130,Belgium
536492,82,5,2026-05-23 04:40:56,98.55,29,U.S.A
536647,90,12,2026-04-18 21:17:54,42.66,31,Spain
538189,49,9,2026-06-26 17:59:33,172.24,86,Italy
537328,84,4,2026-05-04 15:07:45,175.62,114,Belgium
538526,11,6,2026-05-06 07:29:35,232.52,66,ITALY
537192,58,4,2026-06-28 07:29:40,240.38,,Portugal
537730,8,8,2026-05-21 12:44:54,39.94,35,Belgium
536827,83,19,2026-06-14 15:35:33,238.93,67,United Kingdom
538551,112,18,2026-05-16 21:30:28,156.88,84,Italy
537124,70,19,2026-07-10 10:47:49,3.75,18,Switzerland
538364,54,6,2026-04-15 09:58:05,113.53,88,Belgique
538283,78,15,2026-05-20 19:38:15,106.58,80,Switzerland
537550,76,1,2026-05-17 00:38:23,177.47,123,United States
537132,97,13,2026-06-18 08:04:27,138.06,58,Italy
537103,98,5,2026-05-29 19:10:28,216.1,119,ITALY
538424,84,7,2026-05-08 07:22:10,244.67,68,Germany
538180,24,7,2026-05-10 14:05:29,71.98,30,Spain
538361,91,15,2026-06-05 19:44:18,138.1,114,Portugal
537616,3,5,2026-05-04 22:03:06,216.62,44,belgium
537520,8,3,2026-07-02 21:12:42,107.16,2,United States
536511,20,18,2026-05-03 12:39:15,235.63,58,united kingdom
537486,19,5,2026-05-19 21:10:52,145.16,69,United Kingdom
537169,9626,5,2026-06-06 03:43:33,234.61,56,Espagne
C537059,67,-8,2026-06-04 15:21:44,96.34,13,France
537599,59,10,2026-06-26 02:12:07,154.8,45,United Kingdom
536872,6,6,2026-05-04 15:58:09,197.82,48,Italy
537976,5,8,2026-06-09 21:43:53,27.13,32,Portugal
537329,110,2,2026-04-30 23:44:31,33.98,41,Netherlands
538392,119,20,2026-07-10 07:46:06,195.84,11,United Kingdom
537573,43,8,2026-05-23 11:36:26,173.84,105,Portugal
538225,56,14,2026-06-29 14:13:00,26.72,16,Portugal
C537059,95,-2,2026-05-07 14:06:27,93.45,13,Frnace
536486,117,16,2026-04-29 15:28:15,83.84,72,Italy
537370,39,2,2026-06-07 09:31:32,131.09,19,United States
538140,80,11,2026-07-03 22:52:30,139.34,73,France
538415,9856,10,2026-04-27 09:35:26,245.57,35,United Kingdom
537495,28,12,2026-05-20 05:54:43,130.44,112,Germany
538336,94,12,2026-06-23 02:31:49,81.88,96,Netherlands
537046,65,8,2026-05-01 15:55:27,190.16,104,France
538194,92,9,2026-05-27 13:22:07,156.95,21,Spain
536553,130,14,2026-06-16 16:03:27,207.15,44,United States
537303,47,13,2026-06-05 21:43:51,114.91,53,Spain
538379,36,13,2026-07-10 18:18:09,133.48,6,Switzerland
537576,96,7,2026-05-16 22:06:48,69.08,80,Pays-Bas
C538075,85,-16,2026-05-08 21:53:46,243.65,54,Portugal
537673,123,13,2026-06-06 09:23:49,139.69,123,Netherlands
536665,119,7,2026-04-18 18:42:02,67.66,34,Switzerland
537499,75,5,2026-05-27 18:04:25,81.8,31,Portugal
538450,97,14,2026-05-29 01:08:53,218.8,29,Belgium
538050,92,6,2026-07-11 10:47:15,90.79,59,Netherlands
538033,73,20,31/02/2026,75.15,64,France
537200,42,17,2026-07-05 15:08:24,7.17,40,United Kingdom
538177,110,17,2026-05-31 13:50:11,193.63,9,Germany
537292,87,10,2026-06-23 14:38:43,137.2,24,Germany
537424,113,15,2026-05-01 10:33:02,155.62,83,France
538537,98,8,2026-05-07 23:22:39,15.35,41,Netherlands
536898,77,9,2026-04-17 02:11:03,217.21,50,Switzerland
537453,23,16,2026-06-02 08:36:59,31.65,26,United States
538349,9,3,2026-06-05 15:50:40,176.06,116,france
538559,116,9,2026-06-29 22:38:39,18.21,27,SWITZERLAND
536453,3,10,2026-05-23 11:25:53,143.29,10,Belgium
537938,128,4,2026-07-08 21:31:37,37.82,101,Switzerland
537323,66,1,2026-07-11 05:57:22,80.62,116,Belgium
536803,9546,15,2026-06-05 17:56:04,73.24,20,Suisse
C536919,42,-8,2026-05-19 15:55:08,99.64,80,United States
538573,76,5,2026-05-04 06:22:53,21.88,122,Portugal
537237,17,2,2026-07-13 04:13:42,73.23,103,Spain
538264,91,4,2026-04-15 01:07:38,80.97,49,Switzerland
538538,17,16,2026-05-18 05:51:15,15.32,91,Germany
537314,67,6,2026-06-01 08:33:30,72.67,92,Germany
536503,111,13,2026-04-20 07:13:27,125.54,24,Italy
538403,70,16,2026-06-05 20:31:07,65.46,107,Switzerland
537497,95,8,2026-06-21 10:05:02,93.09,39,Portugal
537037,88,4,2026-07-11 07:51:47,157.36,87,Belgium
537064,81,4,2026-04-19 11:11:59,100.5,66,Switzerland
537329,100,8,2026-04-26 15:26:08,88.97,41,Netherlands
536747,9,3,2026-04-20 22:43:51,245.04,32,France
538038,89,13,2026-06-03 07:38:15,165.86,57,Netherlands
537269,62,19,2026-06-20 14:49:54,22.72,32,Germany
538117,101,17,2026-07-13 05:20:33,144.27,55,United Kingdom
537529,5,14,2026-06-30 02:24:13,39.33,28,Italy
538212,69,20,2026-05-14 07:59:13,22.58,79,Portugal
537599,125,13,2026-06-06 15:34:15,236.81,45,United Kingdom
538449,52,10,2026-05-08 16:46:31,101.68,85,Netherlands
537009,104,9,2026-07-05 17:52:55,132.3,95,Switzerland
537518,121,1,2026-05-10 01:29:56,231.3,51,SPAIN
537645,76,16,2026-04-29 02:11:55,233.55,54,France
538242,102,5,2026-05-17 18:37:41,28.77,76,Netherlands
537862,90,15,2026-04-28 14:40:05,225.34,126,France
537820,66,20,2026-05-14 12:23:24,21.02,119,Belgium
538474,4,4,2026-07-03 12:27:43,189.81,34,Switzerland
537543,27,14,2026-05-03 17:21:45,150.38,119,Italy
537443,2,6,2026-05-05 11:06:36,68.14,26,United States
537354,8,14,2026-06-02 01:06:05,0,129,Netherlands
537747,102,13,2026-07-07 20:17:01,172.55,8,United States
537869,49,8,2026-04-21 04:16:42,180.22,61,Switzerland
536771,4,1,2026-06-09 06:52:52,239.53,26,Belgium
536649,80,15,2026-05-30 00:27:06,58.79,11,Germany
537843,109,20,2026-06-20 12:25:59,84.1,21,Italy
537301,68,18,2026-05-19 22:47:50,179.69,52,United Kingdom
536876,87,16,2026-05-31 06:31:45,170.6,96,Switzerland
536832,10,12,2026-06-10 22:41:16,245.32,29,Switzerland
536863,9434,6,2026-06-09 20:29:59,51.75,21,Germany
538424,46,10,2026-05-03 03:06:27,244.68,68,Germany
537229,54,6,2026-05-12 00:13:48,237.06,102,Belgium
537849,48,4,2026-04-30 13:13:43,107.72,94,Belgium
536838,90,1,2026-07-07 04:43:50,227.78,99,Spain
537104,121,6,2026-05-17 12:32:01,18.64,27,Belgium
538294,82,6,2026-05-10 20:01:38,138.14,36,United States
536397,112,16,2026-04-17 01:24:37,242.36,72,United Kingdom
537918,37,14,2026-06-15 03:36:06,198.65,113,United States
538499,9165,14,2026-04-21 05:39:28,75.26,47,Switzerland
538372,120,12,2026-04-18 12:22:58,86.38,56,Netherlands
538355,16,8,2026-04-20 01:52:45,190.93,105,Italy
538144,27,8,2026-07-04 14:02:23,223.65,105,Portugal
536435,76,10,2026-05-01 19:25:13,113.14,95,Portugal
538011,73,5,2026-04-30 14:30:42,105.47,1,France
538416,60,,2026-05-26 11:48:18,194.18,31,Spain
538063,28,13,2026-05-13 03:21:27,223.13,21,France
537876,34,17,2026-04-25 09:29:51,200.07,83,Belgium
537863,106,12,2026-06-06 10:27:41,101.34,124,Netherlands
537461,30,8,2026-06-28 11:48:59,95.14,69,Netherlands
537341,21,19,2026-07-07 05:14:57,99.77,82,Italy
536824,113,,2026-07-05 15:00:00,33.43,67,Switzerland
537741,74,1,2026-07-03 23:41:35,184.99,37,Spain
C538085,27,-15,2026-05-08 23:43:11,109.2,28,Netherlands
537800,114,14,2026-05-20 18:10:01,47.25,11,NETHERLANDS
536643,31,12,2026-06-16 16:46:16,129.59,93,Switzerland
537875,10,7,2026-04-16 01:57:31,157.9,121,Germany
537009,104,17,2026-06-15 20:09:56,118.26,95,Switzerland
536921,29,15,2026-07-07 16:34:17,108.2,98,Spain
537125,75,19,2026-04-16 09:41:41,143.41,75,Germany
537449,58,,2026-06-12 03:38:25,84.17,118,Germany
536989,25,15,2026-06-10 14:27:42,96.82,90,Netherlands
538333,50,15,2026-07-03 15:18:57,75.03,57,Belgium
538234,93,4,2026-06-05 18:02:05,54.44,89,France
537005,63,3,2026-05-19 06:34:44,114.7,7,Suisse
538297,9605,17,2026-05-07 17:47:07,223.3,35,Germany
537536,68,10,2026-06-08 07:48:43,92.37,21,Suisse
537755,39,16,2026-05-04 15:53:15,194.53,106,U.K.
538515,33,20,2026-07-01 07:19:48,63.86,105,Portugal
537761,31,3,2026-06-23 05:02:09,77.27,72,Germany
536367,87,4,2026-07-06 19:00:16,25.91,9,France
C538348,7,-20,2026-04-28 11:10:20,65.46,37,Belgium
536735,81,8,2026-04-22 18:43:05,235.42,125,Netherlands
537867,2,11,2026-06-27 08:23:50,122.05,130,France
537742,73,16,2026-04-19 07:32:03,153.12,43,Italy
538235,122,14,2026-04-20 08:57:51,175.94,56,United Kingdom
537107,63,5,2026-06-06 16:39:35,39.86,113,France
536395,114,10,2026-06-24 12:22:34,215.46,98,NETHERLANDS
538121,69,,2026-06-06 21:09:04,71.41,128,Germany
537012,14,12,2026-04-20 15:21:27,117.88,34,Belgium
536953,98,16,2026-05-09 13:12:58,45.1,30,United Kingdom
537343,9409,17,2026-07-12 20:03:12,38.46,119,Germany
538384,27,19,2026-05-07 19:28:33,164.98,31,Belgium
538040,129,14,2026-06-07 20:56:23,134.85,70,Belgium
537519,126,5,2026-06-01 04:41:33,211.6,111,Switzerland
538172,65,16,2026-05-14 10:48:29,81.32,18,Germany
537474,108,4,2026-05-02 05:14:34,168.84,39,France
536911,33,17,2026-06-22 06:02:43,41.47,22,Belgium
536853,19,11,2026-04-25 20:01:24,223.39,20,Italy
537361,4,18,2026-06-17 15:08:28,11.17,,Switzerland
537848,73,12,2026-04-18 14:56:39,237.26,51,Germany
537912,70,5,2026-05-29 23:15:12,240.1,126,Portugal
536553,18,8,2026-06-28 04:13:51,96.42,,United States
537367,96,19,2026-07-05 19:50:57,79.67,19,UK
537410,45,9,2026-06-29 15:20:42,215.81,28,United Kingdom
536422,9377,17,2026-04-15 07:38:25,21.33,113,Germany
536713,59,7,2026-04-20 07:12:18,120.19,102,United States
538139,98,1,2026-07-07 08:44:03,132.18,30,Belgium
537708,61,8,2026-05-14 23:24:02,148.28,122,United Kingdom
538226,14,5,2026-05-06 01:51:17,195.8,44,France
537436,103,16,2026-05-06 08:11:49,37.75,88,Germany
536449,98,13,2026-06-22 00:44:53,205.14,32,switzerland
537521,60,8,2026-06-16 10:27:17,188.4,54,Italy
536832,58,12,2026-06-18 18:13:17,109.58,29,Switzerland
536845,95,2,2026-06-22 22:29:07,74.85,8,United Kingdom
536630,95,15,2026-05-30 11:28:02,176.86,7,Netherlands
537999,44,10,2026-04-21 17:06:45,53.78,104,Spain
537929,35,15,2026-04-26 15:53:49,195.62,44,portugal
536592,63,17,2026-05-07 05:05:01,135.85,98,Italy
537785,92,13,2026-05-23 10:02:22,10.95,43,Spain
537153,83,4,2026-05-11 13:15:04,101.51,1,NETHERLANDS
536983,105,12,2026-06-15 22:03:27,240.46,38,Italy
538554,83,4,2026-06-09 15:59:11,141.5,125,France
538458,101,1,2026-06-03 18:56:30,22.77,68,United States
537638,57,14,2026-07-03 16:03:32,196.13,74,France
537289,67,1,2026-04-26 07:40:25,129.26,80,Netherlands
537814,2,15,2026-05-22 05:47:06,7.45,4,Spain
537812,40,16,2026-05-17 23:42:40,152.93,30,Italy
536493,112,8,2026-05-11 14:57:03,17.3,107,Belgium
536598,8,6,2026-06-01 11:52:39,50.92,55,Frnace
538061,9,8,2026-05-13 21:09:33,235.87,13,Portugal
538147,43,10,2026-05-10 02:47:05,225.04,,Suisse
537382,2,16,2026-06-18 19:26:31,120.92,13,Italy
537002,91,8,2026-06-20 23:58:17,40.47,16,France
536697,116,9,2026-04-21 02:47:38,63.74,72,BELGIUM
537638,22,9,2026-06-02 04:53:59,230.97,9102,France
537666,12,12,2026-05-11 01:13:50,123.76,116,france
536675,65,12,2026-05-15 09:37:11,65.95,76,Switzerland
536750,70,5,2026-07-07 01:06:52,217.61,,Belgium
537698,121,8,2026-06-28 15:54:16,125.62,120,Belgium
537896,102,16,2026-05-11 06:50:00,77.69,127,Belgique
537391,23,18,2026-05-17 03:32:40,68.54,123,Netherlands
C538380,97,-5,2026-06-17 15:53:50,111.21,45,switzerland
538112,106,20,2026-06-08 12:14:25,191.45,47,portugal
538310,125,3,2026-06-24 16:25:04,222.77,51,Suisse
536437,74,16,31/02/2026,52.44,81,Spain
537899,103,7,2026-06-24 02:52:36,196.21,21,United States
538471,34,14,2026-07-03 03:30:37,215.28,80,Spain
537675,60,20,2026-06-15 19:02:13,180.18,125,France
537080,51,19,2026-05-27 11:33:14,237.51,105,United Kingdom
537118,106,18,2026-06-06 14:21:56,59.77,54,France
537154,100,20,2026-07-10 03:39:31,116.4,104,United Kingdom
538292,125,13,2026-05-22 16:46:48,69.65,39,United States
538388,16,18,2026-05-07 17:14:44,18.44,4,France
536513,126,9,2026-05-18 07:57:16,25.51,73,Spain
537516,35,9,2026-05-16 10:45:01,197.02,5,Belgique
538396,63,2,2026-07-08 02:00:19,236.15,122,Netherlands
538108,107,20,2026-05-30 06:29:25,17.25,98,Italy
537439,19,12,2026-06-16 14:27:36,235.69,25,France
538061,73,16,2026-06-19 11:47:50,72.48,13,Portugal
536546,65,7,2026-05-05 22:59:35,31.31,89,United States
536768,84,3,2026-04-27 20:31:24,236.77,54,portugal
537598,68,7,2026-07-09 14:02:36,160.75,26,Belgium
536932,116,10,2026-04-26 09:14:21,135.98,15,Italy
538525,37,5,2026-06-09 19:24:27,11.05,63,Portugal
537366,98,13,2026-04-19 22:38:08,202.28,70,Portugal
536469,100,18,2026-04-23 10:20:35,84.94,122,Spain
536660,31,17,2026-06-15 16:55:00,167.06,46,France
536617,39,1,2026-05-17 05:37:38,233.42,5,Netherlands
537312,124,16,2026-06-09 00:39:08,194.4,99,Spain
536862,128,11,2026-05-20 07:24:49,239.99,106,Spain
538234,11,9,2026-06-24 20:04:51,184.54,89,France
536937,31,10,2026-06-21 02:44:46,233.95,39,Netherlands
537732,75,14,2026-05-11 23:44:23,131.74,88,Italy
537073,108,20,2026-07-07 18:19:06,144.46,43,Belgium
538334,42,19,2026-05-19 05:37:38,75.06,97,France
536652,127,15,2026-05-07 04:33:27,52.88,84,United Kingdom
537782,84,5,2026-07-02 03:40:06,126.79,127,United States
536822,18,1,2026-05-09 09:34:28,40.8,25,Spain
537851,121,18,2026-06-27 22:10:08,82.3,95,Italy
536648,4,17,2026-07-03 16:41:32,56.6,18,Germany
537663,18,17,2026-04-24 11:44:44,28.6,37,Spain
537082,81,12,2026-05-30 14:32:11,179.58,68,Germany
538023,47,6,2026-06-24 14:38:25,191.19,15,Italy
537219,10,10,2026-04-29 20:53:52,54.34,102,Portugal
536471,69,10,2026-05-27 01:48:32,69.3,100,Italy
536654,110,12,2026-06-10 21:51:30,248.01,9250,Spain
537273,105,1,2026-06-16 11:59:52,87.75,108,Belgium
537678,124,13,2026-04-29 02:45:48,18.59,63,Belgium
538321,9,12,2026-05-14 06:05:09,203.16,22,Belgium
538130,35,7,2026-07-02 02:41:42,153.69,9,Italy
537199,47,3,2026-06-23 07:23:36,241.02,57,Portugal
537760,124,6,2026-06-17 13:37:07,169.6,63,ITALY
536706,38,5,2026-04-22 01:17:01,118.97,92,Spain
537899,84,19,2026-06-10 23:01:19,91.53,21,United States
537978,30,6,2026-04-27 10:17:49,209.83,15,Portugal
538404,124,15,2026-05-02 20:19:19,97.63,24,portugal
536539,27,20,2026-07-06 13:30:12,217.4,92,Netherlands
537171,41,11,2026-06-11 23:47:25,84.04,58,France
537258,87,2,2026-06-04 05:35:24,133.69,18,France
538178,110,4,2026-04-25 10:36:32,25.33,115,Spain
537741,24,6,2026-05-23 17:23:49,199.91,37,Spain
537021,39,18,2026-07-08 00:35:04,108.85,22,france
536615,50,2,2026-06-21 10:00:13,8.85,73,Spain
538553,80,16,2026-06-21 05:25:05,110.93,128,Italy
536963,120,15,2026-05-25 00:16:36,83.12,92,Netherlands
538179,39,4,2026-04-20 22:27:33,116.71,98,United Kingdom
537428,43,3,2026-06-30 22:30:47,129.86,30,Belgium
536540,74,2,2026-07-08 12:10:43,231.84,100,United States
537587,23,4,2026-07-10 02:49:29,200.44,,Frnace
538079,100,11,2026-04-28 21:40:30,128.06,72,United States
536776,93,5,2026-06-26 08:29:01,75.79,127,Portugal
538069,19,12,2026-06-10 15:59:54,197.18,43,Spain
536670,29,5,2026-05-10 09:55:24,33.54,112,Germany
538498,68,4,2026-06-18 10:01:57,40.38,117,France
537408,116,17,2026-06-09 19:04:23,103.37,69,Switzerland
537546,18,9,2026-06-29 14:01:17,208.52,32,UK
537940,1,11,2026-04-14 17:13:43,229.47,30,italy
536392,81,4,2026-04-18 20:07:20,186.49,95,netherlands
536886,108,20,2026-06-08 03:37:11,84.2,118,Switzerland
537709,83,16,2026-06-15 08:53:28,184.63,11,France
536726,7,8,2026-06-11 13:33:12,212.19,10,United States
C537829,7,-8,2026-06-04 12:21:11,111.91,70,portugal
538037,58,7,2026-05-26 17:39:39,138.99,94,Switzerland
537154,111,18,2026-07-11 07:17:29,140.19,104,United Kingdom
C536519,3,-8,2026-04-29 15:02:14,65.34,45,SWITZERLAND
536520,15,20,2026-05-24 16:30:54,102.81,102,Switzerland
537114,37,9,2026-06-20 02:09:30,50.12,74,BELGIUM
538159,117,18,2026-06-07 07:25:10,15.87,61,Germany
536767,67,10,2026-06-02 18:36:59,213.56,102,Netherlands
536946,50,11,2026-04-28 05:38:10,165.53,15,Belgium
536763,31,2,2026-05-06 04:24:03,147.88,94,italy
537837,103,13,2026-05-25 21:36:34,51.37,129,Spain
536483,90,20,2026-07-09 06:52:30,159.29,54,Switzerland
536677,125,16,2026-04-25 02:53:37,7.85,49,France
536390,112,6,2026-06-07 16:53:00,184.25,31,SWITZERLAND
536461,95,3,2026-06-26 19:17:28,135.3,110,Portugal
537778,20,,2026-05-04 03:28:33,17.38,95,United States
537595,92,11,2026-07-06 03:01:06,181.5,40,PORTUGAL
536931,128,,2026-07-11 21:40:57,110.74,27,switzerland
538201,103,2,2026-04-24 08:48:15,173.94,33,Portugal
537688,4,7,2026-04-23 17:21:54,106.33,42,netherlands
537921,126,16,2026-05-12 06:19:02,65.52,122,Netherlands
536780,70,4,2026-05-04 04:21:29,28.79,109,United States
C536708,79,-15,2026-06-26 23:54:42,62.32,26,france
537259,56,14,2026-05-07 20:05:57,23.54,118,United States
536446,7,20,2026-04-24 19:40:15,120.22,87,PORTUGAL
537416,57,6,2026-05-21 00:20:07,242.86,34,Switzerland
537577,20,6,2026-05-27 21:17:47,242.87,43,Germany
C537612,28,-18,2026-05-02 17:40:09,61.6,124,Belgium
536417,58,14,2026-06-30 10:37:54,211.75,80,Italy
537554,19,1,2026-05-20 21:04:16,161.82,73,Germany
537972,77,20,2026-06-22 02:46:10,183.03,106,Portugal
537167,67,,2026-06-21 13:10:23,159.53,92,France
C538437,103,-2,2026-05-25 22:32:40,220.76,39,Switzerland
537282,39,18,2026-06-13 18:17:00,101.64,79,Belgium
538531,87,10,2026-06-10 23:01:40,88.39,97,Netherlands
538430,50,9,2026-06-25 16:35:39,30.63,122,France
538219,67,4,2026-06-23 09:38:50,185.47,68,Portugal
536606,23,19,2026-04-21 10:23:36,5.01,112,Italie
537820,7,18,2026-06-05 12:19:51,164.13,119,Belgium
538239,62,4,2026-04-22 01:53:21,166.37,115,Switzerland
537895,75,6,2026-05-22 07:42:00,137.16,44,United States
538505,45,19,2026-06-24 08:08:13,40.15,102,France
538209,92,,2026-05-22 19:24:00,89.17,68,belgium
536923,26,16,2026-05-02 16:11:53,62.96,22,France
537728,8,6,2026-06-24 16:24:28,158.23,103,Belgium
538058,60,12,2026-05-29 12:39:02,102.38,1,France
537439,37,14,2026-04-28 12:59:54,206.03,25,France
537124,128,13,2026-04-30 14:00:49,196.48,18,Switzerland
536666,58,7,2026-06-30 16:18:34,50.06,127,GERMANY
538126,20,9,2026-04-28 15:45:31,90.78,110,United Kingdom
C537539,100,,2026-05-28 06:17:23,129.1,29,Germany
537386,9292,9,2026-06-25 05:13:10,203.4,111,france
536410,117,3,2026-06-14 06:52:34,166.7,26,Italy
C537413,77,-17,2026-05-19 09:34:24,243.5,11,Netherlands
537688,111,7,2026-06-10 08:20:54,158.42,42,Netherlands
537834,94,20,2026-05-20 09:12:46,162.22,31,United Kingdom
537333,73,,2026-05-21 06:22:34,199.67,85,Italy
537173,48,3,2026-05-01 05:12:02,45.24,9,Switzerland
537686,38,19,2026-06-13 22:24:35,241.11,38,Italy
537441,40,1,2026-04-23 10:46:29,102.72,86,France
537722,86,11,2026-06-05 22:42:32,76.24,35,Frnace
537247,130,10,2026-05-24 08:05:14,30.8,106,Belgium
536691,118,5,2026-04-21 00:40:15,242.1,109,Netherlands
C538348,34,-10,2026-06-17 00:27:15,172.16,37,Belgium
538263,127,20,2026-06-05 06:08:41,132.74,46,Spain
538048,29,20,2026-05-19 06:58:23,218.36,61,France
536663,66,10,2026-04-21 11:30:19,25.29,61,netherlands
536430,29,16,2026-06-08 19:34:00,150.39,78,Germany
536534,96,4,2026-06-12 00:35:47,14.31,5,Germany
537581,104,18,2026-04-22 15:52:47,37.92,98,switzerland
536502,67,3,2026-05-19 15:13:32,8.38,11,United States
538046,98,8,2026-04-18 12:01:23,128.92,75,U.S.A
C536545,102,-1,2026-07-12 15:47:54,120.07,17,Switzerland
538451,85,9,2026-06-16 07:11:05,176.5,80,united kingdom
538138,40,10,2026-05-24 06:12:14,235.48,114,Netherlands
538095,10,6,2026-05-09 13:27:55,240.47,111,Switzerland
537044,52,9,2026-04-25 17:53:50,210.35,63,NETHERLANDS
537414,36,11,2026-05-10 10:51:29,131.58,12,United Kingdom
538134,123,5,2026-05-30 00:47:58,111.03,114,United Kingdom
537584,98,2,2026-07-07 14:44:40,74.14,119,Germany
538222,111,1,2026-05-03 15:22:50,22.84,8,Pays-Bas
537322,60,6,2026-05-07 07:32:51,17.21,33,United States
538495,89,1,2026-05-26 14:43:38,131.23,95,Portugal
536502,84,5,2026-06-25 23:01:13,25.53,11,United States
538476,19,13,2026-05-24 13:06:34,204.14,85,Italy
537822,47,7,2026-06-15 19:10:57,104.94,79,Spain
536438,105,19,2026-06-24 14:36:10,21.22,75,Spain
538419,58,7,2026-07-04 20:23:02,131.94,121,Netherlands
536560,3,9,2026-04-30 12:26:37,64.32,118,Switzerland
537349,129,11,2026-06-20 08:18:21,157.58,11,Spain
537551,59,2,2026-05-10 09:19:57,104.71,70,germany
537497,42,10,2026-05-29 19:46:47,42.33,39,Portugal
537518,81,8,2026-06-08 18:16:03,41.1,51,Espagne
537808,112,13,2026-07-09 23:29:54,229.03,12,United States
538459,70,1,2026-05-30 21:34:16,195.55,122,Netherlands
538233,73,6,2026-05-09 22:00:28,122.72,1,Portugal
537807,37,7,2026-05-27 19:43:36,188.0,112,USA
536665,110,20,2026-04-22 13:40:42,67.26,34,Switzerland
537749,44,8,2026-04-28 22:07:26,118.63,,Switzerland
538214,116,12,2026-04-24 18:22:37,105.47,21,France
537472,122,1,2026-06-04 20:07:47,100.87,23,BELGIUM
536599,43,19,2026-04-29 23:35:05,152.61,85,Italy
537666,74,3,2026-04-19 21:03:33,48.9,116,France
536787,55,9,2026-06-01 21:05:12,48.47,55,Italy
537654,62,16,2026-04-25 01:56:02,176.77,85,United States
536624,25,20,2026-06-10 12:13:22,92.39,33,United States
537163,46,11,2026-04-26 05:54:06,200.65,104,United States
538047,35,2,2026-04-23 11:55:52,219.02,21,Portugal
537599,1,19,2026-05-19 07:37:08,68.61,45,United Kingdom
538534,38,5,2026-07-02 09:24:08,85.52,94,Switzerland
536739,98,18,2026-05-18 07:22:46,241.66,32,United Kingdom
538103,25,3,2026-05-30 12:13:45,166.48,,Belgium
537222,34,2,2026-05-12 11:36:23,0,67,Netherlands
538059,44,12,2026-06-29 13:50:57,137.46,112,United Kingdom
538418,125,13,2026-05-28 11:03:01,73.61,71,Belgique
538002,48,16,2026-05-13 07:49:10,43.77,66,Frnace
538540,15,12,2026-04-29 11:09:35,249.81,115,United Kingdom
537093,130,4,2026-05-20 14:46:04,141.3,100,United Kingdom
538430,45,16,2026-05-20 01:21:42,211.98,122,France
538507,107,15,2026-06-19 08:23:01,231.38,,France
538542,50,7,2026-06-23 15:26:06,73.32,68,Switzerland
536681,27,18,2026-04-16 22:17:25,13.37,28,Switzerland
536373,51,5,2026-05-30 06:06:24,95.36,130,Switzerland
538234,69,3,2026-05-26 19:07:02,129.68,89,France
536577,1,17,2026-05-24 14:28:23,96.62,,Germany
537956,81,20,2026-07-13 15:23:03,189.91,70,Belgium
538105,5,10,2026-04-17 23:39:10,117.14,80,belgium
536952,115,16,2026-05-17 14:03:45,86.64,25,Germany
536786,122,4,2026-06-21 14:22:40,71.76,63,Portugal
538457,56,13,2026-06-16 20:59:55,19.79,116,United States
C536894,4,-9,2026-04-25 23:20:23,92.95,78,United Kingdom
538591,41,19,31/02/2026,208.32,63,Belgium
537746,129,3,2026-06-15 07:17:43,25.93,118,United Kingdom
537989,53,18,2026-06-27 13:13:35,4.04,34,United Kingdom
538552,46,20,2026-05-03 02:34:34,236.9,42,GERMANY
536540,81,18,2026-04-25 18:30:39,16.29,100,United States
537443,30,7,2026-06-28 17:39:26,42.11,26,United States
538376,120,10,2026-06-21 20:39:02,244.32,86,United States
536959,48,16,2026-07-07 21:13:26,74.15,85,Germany
536565,91,11,2026-05-10 22:24:49,169.28,45,Spain
537879,124,16,2026-07-11 14:03:33,182.02,86,France
538027,41,16,2026-07-13 15:03:47,53.2,80,Germany
538236,53,20,2026-06-14 09:33:02,14.96,95,united kingdom
537942,73,7,2026-07-11 13:52:38,98.72,125,Spain
536698,3,8,2026-05-16 15:41:38,186.56,92,Belgium
536822,80,1,2026-06-12 14:40:25,201.99,25,Spain
538193,63,2,2026-05-19 19:59:54,231.41,84,Belgium
536543,30,,2026-04-28 02:44:33,66.38,122,Portugal
537607,120,10,2026-06-10 18:13:49,43.75,60,Italy
536974,90,3,2026-06-19 03:04:12,146.65,18,France
536886,119,16,2026-07-05 05:23:26,55.03,118,Switzerland
538108,75,19,2026-05-17 17:27:04,236.08,98,Italie
536574,32,8,2026-07-06 09:43:50,98.05,98,france
536962,93,20,2026-06-07 07:12:10,170.51,82,Switzerland
537231,47,2,2026-07-03 16:06:25,109.57,56,France
536490,43,15,2026-06-08 17:45:33,89.74,3,Switzerland
536800,115,14,2026-06-20 06:39:37,150.29,125,Belgium
536577,100,7,2026-07-03 21:46:11,132.45,42,Germany
538399,93,12,2026-07-08 14:15:10,88.72,89,Netherlands
538153,52,4,2026-06-04 18:06:13,164.58,57,United States
538120,41,5,2026-05-13 08:00:05,57.37,94,Italy
538247,35,2,2026-06-06 23:42:42,133.39,65,U.S.A
536406,13,20,2026-05-16 03:25:54,187.06,71,FRANCE
538279,17,12,2026-05-24 09:24:12,29.23,31,Switzerland
537004,114,20,,53.75,98,France
537316,63,8,2026-06-30 21:23:57,167.93,75,BELGIUM
538016,28,14,2026-05-22 11:07:09,239.92,6,United Kingdom
538208,98,19,2026-06-21 07:19:09,160.76,79,Switzerland
537097,110,14,2026-07-13 13:32:48,17.42,2,Spain
536707,85,13,2026-04-21 05:24:02,53.71,58,United States
537394,3,16,2026-06-06 15:35:49,84.86,36,United States
537909,11,8,2026-06-30 08:36:33,157.72,104,Spain
537998,57,9,2026-07-06 01:51:19,121.59,95,Germany
538331,73,18,2026-05-17 19:39:40,113.27,20,United Kingdom
536597,60,,2026-05-23 06:34:10,244.88,34,Switzerland
536643,35,12,2026-05-24 02:10:00,43.34,93,Switzerland
537549,56,,2026-06-09 23:54:07,119.21,110,Espagne
536444,74,3,2026-05-05 10:19:11,98.43,104,Italy
537523,90,12,2026-05-29 16:25:03,75.26,89,GERMANY
537250,5,4,2026-04-24 18:36:18,134.11,92,United States
538323,5,1,2026-06-13 14:52:57,137.72,26,Belgium
537610,88,3,2026-05-30 18:43:48,55.82,38,italy
536584,83,12,2026-05-04 03:05:55,149.69,13,Portugal
537099,2,2,2026-05-26 22:15:36,13.59,74,united kingdom
536479,111,13,2026-06-24 23:04:36,10.21,48,United Kingdom
537144,50,5,2026-06-27 10:04:53,233.86,13,FRANCE
C536545,101,-18,2026-05-23 09:11:15,75.86,17,Switzerland
536879,39,10,2026-05-01 18:38:31,79.84,47,Belgium
537836,69,17,2026-04-24 05:08:18,242.34,78,netherlands
538025,129,14,2026-05-25 23:05:47,63.2,24,Switzerland
537238,111,14,2026-06-03 15:41:40,104.23,25,United Kingdom
537987,66,,2026-06-13 11:38:54,113.61,121,Spain
536959,60,7,2026-05-27 22:50:03,15.35,85,Germany
536560,8,16,2026-07-03 01:25:50,31.72,118,Switzerland
537588,60,10,2026-05-02 20:47:04,111.8,71,Netherlands
537432,19,11,2026-04-26 09:39:40,39.98,122,Netherlands
537574,56,3,2026-07-03 10:46:54,134.39,62,Switzerland
537169,73,3,2026-05-06 12:34:16,20.79,56,Spain
536989,8,17,2026-04-29 07:57:58,112.77,90,Netherlands
537540,59,3,2026-04-27 18:14:38,192.08,59,Belgium
537745,89,2,2026-05-19 20:32:55,207.11,24,Switzerland
538033,95,13,2026-06-27 04:31:14,126.83,64,France
537583,38,1,2026-07-07 09:32:52,14.52,127,United Kingdom
C537970,105,-17,2026-07-08 11:10:59,42.22,130,United Kingdom
537578,67,5,2026-04-18 00:20:48,176.78,11,france
538264,69,4,2026-05-17 03:12:29,216.99,49,switzerland
536653,111,5,2026-05-06 20:08:56,80.18,43,Netherlands
538057,43,11,2026-04-20 22:20:17,136.08,40,United Kingdom
537045,125,13,2026-05-30 20:54:33,57.06,5,USA
537781,126,8,2026-05-26 02:00:26,179.8,74,Italy
537370,35,10,2026-05-25 05:30:56,227.42,19,United States
538415,52,6,2026-07-02 21:00:03,74.5,35,United Kingdom
536404,109,9,2026-06-17 19:55:29,115.84,47,United Kingdom
538471,124,18,2026-04-25 21:57:04,225.22,80,Spain
536736,95,15,2026-06-14 07:08:06,155.73,36,France
538017,41,8,2026-04-21 03:38:41,185.91,35,Netherlands
536955,9767,9,2026-06-17 23:16:20,113.89,5,Switzerland
536714,77,,2026-06-05 21:32:15,147.98,107,United States
537063,35,15,2026-06-11 15:17:42,153.69,6,Germany
537897,111,12,2026-05-14 03:42:35,74.47,14,France
537656,97,4,2026-06-07 15:13:00,99.76,35,Spain
537920,15,7,2026-04-15 04:51:30,237.4,59,Italy
537446,118,14,2026-04-24 19:30:24,237.87,87,United States
536586,70,2,2026-07-10 18:09:13,117.85,5,Belgium
536584,19,9,2026-06-13 02:06:17,194.86,13,Portugal
537031,111,2,2026-06-14 23:05:33,239.78,102,FRANCE
538132,9954,15,2026-04-25 13:31:44,213.43,38,Netherlands
536441,75,10,2026-05-04 10:48:03,122.29,8,Pays-Bas
537874,69,17,2026-04-19 06:52:09,105.77,45,Italy
537221,18,4,2026-05-09 18:23:30,168.57,120,Netherlands
537296,38,2,2026-06-16 16:18:57,26.59,111,Netherlands
537145,22,15,2026-06-08 22:50:21,111.28,126,Switzerland
538107,75,11,2026-06-19 22:42:27,244.6,112,United States
536998,83,7,2026-04-17 18:29:43,200.11,68,Switzerland
536761,60,8,2026-05-16 02:34:54,86.04,110,France
537123,85,19,2026-07-03 01:01:25,9.16,5,France
538545,37,2,2026-07-09 18:06:09,58.69,48,Portugal
537577,93,17,2026-07-03 15:48:43,210.36,43,Germany
537055,126,7,2026-05-18 16:09:36,37.51,12,Belgium
C537855,115,-3,2026-05-30 00:23:57,78.57,50,U.K.
536659,61,,2026-04-30 18:51:20,61.91,82,Germany
537687,76,5,2026-05-16 14:36:02,137.56,120,United States
537504,130,14,2026-06-04 08:06:32,246.28,28,Spain
537085,119,16,2026-06-26 04:29:59,167.82,28,United Kingdom
538102,74,9,2026-07-02 16:49:51,115.34,34,Switzerland
536950,35,17,2026-05-09 14:41:24,53.86,84,Belgium
537936,29,14,2026-05-16 02:39:51,185.91,20,Germany
538024,124,10,2026-04-16 17:12:54,103.13,31,United Kingdom
536899,121,16,2026-05-03 16:02:59,43.29,82,Portugal
537508,101,6,2026-04-30 19:20:05,134.85,47,Switzerland
538168,30,3,2026-06-23 05:38:18,19.47,30,Belgium
537743,30,4,2026-05-16 21:25:21,40.23,110,Portugal
536741,86,5,2026-07-01 06:26:51,207.49,123,United States
538405,16,5,2026-05-06 00:10:18,226.95,126,SPAIN
537605,64,12,2026-06-06 22:30:20,249.56,111,Switzerland
537911,43,5,2026-04-22 07:39:49,243.81,106,Netherlands
537926,34,16,2026-05-06 05:56:27,98.7,37,Netherlands
537211,81,20,2026-05-08 09:28:16,74.63,61,Germany
538303,2,14,2026-05-09 01:29:36,184.75,61,BELGIUM
537007,26,9,2026-07-06 03:14:59,204.87,20,Germany
537782,100,14,2026-05-22 10:13:25,88.16,127,USA
536427,73,15,2026-05-05 16:36:30,60.8,34,Switzerland
538454,128,18,2026-04-15 04:09:19,131.66,11,Spain
538528,117,17,2026-05-05 04:13:38,204.38,45,Germany
536773,39,6,2026-07-02 16:26:24,108.87,29,Netherlands
537311,1,16,2026-06-05 11:07:33,36.99,85,Italy
537540,97,5,2026-05-03 18:30:15,146.02,59,Belgium
538017,84,16,2026-05-30 22:23:41,229.8,35,Netherlands
538056,47,7,2026-04-22 12:16:29,159.25,42,Portugal
537164,13,11,2026-04-23 23:51:34,85.5,104,United Kingdom
538358,69,14,2026-05-30 21:17:11,178.97,9631,Italy
536403,40,3,2026-07-06 16:57:21,118.96,37,BELGIUM
538510,44,15,2026-06-12 07:34:24,47.1,19,Germany
536946,82,2,2026-07-03 06:28:57,30.51,15,Belgium
538180,80,,2026-05-16 23:47:27,5.93,30,Spain
536425,55,11,2026-06-10 04:44:37,237.07,86,Germany
538268,23,3,2026-04-30 22:54:02,187.47,128,Spain
537417,129,5,2026-06-07 02:00:17,75.84,50,France
537228,81,7,2026-06-03 15:51:35,197.64,5,Spain
537441,25,13,2026-05-12 18:32:20,107.83,86,France
538014,29,4,2026-07-12 12:03:50,225.73,92,Italy
536779,120,16,2026-07-01 14:35:16,80.36,67,Switzerland
537148,28,1,2026-06-30 09:11:28,161.52,54,Portugal
537728,98,14,2026-06-12 00:11:49,147.25,103,BELGIUM
537242,43,1,2026-07-13 18:26:48,159.8,40,Germany
536884,78,20,2026-07-02 22:27:28,129.97,109,belgium
536909,70,8,2026-05-04 02:47:36,234.27,42,Belgium
537103,7,18,2026-07-13 01:34:56,43.77,119,Italy
538526,56,17,2026-07-11 07:47:53,241.69,66,Italy
538378,53,14,2026-04-18 22:16:10,-19.93,105,Belgium
538343,53,18,2026-06-18 03:20:40,231.66,31,United Kingdom
536730,126,12,2026-06-08 16:56:01,175.02,79,Switzerland
536707,12,1,2026-04-16 03:08:16,52.18,58,United States
536836,75,8,2026-06-09 10:28:08,133.13,63,Spain
537590,57,16,2026-06-18 00:20:18,243.47,88,Belgium
537868,3,9,2026-05-21 11:28:36,111.89,14,France
538111,113,20,2026-05-02 05:07:02,25.76,100,Italy
537444,92,8,2026-05-27 03:00:37,111.0,14,Switzerland
538391,125,12,2026-04-28 15:32:21,54.37,59,United States
537421,100,20,2026-06-11 11:30:17,12.05,2,Belgium
537933,1,20,2026-05-16 04:31:30,72.9,15,Belgium
536561,28,4,2026-07-06 11:53:08,230.29,92,United Kingdom
538005,92,18,2026-06-01 01:01:58,159.27,54,Belgium
538047,127,3,2026-06-26 15:27:07,149.45,21,PORTUGAL
536386,70,11,2026-06-07 18:23:03,81.97,71,Portugal
537162,121,4,2026-06-03 21:23:07,105.11,23,Portugal
536516,26,10,2026-05-06 17:39:31,217.27,26,Allemagne
538319,96,14,2026-04-19 04:06:31,125.35,121,United States
538243,129,1,2026-05-06 05:40:07,107.31,106,United States
536901,36,15,2026-06-05 10:06:42,192.46,122,Switzerland
537483,99,20,2026-07-06 20:22:04,118.91,101,Italy
536400,30,15,2026-05-26 23:07:51,236.92,62,United Kingdom
538053,89,13,2026-04-20 06:37:49,53.08,3,Switzerland
537742,52,7,2026-04-23 04:28:35,151.4,43,Italy
537366,38,4,2026-07-10 18:44:11,90.01,70,Portugal
536954,22,12,2026-05-19 02:14:06,20.02,47,Netherlands
536851,125,15,2026-05-15 14:39:29,58.24,72,Switzerland
536877,1,5,2026-05-10 17:10:38,52.5,51,Switzerland
537491,1,3,2026-06-18 06:46:40,29.75,96,France
537681,48,20,2026-05-28 04:41:33,105.38,48,Italy
536820,119,18,2026-05-17 21:44:13,48.29,52,Spain
537408,34,1,2026-06-02 03:13:48,27.44,69,Switzerland
537226,58,20,2026-07-10 19:20:21,40.31,75,France
537280,69,9,2026-06-06 07:53:58,19.37,35,France
537846,94,20,2026-06-10 04:07:41,245.87,121,Switzerland
536546,18,7,2026-04-14 03:06:35,81.49,89,United States
537639,28,4,2026-04-30 05:36:23,188.78,120,United States
537935,99,9,2026-06-19 22:01:14,166.61,35,france
537154,6,20,2026-04-19 10:34:03,61.48,104,United Kingdom
536652,67,18,2026-05-10 14:44:50,87.87,84,United Kingdom
536991,7,15,2026-05-14 13:27:55,125.55,59,Netherlands
536408,95,18,2026-06-02 12:33:58,106.52,7,Switzerland
537420,47,4,2026-04-26 12:23:10,234.11,100,United Kingdom
C537042,49,-16,2026-05-17 20:50:39,138.25,70,Switzerland
538186,60,12,2026-06-13 01:06:20,82.51,81,spain
C536894,104,-16,2026-07-12 20:08:24,155.76,78,United Kingdom
536758,129,13,2026-04-14 18:01:59,35.46,9,United Kingdom
538315,109,12,2026-07-04 02:07:08,110.21,42,Switzerland
537834,129,15,2026-05-31 01:43:07,5.22,31,United Kingdom
537971,37,11,2026-05-04 16:48:53,113.64,123,U.K.
537099,22,14,2026-07-01 09:41:51,246.39,74,United Kingdom
537947,93,2,2026-06-04 15:31:05,105.3,35,Switzerland
537716,4,12,2026-06-28 00:00:21,14.87,8,United Kingdom
537849,107,14,2026-05-06 08:08:34,128.72,94,Belgium
537243,129,4,2026-05-28 04:48:00,90.03,20,Switzerland
537187,127,20,2026-06-24 11:12:06,237.74,69,United Kingdom
537589,1,4,2026-06-24 00:39:11,133.15,105,Netherlands
536746,25,19,2026-07-04 13:27:51,47.73,98,Spain
536501,119,9,2026-04-22 21:18:47,213.56,101,Germany
536707,75,15,2026-07-12 16:16:29,51.02,58,United States
538081,59,2,2026-06-13 17:36:51,177.42,50,Netherlands
537631,126,12,2026-06-11 13:59:00,76.5,11,United Kingdom
537123,15,9,2026-04-30 18:07:37,102.54,5,France
536807,24,9,2026-05-08 02:56:44,192.25,124,United States
536699,44,18,2026-06-16 10:15:52,50.86,54,France
536597,128,17,2026-05-04 11:38:10,183.11,34,Switzerland
536620,116,1,2026-07-07 07:23:02,12.15,62,Netherlands
538318,112,19,2026-04-17 04:34:49,236.09,4,NETHERLANDS
536415,56,14,2026-04-18 11:03:52,114.53,19,Germany
538088,66,1,2026-04-30 07:27:31,176.29,17,U.S.A
537135,11,18,2026-05-14 15:33:01,136.64,124,Germany
537725,123,20,2026-06-06 20:48:34,62.87,7,Germany
538590,40,15,2026-06-19 20:40:29,86.04,124,Germany
537344,3,1,2026-06-18 21:54:21,144.39,112,United Kingdom
C538195,29,-6,2026-05-13 09:29:42,167.89,37,Spain
536737,50,5,2026-06-20 08:44:25,217.86,99,Spain
538298,59,4,2026-05-06 05:40:15,33.39,125,ITALY
536868,99,16,2026-07-10 02:10:00,90.68,101,BELGIUM
537469,128,19,2026-05-13 16:33:22,202.82,28,Italy
538330,45,2,2026-05-17 11:21:20,111.35,39,United States
536661,28,6,2026-06-15 20:56:47,55.88,56,United Kingdom
538185,97,2,2026-07-08 01:00:26,130.42,48,United Kingdom
536456,16,18,2026-06-01 00:01:51,226.01,121,Portugal
538224,109,15,2026-06-15 05:57:58,228.16,57,United States
537040,64,3,2026-05-01 23:42:16,85.51,77,Portugal
537058,7,5,2026-06-28 15:39:16,247.14,49,Netherlands
538123,60,10,2026-06-05 12:26:24,204.86,97,United States
537053,76,13,2026-06-19 12:18:54,193.82,114,Spain
538372,68,7,2026-04-25 12:03:46,9.13,56,Netherlands
536757,2,5,2026-05-09 04:29:24,193.05,32,Netherlands
537951,84,13,2026-06-14 09:29:13,226.28,91,Portugal
538413,52,17,2026-07-06 11:00:50,3.81,17,Portugal
537532,61,2,2026-04-29 02:30:36,70.23,102,France
536601,80,7,2026-05-05 20:44:57,82.26,120,France
538496,115,15,2026-05-08 08:46:54,74.19,66,United Kingdom
537140,98,5,2026-05-21 14:25:07,214.01,8,Belgium
537719,59,15,2026-06-18 13:41:18,197.99,94,Germany
C536538,65,-5,2026-05-16 16:21:08,210.33,14,France
536481,116,20,2026-06-19 21:04:02,16.24,,Switzerland
538086,43,15,2026-04-19 00:07:45,11.56,46,Netherlands
537058,11,11,2026-05-31 18:58:59,96.72,49,Netherlands
536754,44,12,2026-05-27 15:40:26,242.52,45,Germany
537629,29,16,2026-06-22 21:30:27,229.18,84,Portugal
537271,83,14,2026-04-18 02:47:00,25.32,103,Switzerland
537903,109,8,2026-05-19 09:34:32,190.08,82,United Kingdom
538412,58,8,2026-05-30 05:40:31,85.61,69,Frnace
538062,111,6,2026-07-11 04:38:50,246.23,61,BELGIUM
537427,89,9,2026-06-28 17:48:20,135.77,96,Germany
537345,108,2,2026-05-23 08:17:54,107.23,67,Spain
536866,27,5,2026-07-09 06:13:18,199.83,52,Germany
537278,29,12,2026-04-28 23:52:27,50.67,114,Italie
537029,130,9,2026-04-27 20:14:17,134.12,38,italy
538355,36,7,2026-06-19 04:40:47,66.14,105,ITALY
537487,114,1,2026-06-20 13:55:40,100.67,37,United States
536795,110,5,2026-05-26 16:34:46,235.03,68,Spain
537342,44,15,2026-07-10 23:11:30,12.82,,Belgium
C538187,60,-17,2026-05-08 09:37:50,248.13,46,Switzerland
537751,34,2,2026-04-14 05:39:11,101.88,126,Germany
536420,44,3,2026-07-08 20:10:16,129.09,11,Belgium
538282,89,18,2026-07-08 00:54:06,40.93,8,Italy
537109,83,4,2026-06-09 02:25:33,116.67,113,Italy
537219,13,5,2026-07-11 13:14:05,221.87,102,Portugal
538507,39,20,2026-06-21 16:50:58,214.75,19,France
537619,115,13,2026-04-20 19:39:05,140.98,78,Germany
537845,116,16,2026-06-15 00:40:49,233.64,77,Netherlands
C537300,63,-17,2026-06-04 09:51:32,38.4,33,Portugal
C538504,130,-19,2026-06-05 06:36:05,50.54,111,Italy
537707,118,20,2026-05-28 07:37:31,12.17,97,United Kingdom
537335,35,2,2026-05-14 07:57:31,32.12,60,Germany
537320,47,13,2026-06-15 11:45:59,15.3,16,United States
538171,8,3,2026-05-16 19:09:39,143.72,67,France
538092,31,5,2026-06-02 18:02:57,223.88,11,Portugal
536513,98,12,2026-07-13 03:22:46,49.09,73,Spain
538220,107,6,2026-06-21 17:03:12,104.44,98,Italy
536463,51,11,2026-06-09 17:09:25,59.81,121,Italy
536568,1,17,2026-05-02 22:10:48,204.4,78,FRANCE
C538352,117,-11,2026-07-09 12:44:38,129.97,32,Italy
538378,114,20,2026-07-11 18:18:36,158.36,105,Belgium
536832,85,2,2026-06-17 20:09:28,61.2,29,Switzerland
536390,98,11,2026-04-28 18:32:03,10.09,31,switzerland
536367,41,14,2026-07-06 09:48:53,87.04,9,France
538214,60,1,2026-05-20 22:06:57,48.67,21,France
538574,42,9,2026-05-15 12:56:48,31.55,128,Italy
537566,65,10,2026-07-02 00:34:44,170.96,109,United States
537573,96,5,2026-04-21 04:48:14,94.11,105,Portugal
538510,85,16,2026-05-01 21:11:06,241.76,19,Germany
536530,70,13,2026-04-22 04:37:18,173.41,69,Germany
538474,95,19,2026-06-28 05:23:48,77.75,34,Switzerland
538571,34,19,2026-07-09 13:31:48,23.41,84,FRANCE
C536778,45,-17,2026-06-17 06:56:13,42.61,39,United Kingdom
536701,8,16,2026-04-19 11:05:32,109.69,17,Germany
537285,7,9,2026-05-23 17:55:28,81.1,119,GERMANY
537865,47,8,2026-05-13 21:20:33,93.15,1,Italy
538342,52,5,2026-07-01 10:26:16,180.72,51,Netherlands
538314,49,20,2026-04-18 17:09:51,53.43,21,United States
536874,48,16,2026-05-13 20:42:46,37.53,69,Germany
537574,79,15,2026-05-13 13:17:54,217.3,62,Switzerland
537869,76,12,2026-05-10 18:49:50,207.52,61,SWITZERLAND
537752,55,13,2026-05-15 06:46:16,223.23,2,Portugal
538201,115,10,2026-06-12 09:48:10,112.06,33,portugal
537381,73,8,2026-06-09 11:37:44,22.48,125,France
536705,66,12,2026-06-30 16:28:20,106.99,33,Portugal
536937,8,20,2026-06-30 21:04:52,12.58,39,Netherlands
537691,35,18,2026-07-12 01:38:09,234.06,25,Netherlands
538000,97,20,2026-05-30 14:11:34,157.78,30,France
536473,83,20,2026-06-20 10:08:28,236.98,35,Spain
536663,86,14,2026-06-23 07:35:12,219.56,61,netherlands
538067,89,1,2026-07-07 05:01:22,210.61,63,France
536751,40,5,2026-07-08 04:26:06,38.24,90,Switzerland
537174,119,1,2026-05-08 18:02:49,174.64,12,United States
C537904,68,-14,2026-06-24 03:14:28,18.48,107,Spain
537283,86,8,31/02/2026,99.56,9,france
537109,54,12,2026-06-23 10:36:46,167.83,113,Italy
536395,20,6,2026-07-02 06:21:07,3.66,98,Netherlands
536407,52,5,2026-06-14 15:50:24,197.27,107,united kingdom
537312,59,2,2026-04-24 06:39:36,113.51,99,Spain
537771,121,2,2026-05-24 16:18:30,4.71,60,United States
537967,106,1,2026-05-02 06:01:54,13.32,105,italy
537877,41,13,2026-06-04 11:09:08,148.95,85,United Kingdom
538375,75,16,2026-06-07 18:03:52,221.93,104,Portugal
537923,113,19,2026-06-10 16:58:46,38.4,91,united states
537902,21,15,2026-04-20 11:27:19,18.59,29,United Kingdom
538207,54,2,2026-05-26 17:56:22,121.13,66,United Kingdom
536723,103,11,2026-06-12 17:35:46,5.96,43,United Kingdom
537336,109,,2026-07-05 21:31:18,113.8,24,Switzerland
538015,18,10,2026-05-16 07:34:23,243.53,53,United States
536420,118,12,2026-06-01 12:19:45,24.77,11,belgium
537715,27,12,2026-04-24 12:00:19,45.13,103,Netherlands
538087,41,,2026-06-08 13:27:42,171.47,60,Switzerland
536877,89,4,2026-05-31 23:15:27,119.29,51,Switzerland
537028,96,11,2026-07-09 02:09:51,3.68,47,Belgium
537756,70,,2026-06-10 15:12:26,218.29,9,portugal
537574,24,9,2026-05-17 20:04:10,115.08,62,Switzerland
538005,15,8,2026-05-09 22:01:17,87.23,54,Belgium
536886,66,13,2026-05-29 12:27:58,10.97,118,Switzerland
537704,73,20,2026-06-21 05:07:22,114.27,85,Germany
537624,42,8,2026-05-02 22:53:41,50.57,9146,UK
536786,3,5,2026-06-08 03:10:54,213.71,63,Portugal
536674,77,5,2026-06-30 15:18:32,246.09,127,Portugal
537364,16,8,2026-05-17 18:24:54,153.68,56,Belgium
537257,81,4,2026-04-18 07:50:13,103.3,47,SWITZERLAND
536386,6,19,2026-05-30 20:41:04,96.95,71,Portugal
538333,130,8,2026-04-24 05:37:55,105.26,57,Belgium
538346,15,15,2026-06-13 22:13:15,81.45,122,Spain
538404,15,18,2026-07-11 04:30:47,75.35,24,Portugal
538054,82,11,2026-06-19 13:57:51,181.45,63,spain
537160,23,11,2026-06-14 21:02:17,48.92,19,Belgium
536594,115,10,2026-04-16 15:18:34,157.73,39,United Kingdom
538257,76,10,2026-06-28 20:36:26,59.13,43,United States
538371,58,8,2026-04-20 21:42:29,101.42,16,Italy
537187,105,5,2026-06-09 04:56:11,160.95,69,United Kingdom
538393,45,14,2026-05-15 10:40:23,48.41,31,Pays-Bas
537261,98,16,2026-07-07 16:06:02,24.64,55,Italy
538219,98,2,2026-06-21 19:39:26,94.17,68,Portugal
538182,67,13,2026-06-30 22:57:50,243.66,58,Belgium
537149,34,7,2026-04-24 15:12:00,208.42,16,Spain
537247,78,3,2026-05-18 19:14:22,191.82,106,Belgium
C538398,40,-6,2026-06-23 22:38:47,51.1,35,France
537107,94,13,2026-05-04 16:12:49,183.11,9192,France
538157,51,2,2026-05-03 06:48:42,132.79,58,Netherlands
537721,51,9,2026-05-31 19:48:08,174.22,65,Belgium
537317,36,18,2026-06-05 17:12:57,193.3,83,Allemagne
536824,37,8,2026-06-05 11:23:19,45.18,67,Switzerland
536746,58,1,2026-04-17 14:49:53,147.95,98,Espagne
538382,113,9,2026-05-21 04:34:59,171.69,6,Italy
538180,127,7,2026-06-11 22:01:49,38.56,30,Spain
538323,84,19,2026-06-27 00:41:59,46.5,26,Belgium
537605,46,17,2026-06-23 17:45:33,80.21,111,Switzerland
537114,1,7,2026-05-09 01:10:36,179.77,74,Belgium
538558,34,1,2026-05-19 12:12:57,144.12,87,United Kingdom
536696,37,12,2026-06-13 02:42:43,136.49,33,Spain
538228,100,11,2026-04-30 17:17:38,136.36,53,Portugal
536838,98,13,2026-07-03 02:26:17,112.67,99,Spain
537635,32,3,2026-04-28 16:49:49,109.05,96,Italy
538160,90,12,2026-05-27 15:34:04,244.58,62,Netherlands
538282,51,3,2026-05-30 03:52:24,93.28,8,Italy
536826,91,5,2026-05-27 01:22:15,118.57,114,France
538017,77,20,2026-04-30 18:10:12,91.48,35,Netherlands
537005,93,13,2026-05-06 20:46:55,8.06,7,Switzerland
C538187,125,-12,2026-05-10 00:25:53,57.14,46,Switzerland
536922,111,14,2026-06-01 14:23:46,16.99,75,United States
537947,129,16,2026-04-18 14:46:50,249.03,35,Switzerland
536712,71,7,2026-05-15 04:53:42,177.29,,SPAIN
538013,130,12,2026-07-13 23:45:21,75.09,60,France
536749,22,9,2026-06-21 01:30:38,170.1,103,netherlands
537948,79,14,2026-07-10 22:22:33,215.63,123,United Kingdom
536654,83,2,2026-05-03 13:55:49,9.95,91,Spain
C538462,38,-17,2026-06-20 01:49:24,114.33,120,BELGIUM
537071,32,2,2026-06-30 03:34:51,28.31,37,Switzerland
538249,56,8,2026-04-22 18:49:55,155.19,27,U.S.A
537043,71,15,2026-07-07 17:01:51,166.79,31,USA
538393,6,16,2026-06-13 18:14:13,165.23,31,Netherlands
537622,67,13,2026-06-17 15:40:53,133.52,90,Belgium
538283,70,19,2026-05-03 12:08:01,241.42,80,Switzerland
537528,29,11,2026-05-22 11:56:57,75.32,38,Portugal
C538482,57,-1,2026-07-12 05:45:26,33.27,43,United States
536869,80,11,2026-05-24 23:52:56,26.24,96,United Kingdom
537478,110,11,2026-07-09 12:21:20,17.43,74,United States
538589,28,20,2026-04-23 10:34:29,226.04,66,Switzerland
537474,63,7,2026-05-24 01:31:28,95.3,39,France
537745,8,16,2026-05-26 23:21:53,21.92,24,Suisse
536645,33,7,2026-07-05 16:37:00,35.16,30,Belgium
537510,110,16,2026-07-11 12:48:07,173.45,32,Spain
538576,89,17,2026-06-18 12:23:37,142.29,26,France
537631,69,13,2026-06-25 10:11:04,105.52,11,united kingdom
537353,53,19,2026-05-23 21:20:07,105.43,113,United States
536491,22,8,2026-06-12 21:57:57,139.69,114,United States
538474,13,20,2026-07-11 14:08:17,216.48,34,Switzerland
537226,29,16,2026-06-01 04:37:21,28.2,75,France
536501,28,5,2026-04-15 18:09:56,29.1,101,Germany
538360,49,19,2026-05-22 04:50:38,9.66,91,France
538368,2,3,2026-05-20 18:15:06,184.92,102,Switzerland
537964,9642,8,2026-05-25 22:20:43,81.83,2,France
536707,68,6,2026-05-21 16:47:37,86.93,58,United States
537441,9386,19,2026-05-10 18:13:27,35.23,86,France
537006,41,3,2026-05-06 15:55:36,155.02,51,France
537651,54,12,2026-05-05 19:20:18,106.73,50,Netherlands
536471,84,13,2026-07-06 09:16:30,6.05,100,Italy
537244,128,6,2026-05-15 22:20:31,184.4,77,Italy
536555,49,1,2026-07-04 21:15:18,178.16,105,Spain
538183,44,2,2026-04-19 12:17:20,140.76,27,United Kingdom
538135,63,18,2026-05-28 11:39:18,114.13,7,Italy
538192,21,15,2026-05-23 03:50:34,68.09,6,United States
536425,39,11,2026-06-18 06:56:38,23.13,86,Germany
537723,65,16,2026-05-01 22:02:22,246.71,27,Netherlands
C537829,11,-9,2026-05-02 13:48:32,203.42,70,Portugal
537458,90,13,2026-05-24 21:52:56,54.43,111,Netherlands
538369,97,1,2026-06-16 01:10:47,201.3,76,Germany
537688,83,2,2026-05-26 08:18:26,40.92,42,Netherlands
538110,85,3,2026-06-29 06:00:29,47.47,101,Belgium
536504,76,16,2026-05-13 20:42:52,0,71,Spain
537714,96,9,2026-07-03 11:10:05,23.55,,Germany
536697,126,13,2026-06-02 12:41:06,135.92,72,Belgium
538013,5,20,2026-05-02 05:22:01,229.75,60,France
538269,7,15,2026-04-29 20:42:43,83.32,126,United Kingdom
538112,13,7,2026-05-25 14:55:17,40.95,47,Portugal
537865,119,3,2026-04-16 15:05:03,193.83,1,Italy
538351,49,3,2026-06-06 15:17:43,197.05,44,United States
538165,93,6,2026-05-17 08:16:05,68.14,107,United States
537060,101,9,2026-07-01 13:38:38,209.22,118,Switzerland
537047,88,1,2026-06-04 00:59:18,121.81,108,Switzerland
537789,120,4,2026-05-22 20:18:56,240.89,3,Germany
536561,72,13,2026-05-09 01:57:41,57.86,9818,United Kingdom
536905,96,1,2026-06-24 11:13:34,142.73,110,BELGIUM
537641,83,20,2026-07-06 09:15:00,106.06,70,Netherlands
537069,55,4,2026-05-18 03:32:35,238.34,6,Italy
536803,6,10,2026-05-20 06:23:31,7.41,20,Switzerland
537071,35,14,2026-07-13 11:35:41,14.39,37,Switzerland
537010,95,10,2026-07-10 19:22:45,31.54,53,Allemagne
537322,38,16,2026-06-02 10:56:50,52.4,33,United States
537949,82,3,2026-07-08 14:32:22,234.55,68,france
538146,98,3,2026-06-07 12:48:09,68.47,116,GERMANY
538171,113,18,2026-05-19 03:25:25,205.52,67,France
537013,38,18,2026-07-04 03:58:13,69.59,3,Germany
537978,3,18,2026-06-29 01:03:37,233.47,15,Portugal
536661,15,16,2026-06-01 17:55:59,134.77,56,United Kingdom
538324,118,7,2026-06-13 18:38:46,191.73,17,Netherlands
537494,116,18,2026-06-20 04:19:13,67.78,27,Spain
537060,2,9,2026-06-05 04:37:29,157.52,118,Switzerland
537116,22,14,2026-06-21 14:31:01,108.27,72,France
538172,58,17,2026-05-18 00:13:39,202.25,18,GERMANY
536469,9,6,2026-05-10 17:54:54,232.41,122,Spain
538459,88,6,2026-04-26 17:51:23,143.81,122,Pays-Bas
538523,38,4,2026-06-06 17:24:35,214.89,38,United Kingdom
537498,3,15,2026-06-02 10:16:15,192.08,57,Spain
537576,123,10,2026-05-01 18:52:51,26.59,80,Netherlands
537498,2,18,2026-05-02 11:48:21,229.28,57,spain
537632,59,13,2026-05-10 02:45:28,16.68,44,France
536903,19,11,2026-05-08 01:18:56,244.36,121,United Kingdom
536511,67,4,2026-05-22 00:00:40,21.33,58,United Kingdom
536460,71,2,2026-05-06 23:19:05,140.51,9,Netherlands
538320,83,4,2026-06-04 08:22:59,231.21,11,United States
C538195,91,-6,2026-07-12 23:47:28,171.27,37,Spain
536665,31,1,2026-05-12 01:01:16,180.49,34,Switzerland
538156,9626,5,2026-04-23 16:44:13,178.15,128,France
537286,58,10,2026-07-05 13:42:14,75.4,2,Netherlands
538577,82,11,2026-05-27 13:22:53,49.45,35,France
537173,2,10,2026-06-28 10:31:33,224.41,9,Switzerland
536752,59,10,2026-05-08 21:14:01,160.0,120,Portugal
536418,37,1,2026-06-29 13:47:18,25.66,69,France
537496,66,12,2026-07-06 22:35:24,161.98,29,Germany
536845,58,19,2026-06-17 07:00:23,127.36,8,United Kingdom
536804,32,12,2026-06-25 03:30:49,234.61,78,Spain
536669,81,14,2026-05-24 10:15:39,223.49,68,Portugal
536949,118,14,2026-05-22 13:01:48,178.54,37,France
537329,102,11,2026-06-25 20:07:01,206.54,41,Netherlands
538164,93,1,2026-04-26 23:46:45,139.86,82,Netherlands
536513,40,2,2026-05-28 00:14:55,92.12,73,Spain
537565,54,1,2026-07-06 16:12:36,190.5,22,Switzerland
536591,36,6,2026-07-07 03:04:07,50.74,126,Netherlands
536596,23,16,2026-07-10 10:55:57,181.85,73,Switzerland
537522,8,9,2026-06-29 12:38:37,248.46,91,Switzerland
537006,98,12,2026-05-26 21:18:48,14.85,51,France
538121,96,7,2026-05-16 15:32:17,89.64,128,Allemagne
538576,24,17,2026-05-16 16:46:58,33.25,26,France
536514,122,19,,220.77,16,United Kingdom
538375,4,15,2026-05-26 15:50:52,191.91,104,PORTUGAL
536604,111,14,2026-06-23 05:38:57,143.1,27,Belgium
538274,107,5,2026-04-16 00:30:30,145.96,57,France
536881,109,18,2026-04-27 18:04:09,190.62,129,Italy
537554,35,10,2026-05-17 20:19:54,210.18,73,Germany
537252,88,14,2026-06-13 06:35:47,140.98,124,SPAIN
538337,30,14,2026-06-10 18:06:05,220.02,30,France
536770,47,10,2026-05-11 08:20:14,8.2,24,Netherlands
C536948,65,-12,2026-05-27 12:32:21,245.09,99,Spain
C536545,96,-1,2026-06-17 05:16:49,139.72,17,Switzerland
538265,59,3,2026-04-27 21:56:30,198.87,58,United States
537843,87,19,2026-04-22 21:55:36,13.13,21,Italy
538041,14,10,2026-04-27 03:19:45,6.49,33,Italy
536524,125,11,2026-04-20 07:15:36,158.87,106,France
538182,39,8,2026-04-21 07:56:54,131.58,58,Belgium
537313,117,9,2026-06-15 12:41:06,101.41,42,Germany
538181,94,12,2026-05-07 17:46:00,173.2,67,Germany
537216,101,7,2026-06-29 06:22:26,84.7,92,Portugal
537364,64,1,2026-06-18 13:18:02,48.11,56,Belgique
537045,95,17,2026-07-03 20:49:31,65.94,5,United States
538084,37,12,2026-06-04 16:45:18,162.95,119,Portugal
536615,56,20,2026-05-04 01:27:33,160.61,73,Spain
536911,121,1,2026-04-17 07:51:24,237.97,22,Belgium
538044,100,6,2026-07-08 11:39:08,210.86,65,United Kingdom
536543,9919,17,2026-05-22 21:05:20,201.3,122,Portugal
536889,64,6,2026-06-04 17:39:50,143.62,106,United States
538521,20,20,2026-05-12 14:13:20,96.64,17,Belgique
538495,74,13,2026-05-18 21:16:16,-6.34,95,portugal
537698,77,9,2026-06-24 18:59:46,80.22,120,Belgium
537691,107,4,2026-07-05 18:34:27,183.51,25,Netherlands
538372,112,10,2026-06-04 02:19:33,198.11,56,Netherlands
537533,93,8,2026-05-15 01:36:02,45.93,34,Netherlands
536938,26,17,2026-05-21 02:01:35,25.47,49,Belgium
537027,38,2,2026-06-04 03:39:04,221.4,48,Netherlands
536825,127,12,2026-05-17 06:40:35,167.92,75,Germany
536517,117,2,2026-05-15 04:31:15,229.75,26,United States
538574,42,9,2026-05-15 12:56:48,31.55,128,Italy
537753,6,11,2026-06-17 05:14:13,87.4,99,France
537400,125,19,2026-07-07 15:22:55,54.59,104,Spain
536630,94,12,2026-05-01 12:37:53,0,7,Netherlands
536590,7,20,2026-06-26 01:50:58,155.39,106,Spain
538157,51,19,2026-04-26 13:03:47,7.42,58,Netherlands
538579,29,19,2026-06-05 01:02:30,247.35,31,UK
536843,84,19,31/02/2026,94.73,66,Frnace
537659,76,9,2026-04-20 10:43:38,123.02,43,Portugal
536652,78,20,2026-04-21 14:37:55,156.94,84,United Kingdom
538058,78,20,2026-06-21 11:22:59,5.24,1,Frnace
537666,116,12,2026-07-04 17:34:45,60.73,116,France
537708,29,1,2026-04-28 08:02:39,212.97,122,United Kingdom
537355,2,18,2026-06-17 19:14:57,107.45,21,SWITZERLAND
537742,123,19,2026-06-03 11:26:14,81.3,43,Italy
537447,54,16,2026-05-11 02:32:50,35.31,61,Switzerland
537087,23,13,2026-06-12 22:33:02,170.65,,Belgium
538413,12,12,2026-06-28 10:59:36,179.99,17,Portugal
537233,58,6,2026-07-12 02:43:56,18.87,70,Switzerland
537105,43,11,2026-05-02 18:25:37,164.37,56,Switzerland
537344,29,7,2026-06-29 05:40:59,245.81,112,U.K.
C537829,9,-16,2026-06-02 21:09:26,132.67,70,Portugal
537383,87,8,2026-05-19 11:02:04,145.42,36,United States
538095,14,15,2026-06-20 06:50:52,205.11,111,Switzerland
536557,100,1,2026-07-10 18:25:15,201.68,14,U.K.
537287,90,4,2026-05-27 19:48:18,97.42,5,Switzerland
536516,125,19,2026-05-31 12:24:50,153.41,26,Germany
537800,5,10,2026-06-06 07:01:50,156.21,11,Netherlands
536983,89,14,2026-07-09 20:15:59,45.97,38,Italy
536671,28,11,2026-06-29 10:56:53,40.98,25,Italy
536911,83,2,2026-07-01 03:32:21,37.76,22,Belgium
537590,5,20,2026-05-20 13:11:01,237.43,88,Belgium
537418,9832,8,2026-05-02 15:32:06,119.47,40,United States
536769,46,9,2026-05-01 14:46:46,242.99,76,Italy
538313,113,10,2026-04-28 16:07:13,30.75,108,France
537101,75,14,2026-05-05 20:17:29,39.98,126,United Kingdom
536900,50,13,2026-06-19 08:07:48,197.1,88,PORTUGAL
538473,107,1,2026-04-24 09:05:52,229.18,9,United States
538264,124,10,2026-06-03 20:07:21,113.24,49,Suisse
538399,83,13,2026-04-30 18:09:26,219.57,89,Netherlands
537105,48,1,2026-04-28 10:25:39,83.48,56,Switzerland
538545,20,9,2026-05-24 22:03:48,82.23,48,Portugal
537677,36,7,2026-05-17 16:45:45,134.12,15,Germany
537325,41,20,2026-04-15 03:27:05,221.11,110,Switzerland
538552,17,19,2026-05-23 15:40:22,238.73,42,Germany
538044,92,3,2026-07-02 23:09:33,28.58,65,United Kingdom
537866,86,11,2026-07-03 01:07:33,185.59,76,United States
538484,95,1,2026-06-10 09:56:24,154.85,15,ITALY
538086,26,16,2026-05-11 05:29:33,227.39,46,Netherlands
537572,103,11,2026-06-06 21:48:53,248.42,4,France
536746,54,4,2026-07-03 01:30:22,47.62,98,Spain
536627,88,8,2026-05-22 22:34:17,221.94,117,United Kingdom
537117,29,2,2026-04-21 09:14:00,140.07,2,United States
538037,113,5,2026-06-18 00:52:16,3.18,94,Switzerland
537769,32,5,2026-05-15 17:45:13,87.62,123,Italy
536559,66,18,2026-04-26 05:13:07,203.85,90,Italy
536691,95,4,2026-06-01 19:35:21,151.6,109,Netherlands
538069,91,5,2026-07-09 00:07:11,30.33,43,Spain
538107,17,4,2026-06-03 17:02:06,178.95,112,United States
537218,5,10,2026-04-16 09:04:08,60.3,50,Spain
537051,31,7,2026-04-25 14:07:57,93.56,34,Spain
537564,19,14,2026-05-12 05:20:23,190.87,78,Portugal
538486,37,9,2026-07-05 05:42:05,194.89,22,Italy
537943,67,19,2026-05-29 22:22:42,45.49,17,Spain
537149,23,20,2026-06-29 20:50:39,136.49,16,SPAIN
537058,130,10,2026-05-02 20:12:19,188.87,49,Netherlands
537627,37,17,2026-05-22 03:25:09,201.13,63,Germany
536537,83,4,2026-05-02 12:28:34,190.91,46,Portugal
537369,18,10,2026-07-03 08:25:46,186.07,45,France
538207,19,12,2026-05-24 00:21:35,0,66,United Kingdom
537896,35,3,2026-06-17 02:37:22,12.81,127,Belgium
537127,75,17,2026-06-04 08:49:53,10.54,44,Germany
536922,93,8,2026-06-27 23:49:40,217.73,75,United States
536976,7,10,2026-06-10 12:15:30,6.05,56,portugal
538078,100,11,2026-05-03 14:32:37,145.02,116,netherlands
536992,123,3,2026-05-18 02:54:13,242.8,130,United States
536376,49,10,2026-06-18 14:24:23,56.77,125,United Kingdom
C537227,29,-13,2026-06-08 06:31:58,46.51,39,United Kingdom
537837,81,19,2026-07-09 03:35:47,56.26,129,Spain
536685,15,17,2026-05-07 00:13:57,243.25,39,Switzerland
537150,101,6,2026-07-09 05:29:23,236.09,128,France
537427,121,9,2026-05-04 14:27:15,99.03,96,Germany
536863,9434,6,2026-06-09 20:29:59,51.75,21,Germany
537909,49,8,2026-07-08 22:30:26,147.13,104,Spain
538503,97,16,2026-05-12 20:13:28,148.79,48,Germany
538282,124,6,2026-06-19 04:23:15,73.36,8,Italy
537879,63,19,2026-05-06 18:06:21,163.8,86,France
536432,86,5,2026-05-15 17:32:59,13.95,6,Belgium
536928,114,2,2026-05-14 10:00:23,63.74,38,Italy
538155,34,5,2026-04-23 15:17:40,233.48,108,United Kingdom
536531,113,2,2026-04-26 02:40:15,18.64,,Italy
538542,11,7,2026-07-02 01:48:50,93.44,68,Switzerland
537090,116,9,2026-06-16 19:52:48,96.97,65,Portugal
536686,104,15,2026-06-03 06:22:38,162.04,81,Italie
537157,25,18,2026-07-06 03:03:53,169.22,48,germany
537252,109,6,2026-05-05 07:43:33,48.51,124,Spain
537646,96,3,2026-04-17 18:32:21,35.5,14,Spain
536618,88,3,2026-05-28 09:17:06,210.77,86,Spain
537330,9010,14,2026-06-17 00:30:06,212.08,108,Netherlands
537975,63,13,2026-04-23 01:46:56,160.38,19,United States
538479,130,4,2026-06-30 09:36:14,5.07,50,Spain
536536,88,10,2026-05-30 19:00:32,114.85,83,Portugal
537333,16,4,2026-05-10 18:58:45,155.69,85,Italy
537557,6,15,2026-05-09 15:33:52,69.44,85,Italy
536463,126,15,2026-05-21 00:38:40,44.55,121,Italy
537877,126,9,2026-05-25 06:10:32,121.57,85,United Kingdom
536912,44,6,2026-06-30 01:51:06,27.73,96,Spain
536954,83,10,2026-07-09 05:18:27,178.72,47,Netherlands
538534,129,16,2026-04-24 00:50:22,26.95,94,Switzerland
536476,90,10,2026-07-09 20:29:02,87.74,30,United Kingdom
538271,48,13,2026-04-27 03:56:40,164.55,31,France
537195,32,7,2026-05-01 13:53:55,191.48,46,United Kingdom
536419,79,2,2026-07-04 07:03:07,57.47,,Italy
537311,59,15,2026-05-02 07:34:15,30.65,85,Italy
537528,77,8,2026-05-14 05:41:09,110.66,38,Portugal
537383,21,15,2026-05-20 02:00:49,188.43,36,United States
538538,105,4,2026-04-29 04:28:06,92.55,91,Germany
536784,23,16,2026-05-04 02:58:27,26.25,11,Belgium
537857,84,16,2026-05-07 10:14:21,126.86,35,Spain
536403,26,,2026-06-12 06:41:51,44.09,37,Belgium
538301,102,3,2026-06-20 14:16:57,139.65,,United Kingdom
538322,90,14,2026-06-28 22:25:29,218.09,37,Belgium
536771,87,3,2026-06-27 10:16:50,52.97,26,Belgium
537954,34,16,2026-06-01 10:23:37,203.86,9805,France
537773,96,4,2026-05-04 05:57:49,120.95,125,Portugal
538340,31,19,2026-07-07 19:58:07,220.32,9168,PORTUGAL
538090,39,,2026-07-01 07:07:46,63.89,90,Italy
536754,94,5,2026-06-02 23:33:33,129.88,45,Allemagne
537352,59,8,2026-04-27 07:41:15,112.72,87,france
537288,108,5,2026-05-17 18:50:20,55.83,9009,United Kingdom
536527,6,2,2026-06-16 16:21:15,173.37,66,Portugal
537978,116,1,2026-06-15 19:18:59,35.94,15,Portugal
536387,7,3,2026-05-03 21:49:48,161.76,57,Spain
536967,88,19,2026-06-12 17:10:36,199.07,122,Spain
536700,120,16,2026-06-30 11:48:23,92.28,71,Germany
537739,25,3,2026-05-08 06:58:52,153.73,89,United Kingdom
537327,97,19,2026-05-10 11:57:37,58.3,7,Germany
538471,45,9,2026-05-08 18:18:01,113.38,9616,SPAIN
537799,86,17,2026-05-02 07:54:37,11.58,72,Suisse
538159,130,18,2026-06-19 10:12:13,102.25,61,Germany
536855,101,20,2026-06-30 11:24:51,91.21,90,Netherlands
536401,39,15,2026-04-21 09:55:05,136.03,69,France
537338,27,10,2026-04-23 12:04:41,61.73,36,Allemagne
537320,101,17,2026-06-10 14:50:47,102.5,16,United States
536740,94,5,2026-04-29 20:04:16,131.38,109,Italy
538503,93,4,2026-05-18 21:38:10,175.04,48,GERMANY
536694,84,6,2026-07-12 12:16:42,9.71,83,Belgium
538551,30,5,2026-05-18 09:23:29,109.54,84,Italy
536943,66,13,2026-06-02 02:10:19,73.35,70,Belgium
538400,91,9,2026-07-10 22:46:09,103.09,45,Italy
538167,127,12,2026-07-05 09:34:26,43.31,21,SPAIN
538377,5,14,2026-05-14 00:49:25,48.74,16,Netherlands
536689,106,3,2026-06-29 06:55:29,25.79,38,Belgium
538564,22,8,2026-04-22 23:32:20,183.9,69,Switzerland
536815,45,9,2026-05-02 17:38:02,227.85,116,Portugal
537674,115,1,2026-05-03 02:45:37,28.1,100,Netherlands
537239,91,18,2026-07-05 05:25:39,173.21,49,germany
537893,27,14,2026-06-03 08:33:14,80.11,101,Belgium
538470,51,6,2026-07-02 12:00:03,13.15,92,switzerland
537906,117,19,2026-05-09 07:55:06,77.95,94,Italy
538172,87,20,2026-04-28 21:05:09,39.76,18,Germany
537203,88,11,2026-04-19 07:13:36,108.78,82,Spain
536924,111,1,2026-05-17 15:00:16,56.36,26,Switzerland
538579,22,6,2026-06-14 05:21:47,93.35,31,United Kingdom
538098,38,9,2026-07-04 23:37:37,223.66,6,Pays-Bas
537408,100,7,2026-05-04 22:43:11,221.25,69,Switzerland
537480,6,2,2026-06-03 11:22:45,10.14,80,United States
537962,38,15,2026-06-16 20:09:21,88.62,18,United Kingdom
537819,128,19,2026-06-03 00:29:58,189.41,90,italy
536675,30,15,2026-07-05 21:43:01,47.35,76,Switzerland
536870,50,20,2026-05-10 19:57:26,185.15,8,Netherlands
537419,83,9,2026-07-09 13:24:43,20.44,115,Switzerland
537631,5,4,2026-05-26 06:53:30,90.81,11,United Kingdom
537356,7,13,2026-05-06 20:20:51,150.91,5,Germany
537206,18,12,2026-07-11 06:03:59,211.01,8,Portugal
537707,109,19,2026-07-06 03:37:18,7.29,97,UK
538144,105,13,2026-06-21 15:14:26,248.85,105,Portugal
536727,43,7,2026-05-18 16:40:38,63.5,24,United Kingdom
538479,84,6,2026-04-28 07:38:00,81.63,50,Espagne
537719,115,13,2026-06-26 06:25:28,134.79,94,Germany
537044,46,14,2026-06-26 15:35:41,192.96,63,Netherlands
537873,43,5,2026-06-29 22:13:13,12.12,79,Belgium
537323,67,5,2026-05-19 01:37:57,211.73,116,Belgium
538285,51,9,2026-07-07 06:59:00,66.25,130,United Kingdom
536590,123,5,2026-07-08 06:20:12,127.07,106,Spain
538110,53,8,2026-04-29 04:20:53,83.9,101,Belgique
538030,84,19,2026-04-26 12:30:08,130.31,123,United Kingdom
536487,55,16,2026-06-04 22:45:49,22.25,52,United Kingdom
536787,71,13,2026-07-06 01:00:44,23.18,55,Italie
538391,105,3,2026-04-29 19:20:05,70.15,59,United States
538010,14,5,2026-04-26 03:36:53,17.87,84,United Kingdom
537826,108,3,2026-04-21 22:29:15,11.63,128,United States
536902,121,2,2026-07-01 03:05:22,195.96,66,Spain
538041,70,16,2026-05-31 14:05:27,195.01,33,Italy
537968,12,18,2026-04-28 01:54:40,22.14,34,United States
C537970,80,-10,2026-04-25 03:38:16,101.61,130,U.K.
537371,122,12,2026-04-24 23:58:01,63.76,67,portugal
536918,39,19,2026-07-04 02:03:38,215.4,91,Portugal
536711,111,14,2026-06-30 04:35:52,93.78,59,Switzerland
538032,88,5,2026-04-26 18:08:16,211.82,40,Spain
537930,88,7,2026-06-29 06:38:25,219.02,113,Portugal
536662,99,10,2026-06-07 20:45:43,160.82,62,Spain
538132,121,15,2026-05-28 01:48:46,57.21,38,Netherlands
538153,25,17,2026-06-10 04:23:31,6.88,57,United States
536738,115,4,2026-06-26 06:57:39,122.1,120,United Kingdom
538123,38,5,2026-06-20 13:56:48,198.92,97,U.S.A
C536564,66,-12,2026-06-03 09:52:15,7.9,128,United Kingdom
536901,107,9,2026-05-05 00:57:44,59.49,122,Switzerland
536776,5,12,2026-06-03 05:26:46,140.92,9357,Portugal
537264,19,15,2026-05-20 10:13:20,187.06,77,Switzerland
537000,71,17,2026-06-08 09:44:00,143.16,9437,Germany
538273,77,14,2026-06-11 23:46:16,190.91,63,France
537310,28,16,2026-04-17 10:44:41,187.64,30,United States
538073,74,9,2026-06-14 23:14:39,119.22,28,Italy
537678,93,11,2026-05-03 07:31:39,181.99,63,Belgium
537226,65,12,2026-07-08 22:42:03,47.02,75,France
537137,123,12,2026-05-18 23:59:17,63.86,80,Germany
537184,101,5,2026-06-28 22:05:53,23.78,99,United States
537436,1,10,2026-04-25 08:12:56,118.8,88,Germany
537027,84,14,2026-06-07 14:19:39,165.63,,netherlands
537430,20,1,2026-04-25 15:53:01,37.47,99,United Kingdom
538172,59,2,2026-06-23 13:44:27,162.12,18,GERMANY
537688,66,5,2026-04-21 06:39:18,34.82,42,netherlands
537433,97,2,2026-04-15 21:51:48,30.18,7,Switzerland
537614,6,13,2026-06-11 19:46:39,196.8,103,Spain
538329,71,14,2026-06-05 06:15:53,144.33,65,Portugal
537626,65,17,2026-04-22 04:57:18,221.79,98,Spain
537513,113,4,2026-05-17 02:05:12,223.31,7,Italy
537271,63,7,2026-05-27 01:33:35,-1.14,103,Switzerland
536967,25,13,2026-05-20 11:04:54,188.3,122,Spain
537724,35,19,2026-04-17 04:37:05,247.81,119,Pays-Bas
537348,76,18,2026-05-22 04:21:04,94.32,43,Italy
537494,56,16,2026-07-13 21:18:24,79.64,27,Spain
536718,46,20,2026-07-06 12:28:59,184.11,107,United States
537270,129,4,2026-05-18 10:52:13,13.55,122,Spain
537412,69,4,2026-06-06 06:57:30,54.81,4,Switzerland
537375,70,16,2026-07-02 19:01:35,109.52,48,Spain
537489,116,19,2026-07-06 08:01:56,97.11,55,belgium
537033,18,3,2026-04-24 05:00:07,245.75,42,Italy
536580,60,18,2026-05-12 21:57:46,98.18,25,Germany
538438,110,1,2026-06-16 04:15:12,198.64,,Netherlands
537302,99,1,2026-06-24 07:49:09,29.45,58,Spain
538499,92,13,2026-06-17 05:06:10,113.61,9374,Switzerland
538176,71,4,2026-04-28 01:32:40,174.79,12,Netherlands
538072,86,2,2026-06-10 14:22:57,189.23,82,France
536630,54,3,2026-06-14 10:48:20,156.25,7,Netherlands
537037,30,19,2026-05-21 15:01:28,36.54,87,Belgium
537563,62,18,2026-05-31 01:08:10,82.96,46,Portugal
536648,98,14,2026-07-04 14:16:08,55.93,18,Germany
537897,73,15,2026-06-11 02:16:11,201.67,14,France
537585,67,7,2026-07-07 13:13:41,11.71,116,BELGIUM
538246,73,6,2026-07-06 21:51:32,243.35,55,Netherlands
538138,34,12,2026-04-25 17:58:05,244.37,114,Netherlands
537969,67,1,2026-05-26 17:30:40,116.83,101,United Kingdom
536555,81,14,2026-07-11 05:03:22,92.48,105,Spain
538534,28,20,2026-04-19 14:11:31,117.42,94,Switzerland
537591,69,20,31/02/2026,103.35,41,Portugal
536563,48,16,2026-06-16 15:36:45,107.71,88,Italy
537636,88,10,2026-04-24 11:17:38,156.79,61,Germany
538153,3,6,2026-06-17 21:23:30,64.63,9122,United States
537837,67,9,2026-05-05 13:28:27,222.52,129,Spain
538393,9889,9,2026-04-30 10:29:49,147.97,31,Netherlands
537420,103,3,2026-07-02 21:25:26,40.28,100,United Kingdom
537419,127,20,2026-07-03 17:32:22,17.35,115,Switzerland
536720,26,6,2026-06-30 23:27:58,75.65,119,Belgium
537913,66,20,2026-04-27 17:42:04,203.39,76,United States
538246,26,8,2026-05-28 22:12:21,159.04,55,Netherlands
536615,48,9,31/02/2026,75.76,73,Spain
538567,58,2,2026-05-07 23:46:29,210.39,58,Germany
536444,31,5,2026-04-26 12:27:05,243.85,104,Italy
537318,59,13,2026-04-19 14:14:14,7.66,119,United Kingdom
537376,92,3,2026-07-08 05:21:06,122.38,106,Italy
536487,78,6,2026-05-27 02:42:18,218.98,52,United Kingdom
537414,113,15,2026-05-25 20:11:26,119.38,12,United Kingdom
536915,110,1,2026-06-12 15:08:43,241.29,104,Netherlands
536751,9325,18,2026-07-05 07:46:53,69.95,90,Switzerland
537920,93,9,2026-05-13 14:36:30,197.73,59,italy
537437,118,17,2026-04-25 16:07:28,130.71,71,Belgium
536706,85,6,2026-05-26 16:12:04,28.9,92,Spain
537152,104,6,2026-07-10 08:08:09,3.87,26,FRANCE
536452,60,18,2026-04-19 17:51:05,185.46,23,Switzerland
537026,62,16,2026-05-19 07:11:09,110.53,82,Switzerland
538341,64,2,2026-05-06 01:19:48,97.25,83,Italy
537812,57,17,2026-07-03 11:53:55,34.51,30,Italy
537503,39,14,2026-04-26 00:48:22,5.2,63,Belgium
537353,122,19,2026-05-06 09:36:37,161.67,113,United States
537689,71,7,2026-04-15 04:55:44,248.95,70,United Kingdom
537650,1,18,2026-04-29 22:43:26,30.73,122,Portugal
537572,82,17,2026-05-23 07:27:45,56.11,4,FRANCE
537030,122,14,2026-06-01 13:21:23,232.47,12,spain
536542,48,17,2026-05-08 22:15:32,19.84,126,Switzerland
537705,7,12,2026-06-30 12:09:57,98.39,71,Netherlands
537565,95,5,2026-05-13 12:35:52,226.92,22,Suisse
537132,41,12,2026-05-07 23:02:05,146.26,58,Italy
537004,97,6,2026-05-17 06:29:10,197.65,98,France
537444,63,9,2026-04-27 01:58:27,166.48,14,Switzerland
536957,33,4,2026-06-06 20:13:45,0,86,Italy
537525,114,13,2026-05-07 22:53:34,42.47,66,Germany
538000,80,20,2026-06-24 15:10:48,28.3,30,France
538475,99,10,2026-04-15 15:30:04,54.92,107,France
537434,92,13,2026-05-27 13:00:55,223.73,18,Switzerland
536991,95,18,2026-07-03 20:36:49,29.26,59,Netherlands
536537,107,18,2026-06-25 03:12:06,73.62,46,Portugal
537914,118,9,2026-06-08 23:16:12,51.86,50,FRANCE
536716,64,17,2026-05-20 14:07:20,84.24,108,Netherlands
538114,52,13,2026-05-11 05:12:46,38.84,53,Belgium
536932,123,5,2026-05-03 15:27:24,18.75,15,Italy
537664,71,2,2026-06-17 22:43:18,202.25,1,Espagne
536390,108,16,2026-05-06 15:45:37,29.07,31,Suisse
536871,130,14,2026-06-16 06:48:10,45.72,44,Switzerland
536602,115,20,2026-07-03 08:32:08,90.84,27,United States
536750,45,17,2026-05-20 16:59:30,182.9,42,Belgium
537055,23,17,2026-07-11 00:39:59,39.51,12,Belgium
537742,61,5,2026-07-03 00:20:19,83.25,43,Italy
537506,33,,2026-07-04 17:47:00,3.65,43,netherlands
538582,46,4,2026-06-01 21:07:25,45.99,122,USA
537277,61,11,2026-04-28 21:06:51,135.8,72,switzerland
536786,103,3,2026-06-19 09:55:37,58.09,63,PORTUGAL
538405,96,19,2026-04-27 16:57:26,218.13,126,Spain
537881,66,7,2026-05-20 21:28:16,52.27,98,Switzerland
538381,19,15,2026-07-03 18:25:56,28.77,88,United Kingdom
C537904,123,,2026-05-13 11:43:33,54.78,107,Spain
536461,122,8,2026-06-13 20:07:27,212.79,110,Portugal
538133,21,12,2026-05-09 19:24:50,108.06,41,Switzerland
537460,40,,2026-05-30 07:08:22,50.57,16,SPAIN
537366,128,8,2026-05-29 01:50:18,130.89,70,Portugal
537556,77,17,2026-04-30 02:28:12,136.08,49,United States
538481,77,17,2026-05-15 21:10:10,24.75,10,Switzerland
537691,5,20,2026-06-22 12:48:15,241.19,25,Netherlands
537006,66,15,2026-04-26 07:56:11,39.81,51,France
537086,59,19,2026-05-23 10:39:03,188.32,63,Germany
536818,91,8,2026-05-29 06:43:38,203.49,129,Portugal
537188,73,15,2026-05-27 13:28:05,243.6,98,Spain
537524,65,13,2026-06-27 10:11:13,26.58,64,Netherlands
537977,21,15,2026-06-03 17:33:13,95.93,4,France
538333,104,8,2026-04-27 10:49:44,169.84,57,Belgium
537965,86,4,2026-05-23 12:34:58,117.99,122,Netherlands
537897,5,20,2026-07-07 00:57:05,179.53,14,France
C538462,60,-9,2026-05-01 16:11:19,163.91,120,Belgium
536645,118,3,2026-06-22 04:31:42,31.79,,Belgium
537842,36,14,2026-04-29 16:56:18,233.15,115,united states
536668,82,17,2026-07-05 20:44:34,109.93,12,France
537024,61,10,2026-06-02 04:47:06,167.57,19,Switzerland
537732,76,4,2026-06-27 09:55:59,28.69,88,Italy
536374,59,19,2026-06-14 14:41:13,57.39,96,Netherlands
537424,51,13,2026-07-01 13:08:37,135.33,83,France
538039,123,2,2026-05-16 20:24:02,81.46,105,Netherlands
536635,125,19,2026-05-12 07:07:49,167.47,114,France
537530,64,13,2026-04-28 09:55:14,143.1,33,Belgium
537594,40,17,2026-06-30 04:11:23,205.79,125,Germany
537622,112,13,2026-07-10 01:30:10,181.72,90,Belgium
536677,6,4,2026-06-02 02:55:34,44.03,49,France
537600,125,10,2026-04-30 18:14:43,26.52,68,Portugal
538300,43,1,2026-05-03 13:13:57,105.38,82,Switzerland
537479,92,19,2026-04-24 11:56:37,41.36,16,U.K.
537857,99,18,2026-05-29 03:58:41,124.19,9478,Spain
537844,86,17,2026-06-17 13:14:32,129.16,11,USA
538495,79,9,2026-04-23 11:00:56,15.12,95,Portugal
537903,67,1,2026-07-07 02:05:42,9.61,82,United Kingdom
538096,107,12,2026-05-07 17:18:18,125.37,83,Switzerland
536795,107,8,2026-05-14 12:26:23,4.03,,Spain
537858,99,18,2026-05-24 02:11:53,170.22,118,Portugal
537219,94,2,2026-07-04 21:22:22,43.35,102,PORTUGAL
536808,81,10,2026-05-01 22:39:37,178.0,54,Switzerland
537688,84,12,2026-06-13 03:36:06,85.01,,Netherlands
538536,9,19,2026-05-25 17:49:23,102.14,119,UK
537938,57,6,2026-05-03 18:08:33,119.0,101,Switzerland
536664,79,11,2026-05-18 13:57:54,145.22,108,Switzerland
536820,23,5,2026-05-04 08:02:50,154.96,52,Spain
538319,79,8,2026-06-15 09:32:10,31.76,121,United States
537111,128,3,2026-04-18 09:02:08,153.35,22,United States
536628,84,14,2026-07-04 13:46:53,146.13,122,netherlands
536866,85,19,2026-06-10 11:25:34,193.68,52,Germany
538107,59,11,2026-04-16 14:30:56,240.42,112,United States
537467,62,5,2026-06-26 15:13:49,225.54,15,United Kingdom
537584,12,11,2026-05-14 01:49:53,170.19,119,Germany
538422,34,8,2026-07-02 10:13:32,47.93,89,Netherlands
536464,2,14,2026-05-31 10:03:12,0,20,France
536769,102,5,2026-06-15 21:55:05,113.18,76,Italy
536746,104,1,2026-06-30 18:36:11,0,98,Espagne
537492,10,10,2026-05-19 19:08:36,66.05,13,United States
536377,77,4,2026-05-11 15:28:31,234.92,77,Netherlands
536416,110,11,2026-06-25 09:43:03,167.28,25,Italy
537487,70,11,2026-05-06 18:48:53,18.82,37,U.S.A
538288,111,11,2026-06-30 23:19:17,235.96,,Switzerland
538150,110,15,2026-04-22 07:33:10,74.98,41,NETHERLANDS
537051,118,2,2026-05-16 22:52:06,166.43,34,Spain
536698,46,1,2026-07-07 14:27:02,33.82,92,Belgium
536441,88,20,2026-05-15 15:14:41,38.49,8,NETHERLANDS
536695,69,2,2026-05-17 15:02:01,0,83,Spain
536644,42,4,2026-06-02 13:11:33,56.82,78,Spain
537077,4,18,2026-06-08 06:45:21,122.04,93,United States
537731,9744,10,2026-06-19 04:18:05,178.17,89,Italy
536857,75,6,2026-05-01 22:34:58,227.93,85,United Kingdom
537383,115,1,2026-04-26 11:10:18,56.37,36,United States
537590,77,14,2026-05-18 19:50:48,122.78,88,Belgium
538224,69,10,2026-06-19 02:28:14,172.95,57,United States
537030,9974,13,2026-07-09 23:02:57,68.55,12,Spain
538457,72,3,2026-07-06 05:45:26,248.79,116,United States
536915,55,15,2026-06-29 14:42:48,156.46,104,Netherlands
537573,96,1,2026-06-07 06:26:42,133.11,105,Portugal
536482,9,9,2026-06-13 05:02:47,58.54,114,Netherlands
538582,36,20,2026-05-15 12:43:19,166.95,122,USA
538423,94,13,2026-04-20 23:16:18,217.75,78,Portugal
537372,64,10,2026-05-26 08:23:15,124.22,2,Spain
538008,104,12,2026-06-02 10:34:51,62.38,74,Germany
537737,53,15,2026-06-12 00:51:00,72.21,109,portugal
537290,112,9,2026-06-06 20:30:55,113.91,52,belgium
538043,28,7,2026-07-04 00:09:02,239.89,57,United Kingdom
537725,103,5,2026-05-28 03:04:17,177.2,7,Germany
536470,64,3,2026-04-20 09:21:35,23.26,8,Spain
537625,8,13,2026-06-19 01:44:48,142.8,59,spain
536786,47,4,2026-07-12 01:24:22,229.61,63,portugal
537525,6,8,2026-07-11 12:07:00,230.97,66,Germany
537987,77,18,2026-04-20 23:41:16,172.13,121,Spain
536466,65,12,2026-04-14 17:57:04,69.03,50,Switzerland
538138,84,17,2026-05-14 15:00:47,113.55,114,Netherlands
538470,1,12,2026-05-11 22:19:59,108.86,92,Switzerland
537634,39,19,2026-04-22 02:47:48,114.14,34,France
538079,9,16,2026-04-24 06:34:55,214.31,72,United States
537925,130,4,2026-05-24 01:22:40,45.81,60,Switzerland
536651,26,,2026-04-20 01:39:22,208.09,27,United Kingdom
536728,121,15,2026-06-26 08:21:48,107.41,52,Spain
538242,128,2,2026-07-03 02:49:03,158.83,76,Netherlands
C536778,106,-11,2026-06-01 18:49:29,112.66,,United Kingdom
538493,22,10,2026-05-09 01:49:00,60.38,36,United States
537296,5,5,2026-05-09 04:25:16,177.47,111,Netherlands
536579,16,12,2026-05-04 21:15:59,140.83,126,portugal
536390,63,3,2026-06-22 10:27:06,71.9,31,Switzerland
537710,120,9,2026-04-29 20:38:33,118.91,7,Germany
537334,110,5,2026-06-16 04:31:01,4.79,50,United States
538469,51,4,2026-05-21 11:14:48,54.75,110,Switzerland
536959,50,16,2026-05-17 23:26:59,204.94,85,Germany
538169,1,14,2026-04-30 08:54:25,102.36,24,Switzerland
536606,76,2,2026-04-19 01:46:04,94.2,9720,Italy
538251,9818,10,2026-06-16 16:14:15,214.27,39,Belgium
538151,2,11,2026-05-24 10:35:06,59.79,50,Germany
536984,84,12,2026-05-07 03:25:17,138.47,29,Portugal
536895,17,11,2026-06-18 10:05:07,58.53,81,Portugal
537615,59,10,2026-06-15 06:09:26,35.28,125,France
537205,80,7,2026-05-15 07:23:12,31.48,122,United States
537009,74,15,2026-05-14 08:22:12,133.64,95,Switzerland
538202,115,11,2026-06-12 11:40:30,145.06,91,Belgium
537973,9574,3,2026-05-03 12:50:48,59.7,5,United States
536878,63,4,2026-05-08 15:38:57,98.73,97,Netherlands
538083,50,14,2026-05-11 03:19:21,103.74,125,united kingdom
538370,31,2,2026-07-07 20:35:26,17.81,13,Belgium
538185,54,15,2026-04-26 17:48:08,19.7,48,United Kingdom
536660,102,5,2026-04-23 22:37:58,61.3,46,France
537621,77,16,2026-06-05 00:55:09,105.15,42,Netherlands
536462,31,16,2026-06-21 01:00:47,228.87,11,Germany
536636,95,6,2026-05-18 19:29:23,53.67,96,Spain
538282,106,3,2026-07-11 16:49:46,113.49,8,Italy
537264,118,19,2026-04-20 19:59:50,94.57,77,Switzerland
537967,41,6,2026-06-08 17:30:23,242.78,105,Italy
538044,43,19,2026-04-25 00:59:16,72.82,65,united kingdom
536438,52,5,2026-04-18 22:44:57,61.47,75,Spain
536616,126,4,2026-06-08 23:23:37,38.54,46,Netherlands
537094,84,1,2026-06-06 08:14:19,153.64,68,Belgium
536739,126,3,2026-04-26 19:30:13,199.5,32,United Kingdom
537088,104,19,2026-07-05 14:02:32,40.13,27,Spain
536544,19,19,2026-05-28 04:52:04,205.94,2,Allemagne
537838,91,9,2026-04-22 14:52:40,242.36,92,Belgium
538040,55,4,2026-05-10 07:35:54,36.74,70,Belgium
538224,27,6,2026-06-30 04:41:08,172.68,57,United States
538565,45,2,2026-05-03 03:46:09,208.14,125,switzerland
538088,2,11,2026-06-28 22:05:46,60.87,17,United States
537818,67,6,2026-06-27 17:04:41,32.23,26,UK
537700,14,15,2026-07-03 07:02:50,203.66,85,Switzerland
537795,111,18,2026-06-15 02:53:41,165.55,73,Italy
C538195,102,-14,2026-06-08 19:27:51,0,37,Spain
537009,64,6,2026-05-27 01:45:53,0,95,Switzerland
538473,10,10,2026-05-10 13:32:49,182.67,9,United States
536971,11,17,2026-07-08 06:14:28,16.8,102,United Kingdom
537428,77,9,2026-07-11 01:16:05,167.91,30,Belgium
538058,41,17,2026-04-18 10:15:23,40.21,1,France
538247,103,9,2026-05-18 04:26:14,224.53,65,United States
537875,108,19,2026-06-07 12:08:03,145.07,121,Germany
537039,26,12,2026-04-23 15:55:54,31.0,6,FRANCE
536436,37,20,2026-07-05 00:43:21,170.49,71,France
538349,81,8,2026-07-11 18:53:11,100.35,116,France
538095,89,19,2026-04-28 03:58:04,132.35,111,Switzerland
538515,80,1,2026-05-07 10:03:02,170.72,105,Portugal
538417,60,11,2026-04-28 07:46:50,59.87,61,Italy
536524,118,5,2026-05-31 07:23:53,81.15,106,France
537236,100,6,2026-07-07 03:36:47,143.79,1,France
538366,124,3,2026-05-10 09:45:37,227.5,74,United States
537088,69,8,2026-05-31 01:22:27,109.2,27,Spain
536707,93,1,2026-04-23 14:05:12,21.21,58,United States
536762,94,9,2026-07-08 11:48:42,235.92,29,Spain
538243,17,6,2026-05-14 04:51:07,123.13,106,United States
536677,54,16,2026-05-01 15:54:22,163.21,49,France
536975,116,1,2026-06-10 18:45:43,113.05,66,Italie
537127,114,1,2026-06-14 03:36:11,183.55,44,Germany
538270,37,16,2026-05-23 16:16:23,113.35,97,Spain
536581,62,19,2026-04-24 12:52:15,137.77,111,Italy
538108,123,18,2026-04-14 05:10:31,157.88,98,Italy
537727,20,11,2026-05-29 17:53:01,175.15,91,Belgium
538233,93,3,2026-06-12 13:51:14,81.94,9193,Portugal
536583,39,11,2026-06-04 12:36:35,127.09,9749,United States
536779,15,8,2026-07-01 18:31:24,99.9,67,Switzerland
538104,123,15,2026-06-01 03:04:38,193.18,89,United States
538435,57,7,2026-05-21 20:49:18,186.37,128,Switzerland
538347,124,3,2026-04-30 19:24:55,131.14,56,Switzerland
536670,2,17,2026-06-25 04:55:29,192.41,112,Germany
536740,102,1,2026-07-13 01:43:10,135.96,109,Italy
537326,106,19,2026-05-01 05:19:00,199.29,8,United Kingdom
536879,67,14,2026-04-25 23:05:27,47.34,47,Belgium
538434,35,15,2026-06-14 23:38:03,39.66,,Switzerland
538266,109,10,2026-05-10 15:38:36,166.74,93,France
537900,90,10,2026-05-06 02:32:49,26.78,92,Spain
536515,115,6,2026-04-15 06:01:26,237.42,38,Germany
536694,23,5,2026-04-25 08:02:44,78.78,83,Belgium
538056,48,14,2026-05-15 02:28:54,133.07,42,Portugal
536496,99,5,2026-05-19 20:04:03,47.2,41,Spain
536567,89,16,2026-06-15 06:40:32,136.3,100,Espagne
536797,14,,2026-05-23 13:15:41,23.49,97,Spain
538574,9304,8,2026-05-05 04:36:20,243.74,128,italy
537621,14,15,2026-05-19 16:03:34,149.8,42,NETHERLANDS
538527,124,1,2026-06-05 16:43:17,106.15,70,United States
537743,107,3,2026-04-20 12:46:35,48.85,110,Portugal
538310,111,12,2026-07-01 12:22:09,107.97,51,Suisse
538329,107,16,2026-07-06 03:31:46,135.65,65,Portugal
536742,78,15,2026-06-27 15:19:17,164.69,101,Germany
538017,53,15,2026-07-13 07:44:12,117.14,35,Netherlands
536971,84,20,2026-07-02 21:57:44,209.51,102,United Kingdom
536625,117,2,2026-05-01 19:25:16,28.79,54,Spain
536565,21,13,2026-05-21 03:57:11,154.57,45,Spain
536369,98,9,2026-06-23 13:47:41,114.99,50,germany
538022,116,10,2026-05-01 10:51:48,140.84,18,Switzerland
537664,80,15,2026-05-11 16:30:46,12.52,,Spain
538427,124,,2026-06-21 10:27:43,179.97,27,Germany
537336,103,9,2026-04-26 05:43:27,97.62,24,switzerland
537921,59,18,2026-05-27 02:35:56,89.85,122,Netherlands
537913,15,9,2026-06-22 12:56:37,200.13,76,United States
536615,66,6,2026-06-07 13:19:52,0,73,Spain
538586,125,8,2026-07-05 22:21:46,20.07,113,Switzerland
538544,82,8,2026-06-11 05:49:36,196.24,92,Netherlands
536534,122,12,2026-05-28 16:38:52,179.83,5,Germany
537261,58,16,2026-05-09 12:17:29,203.61,9524,Italy
536520,27,1,2026-06-05 22:38:17,129.34,102,Switzerland
537972,43,16,2026-07-05 17:48:41,240.35,106,Portugal
536372,65,18,2026-04-29 03:20:52,215.61,103,Italy
537632,75,18,2026-06-21 05:15:59,233.21,,france
537657,15,1,2026-05-17 16:07:40,43.99,106,Italy
538455,35,2,2026-05-16 19:35:32,205.73,38,Italy
538301,89,8,2026-06-26 16:54:45,26.93,117,United Kingdom
537677,84,14,2026-05-18 02:05:13,21.23,15,Germany
538053,52,17,2026-05-30 00:48:11,184.6,3,switzerland
537515,6,13,2026-06-04 15:57:50,166.41,4,Germany
537706,105,7,2026-05-03 04:21:54,177.31,2,Spain
537221,95,7,2026-04-24 10:10:23,16.84,120,netherlands
C536564,122,-4,2026-07-09 11:40:43,114.11,128,United Kingdom
536540,9285,6,2026-05-14 01:20:23,184.56,100,United States
538155,9144,13,2026-04-27 13:25:32,90.24,108,United Kingdom
536516,96,1,2026-04-30 01:56:55,86.45,26,Germany
536563,59,4,2026-06-02 02:04:18,181.04,88,Italie
538534,59,16,2026-06-13 16:45:04,174.0,94,Switzerland
C536929,63,-1,2026-07-08 03:45:00,214.81,57,United States
536791,32,16,2026-04-18 22:52:34,163.28,4,Italy
537319,99,9,2026-07-07 16:03:24,189.41,72,Belgium
538578,118,8,2026-07-03 22:31:14,30.56,56,United Kingdom
536495,33,9,2026-05-27 03:26:14,184.04,43,Italy
C536778,29,-5,2026-06-24 04:03:54,17.82,39,United Kingdom
538362,47,17,2026-04-20 04:53:59,62.84,88,Netherlands
536587,9944,6,2026-04-19 22:03:35,52.12,93,Germany
537209,70,19,2026-07-13 19:54:05,108.38,63,Italy
537349,69,6,2026-04-14 17:49:32,25.57,11,Spain
537823,65,15,2026-04-16 00:28:26,176.9,4,Germany
536517,69,14,2026-06-22 16:32:00,152.43,26,United States
537336,96,8,2026-05-21 04:55:26,181.47,24,Switzerland
537465,127,12,2026-04-27 12:35:15,149.31,62,Belgium
536497,83,8,2026-04-22 11:34:54,105.82,108,United States
538558,32,3,2026-05-09 09:43:59,73.92,87,United Kingdom
536930,33,4,2026-07-06 16:54:14,245.31,50,Belgium
536448,68,20,2026-06-18 01:01:36,122.59,97,ITALY
536505,125,12,2026-04-27 08:51:37,228.43,64,Portugal
536614,87,6,2026-06-16 11:56:07,80.38,,Germany
538215,98,11,2026-07-12 23:36:36,69.67,12,Germany
537690,102,8,2026-07-07 20:49:41,33.62,29,Belgique
537153,50,14,2026-05-27 04:49:34,106.66,1,Netherlands
537100,47,4,2026-06-01 22:46:17,73.13,53,Belgium
538491,73,16,2026-05-03 23:40:28,80.6,98,Netherlands
538140,9892,15,2026-05-08 10:59:02,166.9,73,France
536728,77,20,2026-05-30 21:35:29,135.69,52,Spain
538262,130,19,2026-06-21 19:53:46,56.7,79,United Kingdom
537343,72,13,2026-06-26 22:38:41,30.39,119,Germany
538292,100,11,2026-06-18 09:01:25,114.87,39,United States
538153,57,17,2026-06-23 04:49:15,133.54,57,United States
538255,79,14,2026-05-28 07:51:41,0,63,SPAIN
537449,30,13,2026-06-09 00:53:38,194.69,118,Germany
538446,128,13,2026-06-25 18:58:30,67.4,3,Switzerland
538508,102,1,2026-06-24 17:50:06,75.64,61,Netherlands
536481,35,7,2026-04-30 11:49:14,204.36,108,Suisse
537101,43,12,2026-06-03 19:03:10,74.11,126,United Kingdom
536420,103,17,2026-06-24 21:15:53,22.43,11,BELGIUM
537515,130,13,2026-07-07 02:11:22,209.4,4,Germany
536891,46,15,2026-05-02 19:04:01,126.55,114,United States
538453,36,20,2026-07-08 23:29:38,178.65,6,Portugal
536938,51,10,2026-07-08 23:26:41,236.23,49,Belgium
537439,104,17,2026-05-25 10:20:17,82.06,25,France
536440,44,20,2026-05-27 06:10:56,181.0,33,Spain
536733,55,6,2026-05-19 06:22:08,52.63,116,Switzerland
538391,15,20,2026-05-11 00:21:37,76.52,59,United States
538070,44,12,2026-06-25 16:15:57,14.32,35,Spain
537382,76,16,2026-06-03 22:23:56,182.42,13,Italy
536671,7,10,2026-05-14 18:44:54,171.28,25,Italy
536988,66,16,2026-05-21 21:32:40,215.71,100,Italy
536741,6,18,2026-05-28 08:29:33,99.89,123,United States
536858,64,2,2026-06-29 03:29:28,70.3,125,France
538038,1,15,2026-06-16 23:51:34,161.23,57,Netherlands
538080,126,18,2026-07-07 12:13:27,157.08,108,NETHERLANDS
537516,116,12,2026-06-01 22:33:57,62.09,5,BELGIUM
538405,79,4,2026-06-16 11:44:11,45.25,126,Spain
537601,12,5,2026-06-02 07:36:24,197.49,105,BELGIUM
537205,19,6,,108.31,122,USA
537827,52,5,2026-04-18 11:05:47,124.03,76,U.S.A
537512,62,11,2026-04-26 18:37:37,142.7,3,Switzerland
537092,84,6,2026-06-09 09:13:14,134.66,88,Italy
538291,48,18,2026-05-17 10:19:49,233.95,113,Switzerland
536878,57,20,2026-04-14 19:56:31,47.01,97,Netherlands
536517,8,6,2026-06-29 20:51:41,50.61,26,United States
537643,129,16,2026-06-17 00:53:05,64.61,38,Netherlands
537249,122,9,2026-07-05 21:56:17,208.85,49,France
537049,85,4,2026-05-08 12:15:36,24.91,62,France
537148,93,3,2026-07-08 15:34:41,120.35,54,Portugal
536528,54,16,2026-05-13 10:06:28,84.66,36,Belgium
536804,95,18,2026-07-03 23:53:27,247.42,78,Spain
537007,119,18,2026-05-09 23:54:03,190.93,20,Germany
536723,72,20,2026-06-02 18:24:02,94.14,43,United Kingdom
538562,34,5,2026-07-07 03:53:43,105.72,105,Switzerland
536572,88,14,2026-07-08 16:27:04,79.96,127,United States
536549,129,1,2026-04-18 15:56:22,166.68,121,UK
538039,63,3,2026-06-24 01:44:38,99.94,,Netherlands
536446,126,19,2026-04-25 18:36:43,77.05,87,portugal
538270,116,8,2026-04-17 03:49:13,167.44,97,Spain
537635,29,10,2026-04-24 03:34:15,228.94,96,Italy
537715,15,16,2026-05-19 04:43:41,207.27,103,Netherlands
537622,105,3,2026-05-25 07:51:28,56.97,90,Belgium
537159,121,6,2026-05-17 04:51:19,127.27,71,FRANCE
536463,87,9,2026-04-16 17:17:13,191.55,121,Italy
538521,118,14,2026-05-30 04:30:50,163.25,17,Belgium
536569,70,10,2026-05-10 08:02:35,163.17,60,France
536913,94,20,2026-04-21 01:27:06,168.1,113,United Kingdom
C538380,120,-13,2026-05-28 07:58:15,245.75,,Switzerland
536411,56,8,2026-07-13 07:27:53,84.15,54,Switzerland
536912,108,3,2026-04-16 10:08:57,30.77,96,Spain
536577,40,15,2026-05-21 10:18:37,76.03,42,Germany
538311,76,3,2026-07-13 23:12:30,65.37,125,Belgium
536883,45,3,2026-06-24 00:06:38,135.14,102,United States
537234,76,17,2026-05-09 09:51:34,166.7,20,ITALY
537880,129,3,2026-05-23 20:23:13,19.97,90,United States
537706,50,19,2026-06-08 19:58:22,181.62,2,Spain
537555,109,20,2026-07-01 11:04:47,45.8,45,France
536767,100,13,2026-04-16 01:06:08,152.98,,Netherlands
536503,32,2,2026-06-04 08:22:59,235.74,24,Italy
537080,13,12,2026-06-18 16:25:16,57.47,,United Kingdom
536454,48,5,2026-05-18 09:38:55,120.93,127,United Kingdom
537211,86,20,2026-06-04 16:55:48,100.19,61,Allemagne
538103,59,17,2026-06-08 03:23:23,64.83,111,Belgium
538122,13,18,2026-05-17 05:07:43,121.61,91,France
537956,41,2,2026-06-21 06:13:18,37.86,70,Belgium
537116,28,11,2026-05-02 14:54:26,81.9,72,france
537130,130,5,2026-06-25 22:59:47,117.45,109,Portugal
537173,11,14,2026-05-04 07:52:15,210.22,9,Switzerland
537020,61,16,2026-06-23 07:09:48,220.14,31,Spain
537119,11,14,2026-06-05 15:58:10,114.88,42,Belgium
537168,13,12,2026-06-05 22:55:33,177.95,119,Switzerland
536692,90,3,2026-06-26 07:41:35,218.0,13,Spain
538394,83,5,2026-04-19 18:02:37,165.43,83,Netherlands
536751,100,6,2026-05-03 03:21:41,88.26,90,Switzerland
537519,87,18,2026-05-28 08:05:48,10.82,111,Switzerland
536594,2,8,2026-05-30 12:58:21,220.9,39,United Kingdom
536620,39,19,2026-06-27 13:12:51,60.55,62,Netherlands
537292,65,4,2026-05-23 13:37:19,103.33,24,Germany
537079,8,6,2026-05-24 13:41:54,121.17,,France
536888,105,12,2026-06-20 14:29:56,188.57,103,Portugal
536647,32,20,2026-05-29 04:29:54,53.73,31,spain
538419,117,7,2026-06-18 22:31:43,137.34,121,Netherlands
536432,45,15,2026-06-25 04:58:28,245.26,6,Belgium
536882,7,18,2026-04-28 05:09:20,69.01,13,Switzerland
537608,123,19,2026-04-28 12:06:05,105.27,58,Italy
538192,112,11,2026-06-27 08:33:15,238.01,6,United States
536716,52,1,2026-06-28 23:07:09,247.8,108,Netherlands
538106,63,19,2026-07-09 04:58:34,46.88,80,Netherlands
537772,115,1,2026-04-22 11:50:44,68.97,9,United States
537568,62,10,2026-04-16 09:30:03,210.31,13,Netherlands
537418,35,15,2026-05-05 21:12:27,182.06,40,United States
538418,126,7,2026-06-13 07:14:10,109.04,71,Belgium
537636,46,10,2026-04-25 21:55:40,164.32,61,Allemagne
538009,58,16,2026-06-18 01:07:53,219.24,85,France
536963,104,15,2026-05-09 00:02:12,217.56,92,Netherlands
537141,26,3,2026-05-28 10:42:02,95.01,110,NETHERLANDS
537737,14,11,2026-05-23 00:29:12,223.1,109,Portugal
538419,8,13,2026-07-13 03:55:50,38.7,121,Netherlands
536493,103,3,2026-07-02 21:55:49,161.21,107,Belgium
536806,32,17,2026-05-21 09:41:39,133.31,36,Switzerland
537627,3,9,2026-06-25 05:53:10,44.18,63,Germany
537907,30,19,2026-05-09 04:04:09,65.47,128,Portugal
537445,70,13,2026-05-25 10:02:39,110.27,107,Spain
536447,81,14,2026-06-06 11:26:56,40.4,5,Netherlands
538574,54,9,2026-07-01 07:23:02,190.05,128,Italy
538568,108,18,2026-06-04 12:10:24,93.9,125,Switzerland
537172,39,8,2026-04-25 09:50:42,197.95,74,Germany
538472,25,5,2026-04-27 11:34:43,232.97,35,Germany
536769,53,15,2026-05-24 05:04:22,57.5,76,Italy
537803,34,7,2026-05-14 05:21:05,24.42,126,SPAIN
537949,128,11,2026-05-11 05:05:14,94.77,68,France
538421,69,11,2026-05-23 20:06:51,141.66,90,France
537446,85,17,2026-06-19 18:13:10,188.02,87,United States
537219,8,2,2026-06-12 03:58:58,139.39,102,PORTUGAL
537230,39,19,2026-05-12 23:17:23,73.6,40,France
536814,38,14,2026-05-12 17:09:57,214.5,66,Netherlands
538490,90,13,2026-05-03 03:48:10,168.95,7,United Kingdom
538384,109,12,2026-06-15 21:12:13,79.92,31,Belgium
538093,5,11,2026-05-01 12:04:06,130.2,3,France
538563,89,14,2026-04-25 05:03:54,52.51,65,Switzerland
537247,128,9,2026-05-27 08:53:47,141.11,106,Belgium
538252,22,1,2026-07-01 08:01:29,14.6,10,Switzerland
538433,115,10,2026-05-04 13:10:23,184.05,35,United Kingdom
C537711,82,-16,2026-05-08 14:01:14,118.62,9444,Belgium
537089,10,11,2026-05-16 06:15:08,200.2,41,UK
537467,76,9,2026-06-15 23:07:40,77.42,15,United Kingdom
538457,56,13,2026-06-16 20:59:55,19.79,116,United States
538158,74,17,2026-06-08 11:43:31,206.86,73,Pays-Bas
537936,14,13,2026-05-17 23:11:16,162.47,20,Allemagne
538186,8,15,2026-06-25 11:42:31,214.51,,Spain
536513,21,16,2026-07-12 06:10:22,211.41,73,Spain
538020,125,12,2026-07-05 03:08:21,74.28,83,United Kingdom
536456,56,8,2026-06-22 02:04:27,171.04,121,Portugal
537972,46,7,2026-04-20 03:20:56,195.9,106,Portugal
537384,11,13,2026-05-30 07:18:10,100.77,,United States
536900,50,13,2026-06-19 08:07:48,197.1,88,PORTUGAL
538271,5,16,2026-05-30 20:21:33,90.72,31,France
537368,48,12,2026-05-25 07:45:32,229.34,105,United Kingdom
537143,60,17,2026-06-15 21:30:21,83.1,88,United States
537389,120,19,2026-07-06 04:13:10,16.44,24,Belgium
538145,45,6,2026-04-23 12:10:05,197.3,57,BELGIUM
537874,86,18,2026-05-27 09:05:00,78.8,45,Italy
536391,105,16,2026-07-03 04:15:01,140.13,88,Spain
537753,51,13,2026-05-14 14:39:41,21.8,99,France
538324,53,9,2026-05-05 13:05:33,174.04,17,Netherlands
536731,99,13,2026-05-05 12:32:09,177.4,38,Spain
537810,21,9,2026-05-12 10:10:23,230.73,22,Spain
537740,99,,2026-05-24 05:22:08,220.78,35,Netherlands
536693,14,19,2026-06-13 18:11:39,131.87,84,Germany
538037,118,1,2026-07-07 06:13:46,105.52,94,Switzerland
538276,80,16,2026-04-30 21:10:40,114.72,119,Spain
536932,71,19,2026-05-04 13:17:45,65.25,15,Italy
538316,28,9,2026-05-29 21:23:54,61.89,40,Italy
538244,9063,20,2026-05-12 00:26:09,112.39,74,Germany
537791,55,16,2026-06-23 07:50:55,218.58,11,France
538566,76,6,2026-04-24 12:53:26,35.88,4,United Kingdom
536605,25,15,2026-05-25 16:14:50,46.51,119,Italy
538305,24,10,2026-07-13 22:25:16,109.34,13,United States
538207,100,7,2026-05-04 06:29:09,236.38,66,United Kingdom
537564,6,3,2026-04-26 18:26:39,212.99,78,Portugal
537786,1,10,2026-04-30 22:11:21,148.09,98,Belgium
538276,130,5,2026-05-11 23:00:42,66.22,119,Spain
537414,120,7,2026-05-12 18:43:14,211.56,12,United Kingdom
537344,70,14,2026-05-08 14:43:08,25.26,112,UK
538319,59,6,2026-04-16 22:33:49,179.85,121,United States
537287,47,13,2026-05-14 08:55:20,155.4,5,Switzerland
537790,127,3,2026-06-13 16:16:46,122.31,57,Switzerland
536425,80,13,2026-05-03 07:01:54,34.85,86,Germany
538540,107,11,2026-04-21 08:06:33,19.35,115,UK
537526,86,2,2026-07-07 13:15:57,178.93,16,Spain
537647,128,11,2026-06-08 20:43:57,91.41,20,Suisse
538465,80,13,2026-04-27 15:18:50,155.48,56,Germany
537087,23,13,2026-06-12 22:33:02,170.65,,Belgium
538252,83,10,2026-07-11 04:58:25,86.94,10,Switzerland
537166,76,15,2026-06-14 06:25:46,171.45,27,United States
538091,41,4,2026-06-29 06:47:05,51.75,86,United States
536450,14,4,2026-04-22 07:14:15,105.09,28,Switzerland
538344,9742,18,2026-07-05 22:57:26,174.1,110,Portugal
536895,31,7,2026-05-30 19:08:37,91.06,81,Portugal
538376,9,8,2026-06-14 11:31:56,182.11,86,USA
536912,83,1,2026-07-06 13:04:12,196.47,96,Spain
536945,114,20,2026-06-14 16:21:05,192.97,48,Germany
536783,60,7,2026-06-02 16:56:55,202.45,10,Spain
537337,91,8,2026-04-23 07:59:44,215.43,69,Italy
538505,9293,5,2026-05-20 04:57:08,54.96,102,France
538088,35,5,2026-06-17 07:25:36,198.86,17,United States
538230,120,20,2026-07-13 01:18:43,244.45,73,Spain
538347,113,17,2026-04-22 02:29:15,104.56,56,Switzerland
536931,58,15,2026-06-02 02:26:42,69.48,27,Suisse
537266,21,9,2026-05-15 12:20:27,236.48,,Portugal
537623,117,15,2026-05-14 13:20:16,150.25,114,Netherlands
537541,103,2,2026-07-01 02:13:21,212.45,72,Netherlands
538453,31,9,2026-06-01 04:37:37,75.67,6,Portugal
537891,85,6,2026-06-10 02:32:31,185.22,30,Netherlands
537595,94,2,2026-05-19 13:17:01,45.17,40,Portugal
538038,42,1,2026-06-16 05:29:25,52.24,57,Netherlands
537716,45,2,2026-05-04 20:30:51,23.23,8,UK
537503,90,18,2026-06-23 18:14:44,144.24,63,Belgium
537649,101,4,2026-05-21 05:06:49,98.31,108,Switzerland
537631,128,20,2026-04-21 12:58:05,36.96,9909,United Kingdom
537591,126,9,2026-06-10 21:50:51,135.75,41,Portugal
537967,68,11,2026-04-25 19:07:25,90.22,105,ITALY
538155,38,14,2026-06-12 03:38:29,240.53,108,United Kingdom
536375,100,9,2026-06-05 15:23:50,231.85,26,France
538082,32,2,2026-07-09 03:06:14,182.47,25,Spain
536378,68,6,2026-05-09 01:04:38,186.08,68,Portugal
537134,105,1,2026-06-05 12:29:01,87.41,64,Italy
537919,95,2,2026-05-07 09:31:09,134.86,54,Netherlands
538522,111,7,2026-06-15 15:38:13,32.55,27,Spain
538522,61,15,2026-06-19 09:11:35,167.66,27,Spain
536753,74,18,2026-05-29 07:18:50,232.61,15,Germany
538148,111,5,2026-05-18 10:18:08,208.29,1,United Kingdom
536696,65,13,2026-05-04 03:53:20,249.81,33,spain
537379,103,,2026-05-19 20:49:57,158.2,39,United Kingdom
537449,105,15,2026-04-20 11:06:45,247.42,118,Germany
537796,100,4,2026-04-29 20:39:33,143.97,6,Switzerland
537285,49,2,2026-05-29 21:12:16,164.62,119,Germany
537807,86,12,2026-04-23 12:24:18,127.47,112,United States
538259,23,12,2026-05-17 09:54:53,192.45,67,united kingdom
537964,109,7,2026-04-16 00:01:08,159.63,2,France
538344,9742,18,2026-07-05 22:57:26,174.1,110,Portugal
538156,101,18,2026-07-02 03:22:15,232.71,128,France
537842,39,9,2026-06-25 22:03:58,208.26,115,United States
537445,54,18,2026-06-21 03:51:02,146.4,107,Spain
536401,73,10,2026-04-28 19:02:12,209.86,69,France
C536525,41,-16,2026-05-12 23:38:24,196.95,54,United Kingdom
537518,121,1,2026-05-10 01:29:56,231.3,51,SPAIN
538086,41,19,2026-04-25 05:30:05,181.01,46,NETHERLANDS
537731,85,7,2026-06-02 04:14:35,86.9,89,Italy
536421,115,19,2026-05-19 21:23:40,161.82,45,SWITZERLAND
538208,46,14,2026-06-25 20:10:50,144.83,79,Switzerland
538176,110,19,2026-07-04 05:18:03,209.4,12,Netherlands
538311,76,11,2026-05-17 08:03:08,56.82,125,BELGIUM
538401,68,17,2026-06-20 04:18:16,73.68,90,United Kingdom
537422,9864,4,2026-04-14 19:47:50,82.76,126,Italy
537463,5,3,2026-07-09 05:48:26,8.86,33,Portugal
537900,59,14,2026-04-24 20:38:59,59.66,92,Spain
537476,80,1,2026-05-25 14:11:38,182.59,88,Belgium
536981,112,18,2026-06-02 12:40:20,238.18,45,France
536607,40,10,2026-05-02 01:23:53,249.37,82,Belgium
537931,22,10,2026-05-18 02:12:14,130.75,50,Germany
538483,63,6,2026-05-31 13:20:07,57.69,100,Netherlands
536734,28,6,2026-06-29 01:51:17,22.71,113,Switzerland
536592,10,17,2026-06-16 11:12:12,30.0,98,Italy
537665,7,8,2026-05-30 23:40:38,56.05,117,Espagne
537214,111,10,2026-06-25 17:36:03,97.23,115,United Kingdom
537314,3,7,2026-06-18 11:41:03,51.81,92,Germany
538293,9393,20,2026-05-02 15:45:53,150.91,111,Switzerland
538368,57,6,2026-04-26 20:20:18,25.37,102,Switzerland
537132,97,12,2026-07-01 21:41:17,29.43,58,Italie
537662,117,3,2026-04-14 09:27:39,218.72,32,Switzerland
536601,27,,2026-06-18 12:00:00,192.25,120,France
537516,84,16,2026-06-11 07:29:53,221.38,5,Belgium
537354,36,4,2026-05-20 08:27:05,174.53,129,Netherlands
537182,41,19,2026-05-23 03:18:17,188.02,58,United Kingdom
536367,108,8,2026-04-23 19:43:28,113.95,9,France
537446,58,11,2026-06-02 03:03:51,70.05,87,united states
537728,87,5,2026-06-19 19:04:23,21.78,103,Belgium
536552,42,5,2026-05-20 19:15:57,158.5,54,Switzerland
537069,5,2,2026-04-16 16:10:00,236.13,6,Italy
537256,127,6,2026-04-30 04:56:23,108.12,37,Netherlands
537545,80,20,2026-05-29 21:10:44,209.19,10,France
C538195,31,-12,2026-07-06 11:44:57,142.84,37,Spain
536943,41,16,2026-07-04 08:04:31,19.43,70,Belgium
536522,47,11,2026-06-24 09:21:22,164.65,44,Portugal
537435,12,1,2026-05-02 10:56:17,56.43,,SWITZERLAND
537636,67,10,2026-06-09 15:26:42,50.24,61,Germany
538464,45,16,2026-05-24 05:42:18,43.89,12,Portugal
536395,16,20,2026-06-10 06:50:43,240.15,98,Netherlands
538212,43,20,2026-07-07 04:45:43,96.16,79,Portugal
536559,97,19,2026-07-06 12:38:50,122.46,90,Italy
536594,56,19,2026-06-07 03:14:19,165.89,39,United Kingdom
537501,9624,13,2026-05-17 03:36:51,193.11,31,Switzerland
536547,57,14,2026-05-24 20:52:23,71.34,40,Switzerland
537394,77,16,2026-05-07 03:30:30,165.98,36,United States
537327,88,1,2026-07-04 06:06:41,235.52,7,Germany
537590,21,16,2026-05-30 12:52:27,82.63,88,Belgium
C537901,67,-5,2026-04-15 01:20:01,106.69,8,Spain
537480,87,8,2026-05-22 23:38:54,143.74,80,United States
536587,5,10,2026-07-04 00:47:46,217.25,93,Germany
538081,127,1,2026-07-10 14:18:02,124.78,50,Netherlands
537906,38,5,2026-05-27 22:21:01,170.72,94,Italy
537580,69,11,2026-05-16 09:26:43,40.72,105,Switzerland
537918,109,4,2026-07-05 19:03:43,33.55,113,United States
537926,42,7,2026-06-21 10:46:50,151.13,37,Netherlands
536599,45,4,2026-07-10 22:32:10,95.43,85,Italy
536535,107,2,2026-06-09 08:15:08,231.88,105,Germany
537389,16,12,31/02/2026,34.85,24,Belgium
537005,67,16,2026-05-18 09:48:55,42.05,7,Switzerland
537899,121,1,2026-05-01 20:15:30,125.42,21,United States
537325,31,16,2026-06-28 23:13:21,29.33,110,Switzerland
C536545,12,-3,2026-07-07 23:33:31,91.35,17,Switzerland
536796,92,6,2026-06-30 10:04:36,62.21,31,SWITZERLAND
538475,51,9,2026-04-16 07:28:19,224.03,107,France
536602,90,18,2026-06-28 12:42:16,81.67,27,United States
536406,113,2,2026-06-11 02:28:08,146.15,71,France
538110,115,16,2026-06-24 20:01:23,125.93,101,Belgium
536914,83,1,2026-04-24 21:34:05,144.31,69,United Kingdom
536563,94,13,2026-06-22 00:12:03,72.07,88,Italy
537724,76,3,2026-05-28 19:56:52,61.19,119,Netherlands
538469,104,15,2026-05-12 07:18:21,83.89,110,Switzerland
538189,20,15,2026-06-04 17:06:27,5.08,86,Italie
C538380,11,-18,2026-04-24 17:50:19,80.11,45,Switzerland
536912,9,5,2026-06-14 04:17:25,228.65,96,Spain
536473,52,19,2026-04-16 11:14:55,249.32,35,Spain
537253,74,11,2026-05-14 20:39:10,94.97,76,Netherlands
537193,54,12,2026-05-07 19:51:03,204.46,82,United Kingdom
537254,2,16,2026-05-18 19:25:31,208.12,58,ITALY
537947,71,5,2026-06-16 20:11:46,44.15,35,Switzerland
537992,20,18,2026-06-20 11:06:58,184.06,34,United States
538052,9377,10,2026-07-06 07:44:10,184.8,82,Netherlands
536904,55,6,2026-07-05 06:11:11,82.35,77,Switzerland
538021,95,11,2026-04-21 04:56:01,32.5,84,Italy
536598,10,5,2026-05-04 02:21:41,121.93,55,France
538491,130,1,2026-07-04 00:05:35,236.56,98,Netherlands
537106,128,20,2026-04-15 12:40:06,179.73,6,Switzerland
537555,60,18,2026-06-05 08:51:13,97.78,45,France
537657,50,12,2026-07-04 11:38:56,27.64,106,Italy
538449,101,7,2026-04-29 01:30:25,28.86,85,Netherlands
538320,79,7,2026-07-10 23:38:38,8.2,11,United States
538373,100,8,2026-04-27 11:46:23,172.23,21,Germany
537939,2,1,2026-06-08 21:06:01,139.48,40,United States
537664,129,15,2026-05-28 02:32:25,133.06,1,Spain
536542,92,3,2026-07-08 01:05:27,196.66,126,Switzerland
536510,82,6,2026-05-01 01:44:58,160.14,57,SWITZERLAND
537339,75,14,2026-07-08 05:56:20,70.91,111,ITALY
536418,47,9,2026-05-19 23:26:51,176.57,69,France
536723,78,20,2026-05-26 01:12:48,126.4,43,UK
537920,127,11,2026-05-08 14:34:40,14.26,59,Italy
536965,18,11,2026-05-25 13:34:58,177.39,72,United States
537424,37,8,2026-06-23 00:00:59,160.79,83,France
537977,55,6,2026-06-19 20:36:15,234.94,4,france
537305,92,6,2026-05-28 23:23:06,91.16,40,Germany
536891,85,6,2026-05-28 21:38:25,-15.22,114,United States
536479,17,19,2026-05-20 08:01:56,28.13,48,UK
538044,10,8,2026-04-30 16:17:04,190.8,65,United Kingdom
538051,81,14,2026-05-10 21:05:19,120.65,27,Germany
536382,1,10,2026-04-18 13:32:56,73.87,33,United States
537544,55,17,2026-05-22 07:18:17,213.68,19,Germany
538202,115,16,2026-06-03 20:47:32,241.6,91,Belgium
538266,109,10,2026-05-10 15:38:36,166.74,93,France
537163,93,15,2026-05-17 16:07:08,66.24,104,United States
537691,105,10,2026-06-05 15:34:24,38.25,25,netherlands
537709,33,5,2026-07-11 07:07:03,129.19,11,France
537472,119,18,2026-05-16 12:14:08,232.12,23,Belgium
537068,76,5,2026-05-03 06:02:38,131.36,74,Germany
536454,61,15,2026-06-10 06:02:21,189.18,127,united kingdom
536377,78,20,2026-06-24 03:29:46,246.01,77,Netherlands
537132,114,1,2026-05-10 02:59:22,40.78,58,Italy
537728,70,13,2026-07-05 23:53:05,148.56,103,Belgium
537128,130,12,2026-04-25 06:35:18,111.1,78,Portugal
537096,23,2,2026-05-11 08:54:48,194.75,28,Spain
537423,54,4,2026-05-07 17:51:47,243.05,9,Italy
536864,65,16,2026-05-03 11:03:47,117.33,96,PORTUGAL
537832,73,3,2026-05-19 14:23:12,16.18,51,Switzerland
538165,94,20,2026-05-07 10:34:46,94.16,107,United States
538268,99,6,2026-07-05 23:28:04,47.21,128,Espagne
538322,59,12,2026-05-22 06:42:30,80.07,37,Belgium
537327,21,13,2026-06-13 01:09:56,231.19,7,Germany
538388,64,1,2026-06-05 07:28:00,3.11,4,Frnace
538492,3,10,2026-05-21 03:40:13,38.17,12,GERMANY
538211,14,8,2026-05-08 21:12:24,5.4,124,italy
538114,61,4,2026-06-01 08:00:08,193.42,53,Belgium
537296,74,,2026-07-05 19:58:43,39.88,111,netherlands
536826,41,12,2026-07-13 17:47:06,126.66,114,france
536692,73,7,2026-04-17 15:18:07,48.22,,Spain
537394,69,11,2026-04-16 07:39:17,34.33,36,United States
538123,99,10,2026-06-12 16:59:32,99.0,97,United States
537117,74,2,2026-04-27 19:33:13,64.68,2,United States
536814,128,1,2026-06-12 06:15:07,63.36,66,Netherlands
C536526,126,-12,2026-04-22 00:35:09,188.28,64,United States
536372,40,6,2026-05-04 11:00:58,-8.25,103,Italy
536429,10,10,2026-06-16 01:41:05,229.6,38,United Kingdom
537586,126,17,2026-05-07 03:58:08,128.64,57,Portugal
536435,47,18,2026-04-21 13:04:59,75.56,95,Portugal
538245,117,18,2026-06-29 17:51:48,144.66,67,SPAIN
537538,101,13,2026-06-15 13:16:24,46.45,57,France
537385,29,19,2026-05-21 16:09:17,163.37,23,Belgium
536597,9358,7,2026-07-13 01:11:08,200.49,34,Suisse
536863,70,17,2026-06-16 09:00:13,82.63,21,germany
537638,17,14,2026-04-29 01:49:02,175.65,74,France
536400,75,17,2026-05-18 15:56:41,177.24,62,United Kingdom
537508,13,20,2026-05-15 19:35:19,185.68,47,Switzerland
537677,9757,5,2026-05-18 04:22:11,237.05,15,Germany
536854,128,10,2026-04-20 12:46:15,35.55,82,United States
538006,92,10,2026-04-30 02:52:20,170.1,,U.S.A
537340,33,19,2026-05-28 03:28:02,195.39,50,Portugal
538523,8,8,2026-07-09 09:16:50,66.57,38,United Kingdom
538095,115,14,2026-06-14 20:05:25,194.62,111,Switzerland
537240,99,7,2026-04-14 19:18:36,55.98,63,United States
537948,50,3,2026-06-26 01:10:26,137.36,123,United Kingdom
537336,47,13,2026-07-10 16:01:10,113.25,24,Switzerland
536928,76,20,2026-05-21 06:09:38,143.82,38,Italy
538585,99,11,2026-05-13 19:53:40,58.65,14,united states
538206,93,2,2026-05-11 01:10:40,16.99,74,United States
537191,62,1,2026-04-22 14:59:58,114.94,96,switzerland
536667,86,8,2026-07-12 19:33:54,119.32,16,France
537353,85,20,2026-04-23 00:14:23,202.66,113,United States
536886,81,15,2026-05-25 23:24:17,169.6,118,Switzerland
537576,94,3,2026-05-16 16:20:21,127.85,80,Netherlands
537083,82,5,2026-06-25 13:38:31,118.53,61,Portugal
538238,31,12,2026-05-21 02:26:23,10.84,77,United States
537898,49,13,2026-07-02 10:40:32,163.08,44,PORTUGAL
536651,125,17,2026-06-22 12:42:49,71.89,27,United Kingdom
538037,41,1,2026-05-06 13:29:34,190.31,94,Switzerland
537332,9,,2026-05-15 12:30:07,66.98,61,Switzerland
536852,31,15,2026-06-09 22:49:31,222.55,53,Spain
537564,63,14,2026-06-30 09:07:45,215.28,78,PORTUGAL
537955,49,18,2026-05-25 07:10:37,238.91,33,France
537125,106,13,2026-05-29 03:42:37,239.0,75,Germany
537693,5,8,2026-04-14 08:13:22,7.91,115,portugal
538435,1,17,2026-06-13 23:22:23,173.72,128,Switzerland
537523,111,2,2026-07-06 17:50:12,200.15,89,Germany
537174,37,15,31/02/2026,94.4,12,United States
537763,93,7,2026-04-21 18:19:38,138.68,16,Switzerland
536501,70,8,2026-06-21 07:24:56,21.45,101,Germany
C538504,12,-15,2026-05-29 16:16:03,115.98,111,Italy
536922,71,9,2026-04-18 00:29:04,161.15,75,United States
537720,24,2,2026-04-15 12:33:27,228.03,15,United States
537135,119,18,2026-05-31 01:45:26,38.93,124,Germany
537217,47,7,2026-06-19 02:48:26,207.72,53,Spain
537667,104,11,2026-06-15 10:36:52,75.94,7,Portugal
537060,91,1,2026-07-08 20:57:55,193.77,118,Switzerland
536993,3,10,2026-07-09 07:27:29,220.46,3,Italy
538237,18,19,2026-04-21 08:24:53,57.79,123,United States
537305,21,17,2026-04-21 17:25:33,39.25,40,Germany
537758,36,3,2026-05-12 06:43:10,245.3,85,Spain
536620,11,13,2026-07-05 07:54:50,32.19,62,Pays-Bas
537659,30,6,2026-05-27 17:35:24,56.72,43,Portugal
537964,56,2,2026-06-03 10:40:15,6.52,2,France
537460,26,16,2026-04-21 22:10:33,36.49,16,Spain
537221,89,11,2026-05-21 01:23:01,64.53,120,Netherlands
537789,15,13,2026-04-18 13:41:03,187.68,3,Germany
537999,62,16,2026-05-18 03:27:43,135.16,104,Spain
537441,84,5,2026-05-16 20:45:48,44.55,86,France
537721,11,5,2026-05-23 22:34:11,39.51,65,BELGIUM
536870,27,2,2026-05-28 00:38:53,94.27,8,Netherlands
536449,98,13,2026-06-22 00:44:53,205.14,32,switzerland
537196,91,7,2026-07-07 11:17:20,227.66,90,United Kingdom
537446,39,10,2026-04-18 02:21:46,28.5,87,United States
536952,22,1,2026-05-03 05:50:48,5.14,25,Germany
537445,95,6,2026-04-24 06:07:46,74.27,107,Spain
538465,47,5,2026-05-09 20:36:35,66.64,56,Germany
538416,1,5,2026-06-01 01:54:26,160.1,31,SPAIN
537558,10,19,2026-04-14 02:38:02,200.15,3,United States
538136,1,14,2026-05-28 08:58:08,173.06,29,Spain
C537539,68,-16,2026-05-30 08:35:49,9.72,29,Germany
537325,104,19,2026-04-18 15:29:34,139.7,110,Switzerland
537644,64,1,2026-06-03 04:23:37,233.76,111,Netherlands
537874,62,12,2026-05-28 17:00:32,216.24,45,Italy
C536947,31,-8,2026-05-03 11:20:48,191.26,100,Switzerland
537775,96,19,2026-05-12 01:21:31,206.6,43,Germany
537133,114,20,2026-05-03 15:06:55,145.21,33,France
538557,18,14,2026-05-25 05:45:59,148.83,62,Portugal
537580,27,1,2026-07-02 13:12:49,106.58,105,Switzerland
538344,101,20,2026-06-21 03:16:09,218.29,110,Portugal
537114,94,12,2026-05-12 06:51:10,181.23,74,Belgium
537832,126,14,2026-05-14 09:52:51,14.1,51,Switzerland
537753,90,9,2026-06-26 16:52:53,46.34,99,France
538093,11,18,2026-06-03 19:00:24,32.82,3,France
536604,119,13,2026-06-26 23:14:52,148.86,27,Belgium
537545,88,14,2026-05-31 19:40:14,226.24,10,france
537803,46,7,2026-06-07 19:13:25,87.03,126,Spain
538317,48,17,2026-07-07 06:53:12,214.49,10,Italy
538517,126,8,2026-06-05 06:43:07,199.92,78,Italy
537347,77,6,2026-05-28 22:17:51,13.17,49,United Kingdom
536827,28,16,2026-06-05 06:30:58,233.76,67,United Kingdom
537003,45,8,2026-05-04 01:53:39,72.03,32,Germany
538116,101,15,2026-07-09 21:13:35,116.82,82,Switzerland
537683,56,5,,49.99,26,United Kingdom
538078,10,9,2026-05-25 19:43:59,190.93,116,Netherlands
536425,97,11,2026-05-10 11:37:52,203.86,86,Germany
537053,30,5,2026-05-27 20:23:11,225.51,114,Spain
537385,69,1,2026-05-01 16:33:08,157.09,,Belgium
536830,128,7,2026-04-21 17:52:12,208.6,88,United Kingdom
538128,19,20,2026-07-09 02:09:00,23.1,123,Netherlands
538334,28,1,2026-05-30 18:32:14,240.75,97,France
536865,25,2,2026-04-16 18:15:03,0,18,France
536569,96,7,2026-04-29 05:46:29,104.7,60,France
536475,67,8,2026-07-10 14:42:07,129.14,22,Germany
536687,41,1,2026-07-08 07:28:42,9.89,33,Portugal
538235,68,15,2026-05-05 22:30:33,58.85,56,United Kingdom
537785,104,20,2026-05-01 16:55:14,84.5,43,spain
538170,24,17,2026-06-29 00:04:25,158.97,104,Germany
538499,91,14,2026-05-30 11:15:05,82.22,47,Suisse
537750,106,9,2026-07-02 11:45:55,111.43,53,Portugal
537032,85,6,2026-05-03 11:51:43,137.63,55,Portugal
537700,19,13,2026-07-08 23:49:39,120.81,85,Switzerland
537140,75,2,2026-06-14 21:15:28,29.77,8,Belgium
538010,41,16,2026-06-19 18:55:37,148.48,84,United Kingdom
537201,123,8,2026-07-05 01:23:12,19.47,48,United Kingdom
537385,87,6,2026-06-09 11:07:10,173.07,23,Belgium
536403,102,3,2026-05-20 00:33:13,213.39,37,Belgique
537362,69,7,2026-05-01 22:20:49,83.54,68,Spain
536893,33,5,2026-04-24 02:39:48,153.04,126,united states
537520,2,10,2026-04-24 12:07:46,248.14,2,United States
537523,83,4,2026-05-19 05:43:49,22.36,89,Germany
537450,56,2,2026-05-15 21:09:07,21.26,108,Netherlands
537637,58,9,2026-06-15 12:09:12,232.24,58,Portugal
537599,29,12,2026-04-17 03:18:07,55.0,45,United Kingdom
537043,32,12,2026-04-20 15:59:31,83.3,31,United States
538565,9,10,2026-05-23 08:45:21,243.18,125,Switzerland
536895,4,17,2026-06-18 07:00:13,224.84,81,Portugal
537032,74,4,2026-04-19 11:29:07,214.24,55,portugal
537962,23,2,2026-06-18 13:20:09,3.95,18,United Kingdom
538555,100,8,2026-06-28 03:18:18,128.28,92,France
537787,18,19,2026-07-12 02:11:07,226.03,104,Italy
538012,130,2,2026-04-14 12:27:43,73.85,112,United Kingdom
536700,58,2,2026-07-03 17:24:17,71.65,71,Germany
536887,55,4,2026-06-15 17:15:17,143.97,111,Belgium
536770,101,20,2026-07-01 03:13:12,49.4,24,Netherlands
536796,24,3,2026-06-18 23:31:36,9.33,31,Switzerland
537657,70,14,2026-05-22 07:08:17,189.38,106,Italy
538146,127,4,2026-07-11 16:41:54,233.41,116,Germany
537123,115,19,2026-05-28 11:04:49,122.96,5,France
537552,95,1,2026-06-13 16:52:33,175.33,75,Spain
537438,96,17,2026-06-25 08:30:24,15.74,3,Spain
536551,55,5,2026-06-28 07:39:19,49.17,20,Portugal
536804,3,5,2026-04-19 08:16:10,28.97,78,Spain
536509,45,13,2026-05-05 06:38:46,78.79,26,Italy
536838,68,19,2026-05-05 20:04:26,56.49,99,Spain
538426,21,2,2026-05-07 13:31:44,183.74,98,Spain
536796,40,1,2026-06-30 21:45:38,155.67,31,Switzerland
536528,27,17,2026-05-28 06:05:17,180.54,36,Belgium
537609,100,14,2026-06-20 14:54:50,234.93,45,Italy
536797,93,,2026-04-19 08:53:19,99.53,97,Spain
537110,50,2,2026-04-26 06:22:32,154.18,,France
537101,45,18,2026-06-11 07:30:15,202.51,126,United Kingdom
C537829,31,-8,2026-07-07 11:13:12,103.55,70,Portugal
537068,41,7,31/02/2026,152.82,74,Germany
537309,13,3,2026-04-19 03:31:01,25.1,2,United States
537117,104,16,2026-05-27 20:22:57,142.41,2,United States
C538028,18,-18,2026-05-29 16:42:44,85.71,1,Belgium
536617,126,16,2026-06-21 23:52:58,110.71,5,Netherlands
537554,17,7,2026-06-12 22:08:44,118.46,73,Germany
536951,99,17,2026-04-29 17:37:19,109.65,116,Spain
536381,9446,13,2026-06-14 05:02:33,225.18,68,France
537941,52,9,2026-07-07 08:26:00,21.07,53,france
C537459,108,-6,2026-06-17 14:10:29,67.39,3,Netherlands
538353,83,15,2026-05-14 09:06:45,100.25,112,Switzerland
536955,7,16,2026-06-11 02:03:46,81.69,5,Switzerland
538571,113,5,2026-06-19 16:46:39,89.89,84,France
537981,120,18,2026-04-23 07:35:50,104.62,7,Germany
536417,28,12,2026-06-15 03:00:00,211.81,80,Italy
536922,93,8,2026-06-27 23:49:40,217.73,75,United States
537506,5,11,2026-05-10 17:15:23,24.25,43,Netherlands
537516,44,2,2026-06-29 04:34:26,6.37,,belgium
536736,60,20,2026-05-18 03:06:26,122.68,36,France
538587,6,9,2026-05-13 22:14:22,55.78,61,Switzerland
537336,53,15,2026-05-13 09:00:06,87.45,24,Switzerland
538116,123,1,2026-04-25 04:35:22,15.26,82,Switzerland
537971,97,13,2026-07-09 00:26:31,142.69,123,UK
538026,49,12,2026-04-18 08:12:21,106.04,58,Belgium
537328,62,18,2026-04-19 06:29:22,4.32,114,Belgium
536715,73,7,2026-05-13 11:19:52,0,78,Germany
537017,63,8,2026-04-23 05:09:50,204.29,72,Switzerland
536455,57,5,2026-05-10 07:19:11,121.11,93,United States
536798,88,12,2026-05-11 00:35:20,122.53,9,Germany
536730,42,7,2026-05-31 15:02:31,191.45,79,SWITZERLAND
537983,60,16,2026-05-09 09:56:58,127.54,115,France
537910,89,12,2026-06-23 01:36:52,171.56,3,United Kingdom
538388,102,17,2026-04-25 20:30:11,184.83,4,France
536534,57,1,2026-04-18 07:00:03,87.32,5,GERMANY
536694,12,16,2026-06-09 14:11:09,215.91,83,Belgium
536668,95,5,2026-06-27 02:53:19,242.11,12,France
537934,57,1,2026-05-18 19:41:06,14.63,72,Germany
538571,15,10,2026-05-13 20:12:22,123.91,84,France
537207,119,13,2026-07-08 04:51:41,78.62,117,Spain
536544,85,2,2026-06-12 09:55:47,24.62,2,Germany
538514,68,5,2026-07-05 07:20:01,171.51,116,Germany
538179,39,6,2026-04-24 04:06:42,54.79,98,UK
536497,20,19,2026-05-04 07:41:28,95.08,108,United States
538017,117,8,2026-04-23 15:38:49,16.47,9580,Netherlands
537427,92,18,2026-05-28 03:34:04,73.01,96,Germany
536475,57,15,2026-05-23 07:57:48,95.41,22,Germany
536460,82,19,2026-04-29 11:31:34,150.69,9,Netherlands
537571,52,,2026-05-14 05:23:52,235.55,130,United Kingdom
538459,121,4,2026-05-18 07:00:11,72.93,122,Netherlands
536386,125,8,2026-05-27 15:33:59,70.83,71,Portugal
538411,94,17,2026-06-17 09:02:24,228.45,12,Belgium
537963,75,9,2026-05-26 04:17:44,54.94,101,Spain
537591,112,10,2026-05-01 20:40:23,222.02,41,Portugal
537716,122,6,2026-06-30 02:50:18,172.46,8,UK
C537022,23,-2,2026-05-31 23:52:58,43.81,9,United Kingdom
536638,38,19,2026-04-22 15:01:37,182.95,85,SPAIN
537754,116,3,2026-07-02 13:59:58,247.19,60,netherlands
536472,93,9,2026-06-04 12:30:50,236.22,124,Germany
538035,112,11,2026-04-14 22:58:20,157.46,66,Italy
538545,79,1,2026-05-09 02:01:32,166.9,48,Portugal
537373,16,8,2026-07-02 18:40:13,106.5,128,Italy
538406,106,7,2026-05-02 00:18:18,36.05,45,United States
538421,72,14,2026-05-13 16:12:13,227.49,90,France
537715,109,18,2026-06-28 23:44:08,146.01,103,Netherlands
537456,111,6,2026-04-17 02:19:56,98.97,13,Germany
537197,13,18,2026-05-18 00:20:10,244.1,59,Switzerland
538579,42,9,2026-05-29 19:16:57,74.85,31,United Kingdom
538419,41,6,2026-05-23 00:52:43,48.96,121,Netherlands
537503,120,11,2026-05-03 07:16:09,150.67,63,belgium
538223,24,20,2026-06-21 11:16:13,182.35,2,France
536886,89,3,2026-06-16 21:21:50,54.27,118,SWITZERLAND
536726,98,17,2026-05-25 22:50:25,82.44,,United States
537510,92,1,2026-05-31 14:59:41,190.09,32,Spain
537066,3,,2026-05-28 19:03:03,228.14,83,United States
538076,41,20,2026-07-03 13:22:54,208.0,75,Portugal
537250,50,15,2026-06-23 03:34:17,244.75,92,United States
536614,91,14,2026-07-06 16:38:16,153.79,11,Germany
536926,48,13,2026-05-13 09:12:54,52.93,82,Espagne
537207,123,1,2026-05-24 04:46:29,178.61,117,Spain
537368,64,7,2026-06-29 13:40:47,82.19,105,United Kingdom
536416,122,3,2026-06-13 00:50:19,25.53,25,Italy
538345,75,9,2026-05-09 20:11:14,118.22,9141,Spain
536623,31,19,2026-05-21 01:16:32,137.83,103,Italy
536374,59,3,2026-06-17 23:26:04,226.64,96,Netherlands
537794,127,19,2026-06-23 17:04:09,181.0,57,United States
536475,129,5,2026-06-06 05:08:13,88.21,22,Germany
537862,10,12,2026-06-13 20:07:45,40.32,126,France
538315,123,13,2026-04-18 18:09:37,67.15,42,Switzerland
536467,104,13,2026-05-11 22:21:36,96.16,9,Germany
537865,82,3,2026-06-21 11:47:59,218.11,1,Italy
536806,118,4,2026-04-26 07:49:42,34.19,36,Suisse
537703,86,2,2026-06-30 15:21:29,182.83,73,France
537008,44,9,2026-04-25 14:29:31,129.77,3,Italy
537595,56,18,2026-05-15 07:31:18,63.74,40,Portugal
538176,58,12,2026-05-05 00:38:50,246.48,12,Pays-Bas
537813,48,8,2026-05-13 03:44:24,218.12,42,United Kingdom
536584,103,9,2026-07-04 04:42:03,24.01,13,Portugal
536932,14,12,31/02/2026,148.1,15,Italy
537254,90,7,2026-06-02 12:56:52,28.1,58,Italy
536693,71,7,2026-05-19 02:41:55,63.59,84,Germany
536603,123,15,2026-04-30 01:13:05,211.9,21,Netherlands
538288,41,17,2026-06-13 13:33:42,96.62,124,Switzerland
537645,9254,2,2026-04-16 17:57:49,83.08,54,France
538491,43,15,2026-05-20 17:24:13,177.52,98,Netherlands
537323,106,15,2026-07-09 13:04:35,17.27,116,Belgium
537670,80,20,2026-05-07 06:13:47,51.73,124,Italy
538003,4,16,2026-07-10 03:24:09,58.04,59,United Kingdom
537071,54,17,2026-06-07 06:23:59,208.35,37,Switzerland
536639,101,7,2026-05-06 11:42:35,124.14,51,France
536996,41,8,2026-04-18 10:01:05,150.95,58,United Kingdom
538041,32,11,2026-04-26 04:35:34,153.27,33,Italy
538081,107,7,2026-06-20 06:32:06,33.62,50,Netherlands
537929,56,8,2026-05-28 07:23:46,205.52,44,portugal
537540,15,13,2026-06-09 23:50:23,0,59,Belgium
536959,21,6,2026-05-18 16:16:35,25.65,85,Germany
537691,34,10,2026-04-14 07:05:48,26.69,25,Netherlands
536408,84,20,2026-05-13 23:44:55,57.68,7,Switzerland
536481,45,18,2026-04-23 19:25:25,44.22,108,Switzerland
536695,97,4,2026-07-08 11:54:22,15.81,83,Spain
C537227,67,-19,2026-05-11 04:19:52,220.13,39,United Kingdom
538324,68,19,2026-06-04 12:11:38,51.2,17,Netherlands
536831,62,17,2026-07-12 01:09:45,233.16,36,Germany
536785,106,17,2026-05-02 20:53:39,114.17,67,Netherlands
536891,124,2,2026-05-12 20:25:56,75.36,114,United States
537002,5,6,2026-06-01 04:14:56,25.52,16,France
538191,116,,2026-04-17 01:32:08,226.91,63,United Kingdom
536981,52,9,2026-06-16 19:47:48,9.03,45,France
538108,35,1,2026-04-18 16:42:26,13.87,98,Italy
537035,88,13,2026-05-27 08:32:54,198.79,5,Switzerland
536377,90,3,2026-06-12 21:48:24,220.18,77,Netherlands
538469,77,11,2026-05-25 19:09:42,63.22,110,Switzerland
537471,26,16,2026-05-30 03:29:22,75.99,114,United Kingdom
538241,12,19,2026-07-03 10:32:56,116.72,40,Belgium
536753,32,13,2026-06-22 11:24:47,6.43,15,Germany
536748,56,5,2026-05-09 07:57:09,151.73,76,Portugal
538185,113,8,2026-05-07 16:35:00,137.3,48,United Kingdom
538070,101,12,2026-06-08 04:00:04,66.45,35,Spain
537747,98,7,2026-07-13 06:54:52,17.93,8,United States
537486,96,1,2026-05-09 16:51:04,48.95,69,United Kingdom
536566,75,9,2026-04-28 10:44:06,152.53,87,Belgium
536562,26,11,2026-05-06 23:30:38,92.32,118,germany
538173,26,14,2026-05-08 20:37:41,188.76,17,Netherlands
538336,39,18,2026-04-30 13:00:21,20.6,96,Netherlands
536676,102,10,2026-04-26 06:12:11,24.65,77,Italy
537290,3,6,2026-07-08 15:32:53,19.28,52,Belgium
538323,69,8,2026-07-10 08:08:39,138.56,26,Belgium
536613,43,7,2026-06-16 00:32:30,145.71,61,Netherlands
538214,30,11,2026-05-30 16:23:04,129.26,21,France
537533,57,14,2026-05-12 13:13:10,210.75,34,Netherlands
537069,53,12,2026-07-02 21:00:31,99.48,6,Italy
538580,37,18,2026-05-14 07:19:17,54.99,20,Italy
538324,116,5,2026-05-13 01:31:40,191.49,17,Netherlands
538429,82,2,2026-07-01 19:09:43,98.6,117,Portugal
538415,64,13,,190.42,35,United Kingdom
538312,38,20,2026-06-26 00:38:21,224.74,14,FRANCE
537535,26,2,2026-05-21 15:06:38,241.73,110,Pays-Bas
537493,99,17,2026-05-11 21:51:47,86.96,90,Belgium
537766,115,19,2026-06-15 20:26:18,70.05,88,Belgium
536527,13,20,2026-07-12 07:07:20,248.69,66,Portugal
538318,26,19,2026-07-04 19:04:36,116.18,4,Netherlands
537376,20,,2026-05-27 09:06:49,20.61,106,Italy
537749,37,12,2026-05-14 07:46:41,138.95,50,Switzerland
538496,104,13,2026-05-22 06:28:18,108.66,66,United Kingdom
537060,9125,5,2026-06-08 04:26:54,18.94,118,Switzerland
537063,88,2,2026-05-16 04:07:55,74.55,6,Germany
538149,55,16,2026-05-21 02:54:15,133.79,93,Italy
538489,48,3,2026-05-20 02:16:46,72.65,36,Italy
C538028,85,-17,2026-05-27 00:28:12,167.55,1,Belgium
536636,42,18,2026-06-06 09:35:50,73.46,96,spain
537505,24,16,2026-04-19 07:27:22,174.09,6,U.S.A
538486,36,5,2026-07-03 04:50:02,26.72,22,Italy
538303,53,12,2026-04-26 03:48:50,9.72,61,belgium
538113,93,11,2026-05-20 18:15:31,134.41,96,United Kingdom
536860,22,4,2026-07-03 06:23:15,141.54,28,Netherlands
537806,8,18,2026-06-04 09:08:45,231.78,20,Spain
536719,9027,15,2026-05-21 04:20:27,43.72,75,Germany
537659,98,7,2026-05-04 00:10:39,105.82,43,Portugal
537091,40,5,2026-04-18 22:49:21,82.07,119,Netherlands
536469,37,13,2026-07-13 17:58:20,232.43,122,Spain
536520,67,10,2026-06-24 09:26:43,49.52,102,Switzerland
537038,106,3,2026-04-21 01:23:01,243.86,109,Spain
537598,71,20,2026-06-16 01:50:07,136.75,26,Belgium
536583,3,13,2026-04-24 13:57:24,16.37,31,United States
537548,103,17,2026-04-16 21:51:22,166.38,121,Switzerland
536465,124,16,2026-06-15 14:11:23,6.89,16,Switzerland
538340,41,20,2026-07-13 21:52:28,54.45,30,Portugal
C537057,22,-11,2026-05-22 17:13:59,43.74,7,France
537466,92,5,2026-05-01 02:28:21,131.4,,Espagne
536775,91,11,2026-05-15 14:57:52,125.07,47,Belgium
538438,12,13,2026-06-24 08:29:59,99.59,101,Netherlands
538584,41,5,2026-06-11 09:38:08,145.21,45,Italy
537324,124,4,2026-06-14 08:48:05,29.28,117,United States
538077,126,10,2026-06-30 05:06:48,115.46,35,Belgium
536505,72,2,2026-05-26 04:18:28,202.74,64,Portugal
537281,37,6,2026-07-11 02:01:01,74.53,8,Switzerland
537809,81,7,2026-07-06 18:02:55,20.85,77,italy
536865,89,1,2026-05-03 13:24:14,232.19,18,France
538431,128,6,2026-05-01 22:10:30,236.92,3,Spain
537817,91,8,2026-05-17 01:21:09,26.34,43,France
538014,130,4,2026-06-16 00:46:52,154.51,92,ITALY
536900,77,20,2026-05-23 14:53:36,54.94,88,Portugal
537628,86,1,2026-07-04 04:44:18,121.48,34,Italie
538074,121,9,2026-06-22 21:00:28,28.57,72,Switzerland
537061,44,17,2026-04-25 01:46:44,144.14,49,Portugal
537842,26,17,2026-06-21 05:08:42,87.79,115,united states
536979,117,,2026-04-30 22:37:37,174.64,9,Germany
C538561,55,-12,2026-04-22 20:00:26,204.62,98,France
536459,108,20,2026-05-16 06:01:27,192.22,108,Italy
536630,119,5,2026-07-10 02:38:03,218.93,7,Netherlands
536516,26,10,2026-05-06 17:39:31,217.27,26,Allemagne
536905,126,10,2026-07-09 05:51:04,144.98,110,Belgium
536429,39,18,2026-05-26 18:30:54,235.24,38,United Kingdom
537497,69,14,2026-06-26 13:16:49,108.66,39,Portugal
538201,49,12,2026-07-08 07:55:56,43.43,33,Portugal
537428,66,18,2026-07-04 08:11:17,53.24,30,Belgium
537968,37,4,2026-07-06 11:22:08,6.99,34,United States
537882,122,9,2026-04-23 06:58:40,156.69,2,Portugal
537092,64,5,2026-07-08 00:39:51,171.83,88,Italy
538591,20,8,2026-04-20 02:12:55,171.95,63,Belgium
537063,130,1,2026-05-28 14:34:05,193.69,6,Germany
538423,98,19,2026-05-01 18:58:27,36.69,78,portugal
538016,97,9,2026-05-21 21:53:45,7.29,6,United Kingdom
537444,86,19,2026-05-12 11:18:08,212.22,14,Switzerland
536443,91,2,2026-06-18 20:34:16,15.48,56,Switzerland
537819,96,19,2026-06-17 16:36:55,233.22,90,Italy
537107,84,5,2026-04-22 23:07:39,146.16,113,France
536625,9660,16,2026-07-01 11:12:34,46.55,54,Spain
536650,102,15,2026-06-18 23:09:44,132.1,126,Germany
537325,27,14,2026-05-21 10:24:24,238.97,110,Switzerland
538387,99,11,2026-06-10 06:31:29,106.69,108,Spain
536442,116,8,2026-05-30 21:11:24,37.8,32,Spain
536418,9083,2,2026-05-23 13:02:27,41.43,69,France
537686,11,12,2026-06-24 15:08:44,101.29,38,Italy
537695,59,1,2026-06-28 03:07:19,172.65,27,GERMANY
537837,88,5,2026-07-11 08:47:14,107.56,9761,Spain
537105,20,10,2026-06-05 03:59:03,61.36,56,Switzerland
537784,12,17,2026-05-04 07:18:09,215.56,39,United States
538019,9,16,2026-07-10 09:10:50,62.6,89,France
537746,101,1,2026-05-16 20:14:06,209.31,118,United Kingdom
536714,91,11,2026-05-03 04:04:58,58.7,107,United States
538551,127,20,2026-05-19 03:07:39,108.31,84,italy
538018,71,11,2026-04-28 08:59:40,209.54,18,Switzerland
538185,64,18,2026-06-08 20:31:35,3.77,48,United Kingdom
536784,128,4,2026-06-01 22:09:35,201.77,11,Belgium
538114,10,19,2026-06-06 13:41:49,81.64,53,Belgium
536644,93,4,2026-05-28 01:46:33,135.0,78,Spain
536469,21,17,2026-05-15 19:40:18,187.13,122,Spain
537593,72,5,2026-05-04 07:33:17,34.18,40,United Kingdom
537516,105,16,2026-05-03 11:16:18,66.16,5,Belgium
537962,22,3,2026-04-15 00:07:57,107.09,18,United Kingdom
538050,108,20,2026-06-03 22:18:04,144.64,59,Netherlands
536726,126,3,2026-06-20 10:26:30,238.55,10,United States
536983,89,10,2026-05-16 06:41:51,39.47,38,Italy
537309,115,18,2026-06-16 07:34:29,207.53,2,United States
538450,9020,13,2026-05-13 11:06:41,184.58,29,Belgique
537447,2,4,2026-06-18 13:04:24,70.65,61,Switzerland
538241,108,14,2026-07-02 21:53:42,53.03,40,Belgium
538458,107,10,2026-05-20 00:06:26,137.78,68,United States
536428,14,16,2026-06-05 06:22:25,218.91,36,Spain
538249,92,9,2026-05-06 09:16:37,107.53,27,United States
537952,68,14,2026-05-27 14:00:58,233.77,111,United Kingdom
537974,8,3,2026-05-24 05:38:38,98.23,49,Spain
537002,57,6,2026-07-01 07:12:15,202.01,16,france
537991,103,14,2026-05-15 12:10:27,51.28,49,United States
537498,82,3,2026-04-14 16:46:26,160.58,57,Spain
538524,94,18,2026-05-11 01:11:15,61.39,,Switzerland
537898,117,8,2026-05-10 01:30:48,22.53,44,Portugal
537608,3,2,2026-06-26 04:33:03,228.8,58,Italy
537755,15,19,2026-05-30 00:59:24,83.24,106,United Kingdom
537703,36,13,2026-07-03 02:42:10,80.82,73,France
536748,33,20,2026-06-09 15:50:15,107.24,76,Portugal
537152,1,7,2026-05-23 08:32:26,184.13,26,Frnace
536787,109,9,2026-06-02 08:26:09,65.26,55,Italy
537083,83,2,2026-06-30 16:54:52,37.79,61,Portugal
536942,96,13,2026-06-17 11:12:37,14.05,100,United States
537077,89,14,2026-06-10 00:14:53,222.16,93,United States
536420,5,15,2026-06-01 21:41:08,230.53,11,Belgique
536969,31,10,2026-07-04 16:05:42,184.15,52,United States
536765,31,14,2026-04-26 16:40:27,19.72,50,Belgium
536760,30,9,2026-06-12 17:09:09,248.58,22,Belgium
536727,53,8,2026-05-17 22:54:40,128.33,24,United Kingdom
537594,63,19,2026-06-11 05:18:02,41.1,125,Germany
536620,126,1,2026-07-05 22:03:58,119.39,62,Netherlands
538284,68,20,2026-07-06 17:49:25,209.26,20,Suisse
C537872,119,-5,2026-06-06 19:04:23,175.32,18,Switzerland
538198,79,3,2026-06-16 10:24:26,235.54,47,Spain
538346,44,18,2026-05-19 17:51:47,235.34,122,Spain
536429,39,18,2026-05-26 18:30:54,235.24,38,United Kingdom
536691,55,15,2026-05-04 19:23:42,119.92,109,Netherlands
538262,14,,2026-04-26 19:48:44,17.39,79,U.K.
537039,32,6,31/02/2026,145.37,6,France
538526,120,10,2026-07-10 07:24:14,212.63,66,Italy
538007,15,3,2026-06-16 17:36:12,126.6,44,Germany
536600,34,7,2026-05-28 08:54:12,181.97,124,Portugal
536609,72,15,2026-04-16 22:50:07,130.69,37,Portugal
537452,85,10,2026-07-09 14:50:03,139.72,67,Portugal
537196,125,8,2026-05-23 02:55:27,87.96,90,United Kingdom
536670,127,2,2026-06-10 03:12:16,112.06,112,Allemagne
536556,79,19,2026-05-30 23:31:20,88.06,124,Spain
536800,28,20,2026-05-27 21:42:47,97.61,125,Belgium
538146,107,11,2026-06-15 07:41:11,12.11,116,Germany
536514,25,3,2026-04-30 04:04:10,168.03,16,U.K.
536468,85,19,2026-06-15 07:40:39,244.4,128,Belgium
538585,99,5,2026-05-09 17:29:52,44.34,14,U.S.A
537888,43,10,2026-05-27 23:59:01,159.38,1,United Kingdom
538459,100,6,2026-05-31 12:26:58,115.21,122,Netherlands
536404,66,1,2026-04-20 15:43:49,225.03,47,United Kingdom
536424,122,17,2026-06-13 17:35:19,40.26,49,Italy
537889,32,7,2026-07-11 12:57:06,56.93,86,Spain
536459,109,18,2026-04-16 11:44:09,96.68,108,Italy
538471,76,5,2026-07-13 04:48:32,155.15,80,Spain
537723,9277,15,2026-07-10 03:33:05,48.24,27,Netherlands
536987,31,14,2026-05-02 02:48:08,236.38,,Netherlands
538385,3,4,2026-04-21 18:17:21,36.26,73,Portugal
537903,31,3,2026-06-05 21:37:40,226.08,82,United Kingdom
536831,77,4,2026-04-18 18:00:18,32.13,36,Germany
537680,46,11,2026-04-29 22:51:10,37.56,49,italy
538410,37,8,2026-06-18 11:16:56,85.45,12,Spain
538287,56,20,2026-06-19 10:51:39,125.26,4,Portugal
536677,76,19,2026-04-19 13:30:50,207.87,49,France
538506,20,,2026-06-25 22:05:09,154.33,103,Portugal
536505,47,1,2026-06-29 18:53:46,81.76,64,Portugal
538420,114,1,2026-04-23 17:09:35,132.03,11,germany
536738,84,13,2026-05-29 15:40:42,192.28,120,United Kingdom
538474,126,14,2026-06-11 18:35:11,81.3,34,Switzerland
537134,42,7,2026-05-06 22:04:42,179.54,64,Italy
536603,67,12,2026-06-01 12:39:22,99.84,21,Netherlands
538211,123,8,2026-06-28 04:59:48,78.7,124,Italy
536557,127,15,2026-04-28 01:51:06,5.65,14,united kingdom
536857,51,6,2026-06-20 17:06:47,210.02,85,United Kingdom
538378,73,16,2026-07-07 13:09:45,38.81,105,BELGIUM
538127,63,4,2026-07-04 13:58:45,200.55,116,Germany
538080,43,9,2026-05-27 23:58:06,0,108,Netherlands
537914,25,17,2026-05-13 15:21:14,197.42,50,France
537617,89,4,2026-06-08 04:21:28,9.42,60,Portugal
537778,39,3,2026-05-02 12:36:29,6.88,95,United States
537511,118,13,2026-04-22 09:59:26,45.46,102,United Kingdom
536586,12,9,2026-04-14 08:48:16,45.07,5,Belgium
538523,28,19,2026-04-16 21:55:10,210.83,38,United Kingdom
537768,86,3,2026-05-18 01:58:19,109.87,58,France
537431,109,18,2026-05-03 00:42:24,57.51,54,Netherlands
537619,104,15,2026-06-25 00:36:53,117.8,78,Germany
C536383,19,-15,2026-05-29 01:35:19,105.37,122,Switzerland
536482,43,3,2026-05-14 19:30:14,142.65,114,Netherlands
538120,83,18,2026-06-29 10:56:28,124.09,94,Italy
537416,71,4,2026-07-08 01:52:37,143.93,34,Switzerland
537809,100,18,2026-06-25 14:02:04,91.9,77,Italy
536878,129,1,2026-04-16 17:04:49,153.81,97,Netherlands
537638,33,10,2026-06-30 09:39:12,220.11,74,France
537897,54,19,2026-07-10 02:00:55,46.94,14,Frnace
538368,65,5,2026-04-14 22:06:30,223.62,102,Switzerland
538163,2,3,2026-06-30 04:09:46,120.41,60,Germany
537610,79,13,2026-04-28 10:44:03,244.26,38,Italy
537965,73,3,2026-07-10 15:37:46,85.54,122,Netherlands
536373,79,8,2026-06-06 03:57:33,17.31,130,Switzerland
537726,77,8,2026-07-02 20:41:47,64.27,60,Germany
538130,105,5,2026-06-16 01:44:22,215.35,9,Italy
536710,10,7,2026-07-01 01:58:20,57.22,96,Netherlands
538142,9,9,2026-05-23 05:07:22,91.17,130,France
536559,129,10,2026-04-24 16:59:38,86.97,90,Italy
537420,104,18,2026-06-20 05:52:49,54.89,100,United Kingdom
536511,116,,2026-06-24 19:34:08,200.4,58,United Kingdom
537248,43,17,2026-04-29 23:42:16,202.13,88,united states
536839,100,10,2026-05-22 23:30:29,215.05,15,Allemagne
537773,5,13,2026-06-05 03:22:02,76.06,125,portugal
537984,114,8,2026-06-02 15:56:41,232.67,117,Switzerland
537286,88,6,2026-06-18 08:38:07,56.02,2,Netherlands
537129,49,13,2026-07-06 23:17:27,142.17,12,Belgium
536845,28,20,2026-05-22 15:56:37,55.24,8,United Kingdom
538572,101,10,2026-06-09 07:13:45,96.59,78,spain
537948,63,6,2026-07-06 03:43:14,200.62,123,United Kingdom
536595,77,11,2026-06-07 09:22:21,230.34,13,United Kingdom
536862,87,5,2026-05-30 04:12:05,12.02,106,Spain
536720,18,3,2026-05-21 07:01:34,138.46,119,Belgium
537572,20,3,2026-04-19 10:19:11,151.2,4,France
537863,94,4,2026-07-08 06:39:09,57.54,,Netherlands
537706,105,7,2026-05-03 04:21:54,177.31,2,Spain
538047,114,11,2026-06-21 00:55:34,201.55,21,Portugal
C537738,62,-13,2026-04-19 08:22:37,36.1,116,Netherlands
538225,10,5,2026-05-08 18:20:07,91.35,16,Portugal
538034,7,5,2026-05-24 21:57:11,141.99,113,Belgium
538447,27,1,2026-05-19 07:41:24,87.1,20,Belgium
537235,84,9,2026-06-10 04:12:02,140.4,29,Portugal
537506,52,2,2026-07-01 18:02:47,220.14,43,Netherlands
536594,52,1,2026-07-11 03:31:07,156.77,39,United Kingdom
537603,66,16,2026-04-30 07:51:29,168.35,114,Germany
537111,118,14,2026-06-07 08:45:23,118.24,9620,United States
537884,54,17,2026-04-26 22:25:29,78.75,30,United States
536710,102,7,2026-05-06 19:26:39,78.58,96,netherlands
538572,18,10,2026-04-16 08:25:52,185.59,78,Spain
537249,89,13,2026-04-16 06:02:22,190.66,49,France
538418,32,11,2026-05-23 18:30:30,107.5,71,belgium
537645,47,8,2026-05-25 04:59:38,107.51,54,France
536387,112,16,2026-06-19 20:34:15,10.17,57,Spain
537724,85,10,2026-05-07 06:27:22,71.86,119,Netherlands
536513,61,4,2026-07-11 04:46:23,15.26,73,Spain
538389,16,15,2026-04-22 11:33:44,3.64,43,Germany
538080,29,5,2026-06-30 19:51:24,98.1,108,netherlands
536579,16,12,2026-05-04 21:15:59,140.83,126,portugal
536407,102,1,2026-05-31 01:56:51,68.32,107,United Kingdom
536859,118,7,2026-04-24 02:32:59,27.62,50,Suisse
538578,75,5,2026-04-17 02:39:59,71.43,56,United Kingdom
536782,101,12,2026-05-29 07:27:34,243.54,24,Spain
536941,57,11,2026-05-31 07:32:27,21.02,46,Portugal
537516,71,10,2026-05-30 13:25:04,99.58,5,Belgium
537567,51,8,2026-05-10 07:51:28,94.58,19,United Kingdom
536955,107,6,2026-05-25 19:48:08,93.21,5,Switzerland
538154,25,12,2026-06-30 03:24:59,122.72,124,Portugal
537960,120,4,2026-05-06 16:37:33,47.39,28,Spain
536731,129,18,2026-05-03 06:47:56,165.65,38,Spain
536847,121,4,2026-05-22 09:42:10,34.22,36,Switzerland
538446,91,4,2026-05-08 02:05:33,222.0,3,Switzerland
538423,77,13,2026-06-14 07:15:42,171.27,78,Portugal
537293,67,13,2026-05-10 11:50:49,63.5,109,Netherlands
536587,9944,6,2026-04-19 22:03:35,52.12,93,Germany
537350,126,14,2026-05-14 19:58:58,185.05,13,Spain
538112,8,14,2026-05-23 10:57:48,24.08,47,Portugal
536484,106,2,2026-06-16 11:46:10,248.14,83,spain
537081,24,16,2026-06-21 06:59:52,182.07,89,Frnace
537430,32,20,2026-04-30 19:48:38,187.32,99,U.K.
536767,31,6,2026-07-09 22:02:13,58.31,102,Netherlands
538399,103,10,2026-05-28 06:36:07,219.07,89,Netherlands
536665,97,19,2026-04-19 06:30:00,58.45,34,switzerland
536577,94,20,2026-04-23 01:18:55,61.98,42,Germany
536983,36,11,2026-06-02 20:22:55,231.41,38,Italy
536396,69,5,2026-05-13 18:08:17,20.64,60,Spain
536691,96,10,2026-06-24 20:05:02,75.61,109,Netherlands
537393,9244,8,2026-07-01 15:25:16,181.07,97,switzerland
538507,9815,9,2026-04-17 13:17:57,75.56,19,France
537783,9839,9,2026-06-13 18:30:37,63.64,116,Netherlands
538042,130,11,2026-07-07 09:36:31,66.64,54,Portugal
537135,106,17,2026-06-29 06:35:57,212.4,124,Germany
537890,88,20,2026-05-12 09:41:21,200.63,36,Portugal
537862,6,11,2026-07-09 00:44:47,212.27,126,France
536696,109,18,2026-04-19 11:45:44,114.58,33,Spain
537268,23,,2026-06-01 20:37:09,186.89,57,Italy
538132,9954,15,2026-04-25 13:31:44,213.43,38,Netherlands
537573,103,13,2026-05-13 01:16:58,138.25,105,Portugal
536973,14,8,2026-07-08 03:40:28,121.24,107,Belgium
536421,40,3,2026-04-26 06:31:01,46.76,45,Switzerland
536803,116,6,2026-04-21 01:28:56,151.55,20,Switzerland
536774,18,4,2026-06-05 11:12:08,145.73,38,ITALY
538128,130,9,2026-04-14 10:11:20,130.26,123,Netherlands
537655,54,19,2026-05-06 09:53:30,212.12,75,Italy
537965,97,12,2026-04-29 22:33:35,163.18,122,Pays-Bas
538571,66,12,2026-05-03 18:22:17,70.08,84,FRANCE
537766,71,3,2026-06-12 06:56:09,194.03,88,Belgium
537650,9,1,2026-07-06 01:45:49,121.35,122,Portugal
536522,79,14,2026-05-18 18:44:19,197.66,44,Portugal
536634,38,16,2026-07-02 05:24:52,40.17,71,Germany
537303,22,16,2026-05-30 14:02:18,249.8,53,Spain
537166,26,3,2026-05-13 21:22:34,249.21,27,United States
537995,73,9,2026-07-12 02:21:16,68.79,44,Portugal
537450,42,2,2026-05-20 14:50:41,40.18,108,Netherlands
537663,17,2,2026-04-27 06:50:47,57.45,37,Spain
537925,79,20,2026-05-01 06:00:29,175.57,60,SWITZERLAND
537861,13,9,2026-05-10 08:51:40,34.83,48,Netherlands
537469,95,15,2026-05-27 04:50:14,18.17,28,italy
536416,85,4,2026-06-29 20:19:17,104.47,25,Italie
537833,65,7,2026-05-09 15:00:01,222.69,121,United States
537677,14,18,2026-06-11 18:47:33,213.62,15,Germany
C536948,40,-15,2026-04-25 10:40:54,135.5,99,Spain
538171,82,10,2026-05-13 06:22:29,214.38,67,France
537223,113,5,2026-07-01 10:34:49,197.79,127,Italy
536453,127,6,2026-06-28 22:14:45,234.34,10,BELGIUM
536566,104,3,2026-04-22 23:03:28,22.54,87,Belgium
536394,64,4,2026-04-26 11:00:05,140.84,48,France
536741,90,13,2026-05-14 15:03:01,99.59,123,United States
537043,9073,2,2026-06-20 05:35:36,60.02,31,United States
536584,23,4,2026-06-17 22:22:58,168.92,13,Portugal
538142,58,13,2026-06-08 15:31:36,55.16,130,France
538134,118,2,2026-04-20 21:37:08,245.61,114,United Kingdom
536757,96,10,2026-04-16 13:24:00,93.03,32,NETHERLANDS
536638,15,20,2026-04-15 15:47:43,161.4,85,Spain
537887,13,14,2026-04-19 05:28:46,15.53,121,France
537154,125,20,2026-06-21 08:30:51,20.94,104,United Kingdom
538221,58,20,2026-05-22 15:43:12,187.81,30,Spain
537261,102,5,2026-04-14 10:05:14,148.15,55,Italy
C537904,65,-1,2026-05-06 15:55:39,137.36,107,Spain
538554,2,11,2026-04-24 06:42:21,155.21,125,FRANCE
537099,30,11,2026-04-23 18:11:19,217.52,,United Kingdom
537830,81,4,2026-06-24 18:17:32,14.33,23,Italy
537345,75,6,2026-05-28 20:27:49,157.05,67,Spain
537867,94,8,2026-06-23 15:34:26,58.39,130,France
537132,97,13,2026-06-18 08:04:27,138.06,58,Italy
537093,44,13,2026-06-28 13:32:03,236.68,100,United Kingdom
538131,52,12,2026-05-29 20:29:09,219.69,87,United States
537801,74,16,2026-06-16 06:17:10,37.33,22,Suisse
537799,91,1,2026-05-20 09:01:49,205.6,72,Switzerland
537655,9,17,2026-06-30 10:26:46,248.4,75,Italy
537027,43,9,2026-04-17 19:07:21,105.7,48,Netherlands
538586,110,9,2026-07-02 03:21:48,242.61,113,Switzerland
538290,6,3,2026-05-29 09:14:04,23.84,118,Italy
536842,113,19,2026-06-10 21:14:19,81.38,67,Netherlands
537395,73,8,2026-05-07 02:39:20,55.72,18,United States
538049,88,15,2026-06-13 03:34:13,18.84,97,ITALY
537180,108,12,2026-05-24 11:44:22,145.59,29,Germany
C538085,52,-4,2026-06-15 01:24:11,104.03,28,Netherlands
536997,36,16,2026-05-09 20:41:52,86.26,125,Belgium
538083,125,19,2026-06-24 04:55:41,206.24,125,United Kingdom
537360,115,2,2026-05-18 20:42:54,53.29,77,France
538411,20,4,2026-06-06 10:40:28,248.37,,Belgium
537220,87,6,2026-05-22 14:41:55,52.15,47,Netherlands
536632,75,15,2026-06-19 16:41:24,156.37,121,Portugal
537579,9060,2,2026-04-24 00:04:33,238.21,92,Italy
536374,72,16,2026-05-25 05:12:09,55.92,96,Netherlands
537960,33,20,2026-07-10 09:00:27,68.77,9142,Spain
538168,64,4,2026-06-26 14:25:01,120.91,30,Belgium
538212,99,20,2026-05-27 07:56:12,23.62,79,Portugal
537195,17,10,2026-05-10 09:31:33,49.02,46,United Kingdom
537324,47,2,2026-05-21 04:16:28,177.42,117,United States
537070,47,14,2026-04-25 20:47:24,144.29,111,Portugal
537504,104,16,2026-07-06 07:14:08,143.82,28,Espagne
537700,79,2,2026-05-11 14:51:55,123.74,9453,switzerland
538107,107,3,2026-04-16 10:00:35,218.66,112,united states
537138,33,4,2026-05-03 22:16:22,130.12,64,Belgium
536403,74,8,2026-05-13 22:02:26,187.45,37,Belgium
538478,31,9,31/02/2026,6.52,91,United States
536906,49,3,2026-06-13 12:22:53,192.48,120,Switzerland
537717,118,11,2026-06-28 02:57:04,161.08,122,Espagne
538214,17,15,2026-07-07 17:42:54,70.98,21,France
538211,53,3,2026-04-15 22:05:07,102.05,124,Italy
537729,57,6,2026-06-08 04:36:49,204.18,129,United Kingdom
537176,25,13,2026-06-29 20:27:28,140.34,9791,Italy
536942,67,14,2026-06-22 18:21:57,171.06,100,United States
536756,91,4,2026-05-23 01:52:48,4.27,10,netherlands
537479,34,8,2026-05-05 19:07:03,20.1,16,United Kingdom
537779,6,15,2026-06-07 08:36:51,54.34,32,france
536587,129,9,2026-05-13 22:22:05,203.54,93,Germany
537937,124,19,2026-04-25 11:49:00,52.62,67,United States
538059,13,17,2026-07-01 09:21:31,206.53,112,UK
C537539,97,,2026-07-11 05:42:33,141.01,29,Germany
538405,95,18,2026-06-27 19:45:42,191.34,126,Espagne
537980,23,8,2026-05-20 06:33:17,30.59,48,Netherlands
537478,91,7,2026-04-25 15:15:20,170.39,74,United States
536787,110,11,2026-06-14 12:08:52,240.95,55,Italy
538254,9,1,2026-06-28 16:59:23,103.56,38,Italy
537932,16,16,2026-06-11 05:39:29,40.23,5,France
536857,91,18,2026-06-15 02:10:13,18.68,85,United Kingdom
537836,130,8,2026-04-27 02:48:00,198.59,78,Netherlands
537031,107,1,2026-06-28 11:50:30,126.93,102,FRANCE
537988,119,15,2026-04-24 12:54:02,105.77,128,Belgium
536859,80,11,2026-06-17 10:52:56,108.01,50,Switzerland
537066,119,17,2026-04-30 11:29:08,215.02,83,United States
537238,51,4,2026-04-26 19:36:41,184.63,25,United Kingdom
536699,6,18,2026-07-11 18:21:53,154.77,54,France
537425,6,3,2026-05-29 23:34:04,109.71,110,SPAIN
538395,89,4,2026-04-29 18:41:27,144.32,4,France
536704,106,8,2026-04-22 10:18:38,216.55,103,Germany
536521,57,18,2026-06-29 03:09:41,160.66,49,Italy
537647,24,8,2026-05-24 18:25:47,206.11,20,Switzerland
536507,60,20,2026-05-17 09:12:17,57.05,,France
537762,41,3,2026-07-02 21:23:35,188.49,124,Spain
537276,103,9,2026-05-29 04:32:59,174.71,67,Spain
537620,21,16,2026-06-25 07:42:30,190.8,117,United States
537743,53,17,2026-04-22 12:45:45,23.65,110,Portugal
537648,105,8,2026-07-03 11:13:21,7.31,34,Spain
536498,105,1,2026-04-20 08:20:53,60.55,39,France
536627,70,7,2026-05-03 21:58:15,85.97,117,United Kingdom
538536,37,18,2026-05-24 16:36:46,238.63,119,United Kingdom
536446,14,19,2026-04-18 11:16:39,121.67,87,Portugal
538547,44,8,2026-04-20 11:02:26,240.82,124,United States
538457,17,9,2026-07-11 21:17:44,128.55,116,United States
538004,95,6,2026-05-31 16:55:56,131.15,18,ITALY
538278,96,19,2026-06-02 21:34:43,103.85,17,Spain
537727,49,3,2026-04-21 19:32:35,200.55,91,Belgium
537778,116,9,2026-06-21 14:35:52,0,95,United States
537817,103,13,2026-05-22 19:36:09,166.05,43,France
538020,101,17,2026-07-12 21:20:37,234.08,83,United Kingdom
537600,38,18,2026-05-26 09:26:52,93.58,68,Portugal
537912,128,2,2026-04-23 09:52:57,174.84,126,Portugal
538031,93,7,2026-05-22 19:46:52,88.22,58,Netherlands
538278,72,6,2026-04-25 20:37:10,166.99,17,Spain
537774,120,17,2026-04-17 14:36:57,216.04,37,Germany
537088,117,20,2026-05-28 07:12:28,238.86,27,Spain
537484,34,19,2026-05-22 01:15:18,106.45,106,Switzerland
538444,27,6,2026-04-15 18:41:12,17.01,114,Italy
537617,123,10,2026-07-11 23:28:27,86.5,60,Portugal
538227,6,13,2026-06-11 01:49:37,154.77,37,France
538316,105,11,2026-06-02 13:09:00,208.72,40,Italy
537139,112,14,2026-05-30 16:01:21,125.88,97,Spain
536387,13,9,2026-05-01 22:50:25,96.64,57,Spain
537201,70,13,2026-04-28 08:40:45,171.87,48,United Kingdom
538494,125,2,2026-06-15 07:43:45,123.47,79,Belgium
537792,9,8,2026-04-24 09:57:37,229.46,107,united kingdom
536500,106,12,2026-04-17 10:09:40,116.24,12,United States
538377,89,8,2026-04-29 17:38:14,59.84,16,Netherlands
537897,60,19,2026-04-19 23:02:01,139.07,14,France
538067,87,8,2026-05-28 22:23:02,232.73,63,France
C537488,69,-5,2026-05-11 19:22:38,98.76,75,Portugal
537530,129,16,2026-06-15 03:52:48,59.46,33,Belgium
537161,35,7,2026-05-05 05:54:19,13.83,113,France
538544,17,3,2026-06-19 00:43:05,152.61,92,Netherlands
537730,2,14,2026-06-22 10:55:44,47.95,35,Belgium
537935,74,4,2026-05-31 09:35:40,108.16,35,Frnace
536961,65,10,2026-06-06 02:55:21,0,56,Belgium
537684,18,19,2026-06-22 21:04:19,240.53,89,SWITZERLAND
537653,38,1,2026-05-11 05:46:21,180.78,78,United States
536939,83,18,2026-05-26 05:56:24,122.57,126,Germany
538458,85,20,2026-05-18 00:25:01,164.73,68,United States
538157,40,1,2026-06-21 16:54:01,228.61,58,Netherlands
536543,50,11,2026-04-18 09:00:55,129.93,122,Portugal
537189,69,11,2026-06-26 20:43:55,236.91,103,Switzerland
537632,96,17,2026-06-16 14:12:30,238.23,44,France
537157,104,5,2026-04-22 18:59:36,110.63,48,Germany
536528,9508,12,2026-07-09 04:48:45,176.75,36,Belgium
536475,103,11,2026-06-27 05:51:22,241.53,,Germany
536600,80,11,2026-07-06 12:44:56,38.39,124,PORTUGAL
537649,13,7,2026-07-13 22:28:22,151.17,108,Switzerland
537187,26,17,2026-06-03 09:42:34,212.99,69,United Kingdom
537941,114,2,2026-04-17 22:44:50,248.24,53,France
537837,9,15,2026-06-30 01:11:54,157.7,,Spain
537799,102,14,2026-04-30 05:52:10,149.75,72,Switzerland
537079,72,3,2026-04-30 10:45:12,75.38,70,France
537067,73,20,2026-04-30 21:03:53,32.57,28,Italy
537188,57,7,2026-05-15 22:15:48,141.25,98,spain
536679,93,16,2026-06-15 20:05:01,200.54,100,belgium
538487,99,11,2026-04-22 07:36:30,194.41,118,United Kingdom
C537805,70,-9,2026-04-15 04:34:26,222.61,38,Switzerland
538540,73,10,2026-06-16 01:06:08,36.69,115,United Kingdom
536567,44,1,2026-05-26 12:12:03,11.68,100,Spain
537369,2,3,2026-05-05 16:10:59,74.53,45,France
536753,109,17,2026-06-06 16:50:34,233.31,15,Germany
536997,49,12,2026-06-19 16:10:59,243.17,125,Belgium
537564,83,17,2026-06-08 20:46:56,89.65,78,Portugal
536428,7,14,2026-05-04 21:05:24,16.15,36,Spain
536635,75,7,2026-04-26 05:11:05,18.55,114,france
537577,126,18,2026-06-23 14:43:45,151.77,43,Germany
538433,45,16,2026-07-13 02:38:53,62.98,35,U.K.
537225,107,20,2026-05-21 18:59:10,15.35,61,Italy
537678,19,17,2026-07-12 06:12:29,138.1,63,Belgium
537427,7,15,2026-04-25 05:39:41,227.86,96,Germany
537620,88,4,2026-06-15 03:49:36,195.53,117,United States
537823,23,11,2026-05-12 08:56:59,245.37,4,Germany
537974,121,14,2026-05-22 08:16:59,147.65,49,spain
536629,121,17,2026-06-08 15:47:34,11.3,12,France
537909,125,11,2026-04-15 13:53:55,128.97,104,Spain
C537459,57,-1,2026-05-02 15:34:16,246.75,3,Netherlands
537867,81,4,2026-05-09 08:26:29,15.33,130,France
536437,114,3,2026-05-06 08:27:19,203.2,81,SPAIN
538022,33,3,2026-04-21 21:38:45,237.35,18,Switzerland
538581,9,1,2026-04-16 18:53:35,56.25,57,GERMANY
537106,86,9,2026-04-26 07:01:33,216.76,6,Switzerland
537393,47,1,2026-07-11 16:03:42,145.08,97,Switzerland
538246,108,17,2026-06-07 01:44:07,133.29,55,Netherlands
538088,66,1,2026-04-30 07:27:31,176.29,17,U.S.A
538510,37,12,2026-04-24 21:23:18,63.95,19,Germany
536658,47,1,2026-04-14 15:25:22,158.08,81,United States
537905,102,1,2026-06-09 16:20:30,19.21,27,France
537578,17,17,2026-06-14 04:32:38,80.66,11,France
538317,103,19,2026-06-28 16:28:54,0,10,Italy
C538561,93,-19,2026-06-25 12:10:24,207.95,98,France
537295,97,19,2026-06-04 23:06:08,152.98,115,Italy
537695,119,2,2026-05-25 10:31:12,200.1,27,Germany
536896,130,3,2026-06-20 14:23:49,70.05,26,Italy
538312,51,11,2026-04-17 11:22:28,107.91,14,france
538026,126,15,2026-04-29 03:44:34,95.31,58,Belgium
536909,36,15,2026-07-03 00:55:19,33.41,42,Belgium
538003,76,5,2026-06-20 16:05:34,94.87,59,U.K.
537690,96,9,2026-05-03 14:11:16,227.74,,Belgium
538570,12,4,2026-04-16 07:52:59,28.9,63,Italy
537762,127,15,2026-06-25 17:37:10,4.17,124,Spain
538406,74,12,2026-06-08 21:54:19,81.86,45,United States
536418,70,15,2026-06-06 14:36:28,166.5,69,France
537946,122,14,2026-06-03 01:31:13,98.06,103,Italie
537843,84,1,2026-05-05 05:41:50,129.07,21,Italy
537278,48,18,2026-06-17 05:34:17,34.55,114,Italy
537298,57,12,2026-04-25 02:20:11,248.95,80,United Kingdom
C538398,123,-12,2026-06-04 01:07:40,115.8,35,France
536934,6,20,2026-07-03 04:57:05,18.04,36,Italy
536884,6,6,2026-07-06 00:47:48,237.74,109,Belgium
537744,28,19,2026-06-08 09:13:36,217.61,18,Switzerland
538529,116,11,2026-06-02 06:17:41,186.62,116,U.K.
538375,111,9,2026-04-26 18:15:30,106.54,104,Portugal
537507,52,1,2026-05-22 02:55:02,25.08,56,Belgium
538288,51,8,2026-06-29 01:59:07,95.33,124,Switzerland
C536558,4,-3,2026-07-06 05:15:20,230.04,23,Spain
536740,38,2,2026-04-30 23:47:44,150.92,109,Italy
537573,125,1,2026-04-22 17:55:07,72.32,105,Portugal
538137,109,17,2026-07-13 22:11:14,232.43,56,France
538229,1,18,2026-05-29 20:21:13,153.48,81,Belgique
537991,66,1,2026-05-17 14:01:12,223.89,49,United States
537760,17,17,2026-05-11 03:45:04,216.73,63,Italy
536400,35,3,2026-05-06 03:13:51,71.23,62,United Kingdom
536546,85,12,2026-06-05 21:17:27,34.67,89,United States
536949,108,14,2026-04-14 21:05:31,116.76,37,France
536803,127,16,2026-07-11 23:31:26,14.56,20,Switzerland
536604,41,16,2026-07-08 07:35:51,97.8,27,Belgium
538328,19,16,2026-06-14 01:00:28,190.53,,Spain
537687,91,10,2026-05-12 02:44:59,137.56,,United States
536946,10,5,2026-05-14 02:16:35,225.68,,Belgium
537162,55,14,2026-04-18 10:41:45,88.12,23,Portugal
537117,90,12,2026-05-16 00:13:43,73.41,2,USA
537991,87,16,2026-06-03 18:38:47,223.26,49,United States
537644,94,9,2026-04-24 05:32:18,236.68,111,Netherlands
537132,12,20,2026-07-07 08:17:59,231.78,58,Italy
537565,97,16,2026-04-24 15:06:10,15.05,22,Switzerland
536454,76,19,2026-06-02 15:43:51,169.58,127,United Kingdom
536577,73,11,2026-06-14 19:32:18,104.22,42,Germany
536407,70,6,2026-05-19 14:19:30,66.47,107,U.K.
537212,71,19,2026-04-22 23:30:27,114.37,57,Spain
C538437,1,-8,2026-06-14 07:38:29,157.32,39,Switzerland
538145,80,16,2026-06-10 07:02:30,72.18,9577,Belgium
538226,106,5,2026-04-30 23:07:18,245.69,44,France
536473,18,14,2026-04-27 21:34:40,169.23,35,Spain
538470,95,13,2026-04-16 00:09:35,201.74,92,Suisse
537050,45,6,2026-07-05 11:18:33,60.85,71,United States
536417,27,19,2026-06-29 16:02:59,128.33,80,Italy
538313,43,6,2026-04-23 01:12:41,92.66,108,France
538311,121,4,2026-05-01 22:10:51,172.5,125,Belgium
536645,88,6,2026-04-15 09:02:37,178.34,30,Belgium
537047,103,20,2026-05-07 11:29:32,142.61,108,Switzerland
537355,61,3,2026-04-20 10:52:21,169.62,21,Switzerland
536890,62,6,2026-05-27 09:14:40,119.63,118,Italy
537532,109,18,2026-04-19 07:33:46,127.73,102,France
537587,107,5,2026-06-26 05:22:34,221.61,100,France
538062,85,15,2026-06-12 03:43:10,154.98,61,Belgique
537364,5,19,2026-07-11 21:35:02,25.24,56,belgium
537502,47,5,2026-05-27 20:22:39,209.93,36,Belgium
537611,69,2,2026-04-23 02:35:42,225.15,72,Netherlands
537162,80,18,2026-07-05 01:36:31,178.71,23,Portugal
536974,52,19,2026-05-16 20:44:20,11.89,18,France
538409,90,4,2026-06-16 21:36:05,120.29,69,United States
538120,112,7,2026-07-02 14:28:37,4.42,94,Italy
536642,121,4,2026-05-28 15:06:30,164.49,78,Pays-Bas
537406,75,3,2026-04-14 11:40:01,98.82,33,United States
538032,107,15,2026-07-13 10:53:52,208.13,40,Spain
538480,69,4,2026-05-08 04:01:21,234.38,21,Spain
537629,121,19,2026-04-26 01:44:38,132.55,84,Portugal
538336,87,11,2026-05-02 19:48:10,121.27,96,Netherlands
538385,87,7,2026-05-29 05:14:18,207.41,73,Portugal
538149,45,1,2026-05-24 17:40:44,111.33,93,Italy
C538462,7,-5,2026-06-19 18:34:36,206.27,120,Belgium
537762,8,18,2026-04-19 23:09:41,242.32,124,Spain
537542,81,14,2026-05-11 09:58:55,215.81,65,Switzerland
536940,99,7,2026-04-22 15:22:05,89.89,15,Portugal
538161,104,1,2026-06-06 18:47:44,25.39,29,Italy
538298,113,10,2026-05-18 16:04:20,98.75,125,Italy
C536412,65,-6,2026-04-16 01:59:36,30.15,,Portugal
536855,102,5,2026-06-15 14:38:44,194.1,90,Netherlands
536541,66,1,2026-04-29 01:00:20,84.65,42,Switzerland
537821,9,4,2026-05-08 15:26:36,21.52,50,United States
536428,32,10,2026-05-21 03:37:35,23.72,36,Spain
536593,22,17,2026-06-12 09:26:43,177.7,35,Belgium
536967,61,8,2026-04-15 07:14:01,123.68,,Spain
537898,61,3,2026-06-09 13:31:29,205.69,44,Portugal
536700,7,8,31/02/2026,244.59,71,Germany
538145,28,5,2026-05-04 04:37:23,112.02,57,Belgium
537447,54,4,2026-05-02 17:37:40,35.56,61,Switzerland
537666,19,1,2026-05-26 19:43:58,208.86,116,France
537980,75,6,2026-04-20 22:12:44,133.7,48,netherlands
538478,92,10,2026-05-18 16:58:03,182.85,91,United States
537416,118,14,2026-04-26 17:20:24,210.14,34,Switzerland
538060,55,13,2026-05-30 06:02:16,54.71,102,Netherlands
538589,113,17,2026-05-31 11:56:33,169.64,66,SWITZERLAND
538376,57,19,2026-05-21 11:53:04,95.36,86,United States
537018,58,8,2026-05-10 08:16:33,220.54,28,United Kingdom
536760,51,16,2026-05-16 07:01:08,177.5,22,belgium
538372,12,18,2026-04-19 10:54:24,4.1,56,Netherlands
538476,73,2,2026-07-08 15:57:26,211.32,85,Italie
538555,130,12,2026-05-13 09:32:27,10.82,92,France
537316,71,16,2026-05-31 12:36:56,106.89,75,Belgium
538474,7,19,2026-06-25 00:12:40,247.55,34,Switzerland
536660,65,16,2026-06-16 04:52:55,221.49,46,France
536536,99,14,2026-07-03 12:19:56,244.94,83,Portugal
537093,88,17,2026-05-29 16:58:27,153.16,100,United Kingdom
536427,12,14,2026-07-09 04:28:27,92.98,34,Switzerland
538259,90,13,2026-04-20 10:18:51,89.52,67,United Kingdom
536585,40,3,2026-04-17 09:58:01,30.76,114,Switzerland
537122,65,16,2026-06-12 00:40:19,10.33,,Belgium
538228,62,19,2026-07-13 02:19:27,60.17,,Portugal
537538,56,10,2026-06-15 08:23:59,167.8,57,FRANCE
536534,57,1,2026-04-18 07:00:03,87.32,5,GERMANY
536856,57,19,2026-06-20 14:39:39,219.28,16,Portugal
537353,116,17,2026-06-29 08:43:51,162.82,113,United States
537758,4,4,2026-04-29 20:55:12,105.48,85,Spain
536950,105,12,2026-07-12 02:53:38,162.07,84,Belgium
537464,25,9,2026-06-24 18:05:00,74.11,85,United States
538182,39,8,2026-04-21 07:56:54,131.58,58,Belgium
537039,73,11,2026-07-02 23:33:57,48.64,6,France
537389,128,4,2026-06-29 19:52:47,81.06,24,Belgium
536600,30,1,2026-07-01 12:50:10,79.81,124,Portugal
C536383,99,-16,2026-06-17 02:21:41,101.71,122,Switzerland
536956,9688,7,2026-06-20 00:19:24,226.42,5,Spain
538459,108,12,2026-04-28 23:17:55,200.02,122,Netherlands
538338,119,19,2026-07-07 01:20:56,25.58,96,Belgium
538027,106,3,2026-06-04 19:02:47,31.64,80,Germany
536967,83,19,2026-06-08 05:59:43,242.87,122,Spain
537704,20,10,2026-07-09 11:59:52,107.7,85,Germany
537113,27,5,2026-06-07 20:38:40,191.8,55,France
536952,41,5,2026-06-15 05:49:54,43.32,25,Germany
C538232,31,-20,2026-05-12 10:44:31,137.72,83,Frnace
536773,109,5,2026-05-24 11:15:44,223.6,29,Netherlands
537774,93,20,2026-06-11 11:28:32,53.43,37,Germany
538128,121,11,2026-06-24 04:27:01,95.21,123,Netherlands
538192,107,18,2026-06-15 23:28:29,215.35,6,united states
536664,48,15,2026-04-16 15:04:24,198.38,108,Switzerland
537213,33,20,2026-06-11 08:09:28,181.57,5,Portugal
C537042,100,-7,2026-06-10 14:11:18,206.78,70,Switzerland
537483,76,19,2026-04-17 03:30:06,108.19,101,Italy
538279,98,19,2026-06-11 10:11:00,201.42,31,Switzerland
538198,127,20,2026-06-19 12:12:30,204.8,47,Spain
538207,72,16,2026-06-30 22:29:26,29.22,66,United Kingdom
537000,49,9,2026-07-12 20:56:24,232.17,1,Germany
536442,81,7,2026-05-24 14:15:29,191.49,32,Spain
537188,52,2,,202.8,98,Spain
537138,15,13,2026-07-02 12:29:37,122.92,64,Belgium
537291,104,15,2026-04-14 03:48:47,62.1,,France
536584,51,18,2026-05-16 04:32:25,155.15,13,Portugal
537341,4,3,2026-05-13 03:03:20,213.22,82,Italy
538023,42,16,2026-06-12 18:18:58,157.86,15,Italy
538534,93,17,2026-07-07 04:38:36,233.0,94,Switzerland
536576,90,11,2026-07-07 20:45:58,183.9,60,Italy
537012,123,2,2026-07-10 07:57:55,-7.3,34,Belgique
538182,19,5,2026-05-12 06:11:08,147.0,58,Belgium
536610,75,20,2026-07-07 12:23:40,9.74,20,Portugal
537117,109,10,2026-06-17 07:22:54,156.86,2,United States
537163,57,9,2026-05-16 05:43:59,223.08,104,USA
538011,82,8,2026-04-26 03:23:49,-19.87,1,France
537519,51,19,2026-05-11 20:48:16,14.28,111,Switzerland
536920,39,7,2026-05-15 00:59:21,112.52,32,Switzerland
537162,37,19,2026-05-20 20:47:27,131.91,23,Portugal
536878,103,11,2026-05-17 19:01:59,224.81,97,Pays-Bas
536776,59,13,2026-06-21 01:54:10,23.65,127,Portugal
537422,49,11,2026-04-21 01:51:41,90.52,126,Italy
536722,2,2,2026-05-08 20:42:16,193.79,114,France
537163,47,3,2026-06-07 14:13:51,118.66,104,United States
536874,54,9,2026-06-08 04:29:10,56.91,69,Germany
538151,104,14,2026-05-18 10:16:14,127.64,50,Germany
538456,49,11,2026-06-27 03:18:00,122.59,9,Italie
538464,29,12,2026-07-06 15:57:48,113.02,12,Portugal
536400,121,8,2026-05-20 07:58:12,115.83,62,United Kingdom
536425,85,4,2026-06-13 23:07:39,140.82,86,Germany
536960,20,7,2026-04-16 14:26:01,49.2,49,Germany
537065,51,8,2026-06-16 22:31:11,149.55,13,Switzerland
538537,114,19,,203.55,41,Netherlands
537996,77,6,2026-05-26 23:28:09,214.5,86,Netherlands
537878,43,5,2026-05-14 03:12:34,36.95,116,United States
536435,114,12,2026-07-03 05:50:04,113.44,95,Portugal
538090,48,11,2026-05-11 21:56:25,167.38,90,Italy
536938,11,12,2026-05-13 04:30:33,17.48,49,Belgique
537371,105,4,2026-05-12 07:33:23,234.3,67,Portugal
538167,12,12,2026-04-18 19:13:31,119.29,21,Spain
536607,109,20,2026-04-17 15:32:43,47.41,82,Belgium
538388,40,2,2026-06-05 13:47:39,227.36,4,France
536515,71,17,2026-06-30 05:44:22,116.16,38,Allemagne
C537539,118,-14,2026-05-08 03:47:39,195.45,29,Germany
537992,43,5,2026-06-23 22:19:51,119.91,34,United States
536552,5,10,2026-06-07 17:13:33,236.97,54,Switzerland
537787,90,18,2026-06-14 15:50:58,197.8,104,Italy
536373,55,18,2026-06-08 16:50:14,189.55,130,Switzerland
536532,99,5,2026-07-08 09:02:29,210.24,58,Italy
536637,38,15,2026-04-30 16:14:36,232.17,96,Netherlands
536991,109,3,2026-05-20 20:57:42,19.1,59,Netherlands
536798,88,12,2026-05-11 00:35:20,122.53,9,Germany
536504,115,5,2026-05-19 21:30:11,11.56,71,Spain
536724,86,6,2026-05-08 01:21:57,159.93,100,united kingdom
538332,85,3,2026-06-06 06:48:53,177.36,109,Germany
536884,21,14,2026-04-28 12:54:45,241.39,109,Belgium
C538075,30,-13,2026-07-12 22:36:10,7.5,54,Portugal
536920,3,4,2026-07-12 14:25:47,131.59,32,Switzerland
538109,65,19,2026-06-24 15:42:24,192.5,88,Germany
538346,32,9,2026-05-04 10:33:30,97.31,122,Spain
537351,39,15,2026-04-19 12:09:58,120.42,18,Italy
537417,99,13,2026-06-15 02:03:06,47.9,50,France
537594,36,16,2026-07-02 08:06:45,36.6,125,Germany
538567,58,8,2026-05-25 02:19:15,230.67,58,Germany
536547,85,16,2026-06-22 19:33:37,117.32,40,Switzerland
538527,61,13,2026-07-07 17:35:12,119.0,70,United States
537984,7,4,2026-04-18 22:06:15,212.15,117,Switzerland
537930,65,17,2026-05-28 04:49:41,98.19,113,PORTUGAL
536665,106,11,2026-06-30 00:26:47,114.52,34,switzerland
C536526,87,-14,2026-04-23 11:04:31,222.33,64,united states
537249,85,16,2026-07-08 18:49:54,78.36,49,france
537761,21,4,2026-06-28 09:37:25,-11.95,72,germany
537604,10,13,2026-06-22 14:36:59,116.62,27,Netherlands
536808,28,5,2026-05-06 19:04:21,57.04,54,Switzerland
536580,47,18,2026-04-22 18:21:32,102.18,25,Germany
C538414,10,-13,2026-07-13 17:23:19,82.8,117,Italie
538126,105,13,2026-05-19 17:24:10,6.97,110,United Kingdom
536786,85,3,2026-05-28 17:52:36,81.37,63,portugal
536745,9,4,2026-05-05 12:45:53,62.49,104,United States
537164,21,12,2026-05-25 14:06:11,240.35,104,United Kingdom
536494,3,6,2026-06-08 02:18:51,125.61,4,United Kingdom
536406,59,20,2026-05-28 20:19:15,201.08,71,France
536895,96,13,2026-06-27 21:41:09,216.76,81,Portugal
537508,18,12,2026-07-10 22:42:43,213.7,47,SWITZERLAND
537806,39,10,2026-07-13 12:48:23,14.15,20,Spain
538458,84,14,2026-05-21 20:43:20,170.12,68,United States
538500,72,17,2026-05-04 22:35:02,116.95,16,Germany
538368,89,6,2026-07-08 02:21:37,112.41,102,Switzerland
537530,56,15,2026-06-03 19:21:54,110.48,33,Belgium
536379,118,12,2026-05-22 07:49:23,78.38,40,United States
537482,101,10,2026-05-30 03:53:10,48.45,67,Germany
536487,79,8,2026-07-02 22:57:31,109.02,52,United Kingdom
536427,97,5,2026-04-22 14:59:53,43.08,34,switzerland
537275,1,5,2026-05-20 05:04:37,124.13,105,Spain
538540,63,18,2026-06-04 18:50:12,137.38,115,United Kingdom
536654,90,19,2026-05-18 11:22:40,9.64,91,SPAIN
537110,24,10,2026-05-27 14:03:49,52.11,90,France
536496,27,19,2026-06-23 03:21:42,169.51,41,Spain
536721,13,17,2026-06-18 11:59:02,161.33,56,Netherlands
536857,6,1,2026-04-15 20:23:03,201.2,85,United Kingdom
C536948,45,-13,2026-07-08 12:14:46,249.79,99,SPAIN
538061,62,9,2026-06-16 04:24:45,213.75,13,Portugal
537383,97,1,2026-04-15 14:59:37,92.74,36,USA
537314,112,20,2026-07-08 17:14:56,173.45,92,Germany
538212,63,15,2026-05-06 19:50:46,38.46,79,PORTUGAL
536975,53,7,2026-06-07 14:01:15,190.66,66,Italy
538296,86,18,2026-05-03 02:19:42,166.6,53,Belgium
537370,83,5,2026-05-22 20:20:29,225.58,19,U.S.A
537697,102,17,2026-05-23 14:56:00,164.03,101,France
538303,84,3,2026-04-17 00:17:42,11.81,61,BELGIUM
536940,9310,11,2026-04-17 23:51:52,185.6,15,Portugal
538271,61,9,2026-06-03 19:57:27,248.72,,France
537809,129,15,2026-05-05 20:13:15,22.52,9483,Italy
536516,85,8,2026-05-03 21:02:00,15.17,26,Germany
537288,111,18,2026-06-23 19:16:11,220.57,24,united kingdom
537646,39,5,2026-05-01 18:25:52,224.15,14,SPAIN
536630,99,11,2026-04-19 14:23:02,134.14,7,Netherlands
537299,119,20,2026-05-31 22:27:05,45.7,9,France
536449,74,3,2026-05-20 17:39:46,88.55,32,Switzerland
536697,122,1,2026-06-27 08:33:55,225.66,72,Belgium
536439,40,10,2026-07-06 09:28:15,43.67,33,Portugal
537712,19,13,2026-07-03 16:59:26,66.52,,Switzerland
C538075,73,-1,2026-06-12 09:38:25,78.62,54,Portugal
536629,24,1,2026-05-08 16:55:29,121.51,12,France
536757,92,7,2026-06-24 22:58:54,30.33,32,Netherlands
536502,36,4,2026-07-01 04:42:45,5.95,11,USA
538418,93,7,2026-07-01 10:36:54,95.86,71,Belgium
536831,113,14,2026-05-06 21:51:36,157.49,36,Germany
537381,130,20,2026-04-24 09:08:42,140.92,125,France
536975,29,2,2026-05-09 10:43:45,98.7,66,Italy
537340,44,11,2026-04-21 22:18:20,175.77,50,Portugal
538402,118,15,2026-07-08 08:13:52,180.54,,Italy
536832,9519,5,2026-06-29 11:41:15,69.82,29,Switzerland
536663,71,3,2026-05-23 09:37:14,206.33,61,Pays-Bas
536603,84,15,2026-06-01 19:03:39,123.41,21,Netherlands
536831,85,1,2026-04-15 08:58:40,58.33,36,GERMANY
536446,98,5,2026-06-25 18:51:13,205.95,87,Portugal
536536,77,18,2026-07-08 01:54:33,215.59,83,Portugal
538143,43,11,2026-07-09 14:56:01,28.81,107,Netherlands
538295,18,3,2026-05-22 02:33:13,221.45,99,France
538578,59,1,2026-06-11 04:24:57,165.44,56,United Kingdom
538178,91,2,2026-06-17 15:47:28,150.94,115,Spain
536902,125,8,2026-07-13 18:30:27,72.2,66,Spain
536731,106,3,2026-06-01 06:59:21,29.99,38,Spain
537140,89,8,2026-07-13 20:01:04,231.56,8,Belgium
536397,81,9,2026-05-29 21:08:43,82.85,72,U.K.
537554,46,13,2026-05-14 13:43:18,215.44,73,Germany
537163,87,5,2026-05-28 08:54:48,106.91,104,United States
536739,67,4,2026-05-28 04:36:59,74.87,32,United Kingdom
536376,16,11,2026-07-08 12:39:32,17.12,125,United Kingdom
536567,117,19,2026-06-02 00:54:09,110.44,100,Spain
538247,10,12,2026-04-24 20:46:48,163.37,65,United States
538447,78,14,2026-07-10 16:25:44,90.86,20,Belgium
537197,122,8,2026-06-09 05:20:32,196.12,59,Switzerland
538527,58,15,2026-06-20 18:32:15,171.44,70,United States
538015,64,7,2026-06-14 09:01:33,164.24,53,USA
537758,91,14,2026-05-18 14:36:21,35.22,85,Spain
537145,18,20,2026-05-05 21:01:15,196.66,126,Switzerland
536964,48,7,2026-06-30 14:48:23,26.43,108,France
C538075,40,-12,2026-04-19 23:37:52,210.53,54,Portugal
536988,11,16,2026-07-13 00:58:04,244.32,100,Italy
537929,70,6,2026-05-10 09:56:11,53.95,44,Portugal
538221,39,1,2026-04-27 08:14:13,112.99,30,Spain
537370,77,4,2026-04-26 03:21:40,7.12,19,United States
536847,67,10,2026-06-24 08:07:27,87.37,36,Switzerland
537735,68,11,2026-06-15 09:39:07,146.92,120,Netherlands
538386,1,7,2026-06-28 02:03:34,10.11,73,spain
537953,118,7,2026-04-19 07:58:49,110.22,51,Belgium
536575,122,20,2026-05-13 11:48:18,41.28,32,Spain
538366,66,9,2026-05-25 14:06:29,6.22,74,United States
536983,41,19,2026-06-20 02:43:07,37.46,38,italy
536966,95,14,2026-06-30 15:31:03,63.79,73,italy
536444,12,13,2026-06-01 20:07:21,15.64,104,Italy
538439,10,12,2026-06-26 22:57:07,245.93,10,Italie
536385,115,6,2026-05-21 05:25:26,186.68,119,Portugal
536457,1,7,2026-04-16 05:06:18,145.84,102,Spain
537744,98,14,2026-05-05 13:15:54,77.6,18,Switzerland
537134,6,6,2026-06-20 14:09:28,92.0,64,ITALY
536877,48,8,2026-06-13 23:50:35,214.87,51,Switzerland
537490,49,5,2026-07-11 03:58:20,67.6,65,Switzerland
537563,112,3,2026-06-20 02:10:00,119.49,46,Portugal
538588,95,12,2026-06-17 14:28:08,246.55,107,Portugal
538371,101,9,2026-07-09 08:56:04,117.84,16,Italie
536706,88,7,2026-05-15 18:13:36,167.96,92,Spain
537343,72,13,2026-06-26 22:38:41,30.39,119,Germany
C536919,18,-2,2026-05-02 06:21:55,189.53,80,United States
537315,20,1,2026-05-08 17:04:50,81.15,129,Germany
537675,26,18,2026-05-31 12:19:27,246.43,125,France
537012,14,8,2026-05-30 18:59:18,237.09,34,Belgium
536690,104,19,2026-04-28 23:17:20,141.07,95,Portugal
536676,48,7,2026-05-18 01:42:47,48.72,77,Italy
537414,12,8,2026-06-06 06:11:11,242.45,12,United Kingdom
537779,3,10,2026-05-20 19:29:30,138.53,32,France
536660,81,11,2026-07-08 15:12:34,208.59,46,France
536640,90,10,2026-06-16 20:37:21,244.45,73,Italy
538178,129,3,2026-05-04 01:44:37,134.07,115,Spain
536974,43,13,2026-06-26 16:47:03,55.56,18,France
538021,78,2,2026-06-24 03:05:42,142.72,84,Italy
536898,129,10,2026-06-02 01:47:48,157.6,50,Switzerland
538250,124,8,2026-05-30 05:14:34,157.84,23,France
537674,32,13,2026-05-01 09:43:27,36.65,100,Netherlands
538278,5,18,2026-07-08 12:07:23,42.37,17,Spain
536734,11,4,2026-04-27 21:17:01,55.13,113,Switzerland
536666,127,13,2026-04-26 02:43:44,35.16,127,germany
538266,37,4,2026-07-03 07:11:34,201.25,93,France
537868,121,3,2026-06-20 14:40:15,113.92,14,FRANCE
537143,111,12,2026-06-11 22:20:25,175.02,88,United States
536580,46,18,2026-05-25 07:52:12,188.05,25,Germany
537695,100,1,2026-06-29 13:11:13,138.72,27,GERMANY
537478,21,15,2026-05-16 05:00:22,243.59,74,United States
C538380,48,-11,2026-06-04 03:29:32,131.74,45,Switzerland
537559,6,14,2026-06-13 17:18:05,147.31,55,Spain
536779,24,17,2026-07-07 03:38:52,96.26,67,switzerland
537847,115,9,2026-07-01 00:08:33,157.14,116,Belgium
537144,87,5,2026-07-13 02:52:32,217.86,13,France
538496,71,10,2026-06-24 02:18:39,234.49,66,United Kingdom
537618,4,8,2026-06-03 20:35:58,86.7,124,Switzerland
537997,31,12,2026-04-17 05:53:37,62.25,65,Netherlands
537739,81,5,2026-04-30 06:07:42,185.55,89,United Kingdom
536985,49,1,2026-06-28 04:27:07,223.62,117,United Kingdom
536805,20,9,2026-06-25 18:32:47,84.34,13,Spain
537624,62,12,2026-07-11 11:49:25,33.43,105,United Kingdom
536641,52,6,2026-05-07 15:00:10,208.57,107,Netherlands
537025,31,5,2026-07-01 01:45:08,29.6,21,France
536879,28,15,2026-06-01 12:16:44,202.14,47,Belgium
C537854,55,-17,2026-07-08 11:42:09,76.4,61,portugal
537963,108,19,2026-04-16 17:50:15,25.95,101,Spain
536575,16,2,2026-06-27 19:25:28,90.81,32,Spain
537043,1,7,2026-07-10 04:45:05,180.16,31,United States
537173,30,3,2026-05-13 22:14:59,97.85,9,Switzerland
C538187,72,-16,2026-05-14 07:26:53,121.87,46,switzerland
538586,116,18,2026-05-29 04:40:21,15.99,113,Switzerland
537887,20,2,2026-06-04 01:26:41,112.05,121,FRANCE
538576,70,6,2026-05-19 04:55:05,141.66,26,France
536816,75,20,2026-05-15 09:13:21,140.86,74,Germany
536788,3,18,,196.42,122,Portugal
536999,124,9,2026-06-18 05:03:30,233.32,64,United States
536870,16,11,2026-05-14 08:29:49,27.08,8,Netherlands
537961,85,17,2026-07-11 07:22:09,47.69,16,Germany
537152,12,14,2026-06-20 13:15:11,109.91,26,Frnace
536749,22,9,2026-06-21 01:30:38,170.1,103,netherlands
538524,53,8,2026-07-08 09:50:02,44.57,46,Switzerland
537486,89,16,2026-05-21 19:47:14,181.59,69,United Kingdom
536868,89,14,2026-06-03 03:41:39,55.8,101,Belgium
536691,75,2,2026-06-28 20:49:21,132.13,109,Netherlands
538004,59,1,2026-06-13 17:00:15,86.98,18,Italy
536910,45,17,2026-05-28 19:02:25,228.58,32,Germany
537843,117,13,2026-05-06 06:31:14,28.52,,Italy
537765,46,20,2026-06-08 15:21:43,104.23,58,United Kingdom
537935,9,15,2026-06-21 22:33:22,140.31,35,France
537656,58,1,2026-06-14 07:44:31,124.45,35,SPAIN
537215,92,4,2026-06-18 18:10:48,36.68,8,United Kingdom
537000,36,6,2026-05-29 01:48:09,33.36,1,Germany
C536948,100,-15,2026-04-29 03:50:21,227.83,99,Spain
538234,75,4,2026-05-08 08:12:56,34.41,89,France
537014,85,15,2026-06-20 03:00:27,183.67,73,Italy
537925,40,8,2026-06-21 12:55:46,108.56,60,Switzerland
538478,49,9,2026-06-18 07:54:18,243.84,91,United States
536549,38,16,2026-07-08 11:42:46,234.98,121,United Kingdom
538228,74,4,2026-06-05 03:47:11,189.4,,PORTUGAL
536944,33,17,2026-04-21 03:34:36,248.9,128,United States
536697,20,18,2026-05-30 13:08:51,10.64,72,Belgique
537860,89,1,2026-04-27 10:38:51,201.7,26,Italy
538360,121,18,2026-04-28 03:31:10,125.64,91,France
536678,50,16,2026-04-15 08:54:06,87.93,125,United States
C536582,124,-6,2026-05-22 19:00:31,123.6,71,PORTUGAL
537635,114,3,2026-04-28 07:01:22,72.76,,Italy
537935,79,8,2026-05-29 04:53:34,163.87,35,France
537544,50,14,,230.47,19,germany
536809,119,4,2026-07-02 07:46:27,187.02,27,United Kingdom
538374,110,3,2026-06-13 06:49:21,29.51,4,Portugal
536672,104,10,2026-05-30 05:49:41,162.85,34,USA
537934,86,2,2026-06-23 06:34:04,76.28,72,Allemagne
536909,54,13,2026-04-16 08:57:57,15.16,42,Belgium
538105,102,18,2026-06-08 22:46:06,123.83,80,BELGIUM
537988,34,9,2026-07-02 05:57:39,142.43,128,Belgium
536783,42,5,2026-07-13 20:27:02,171.55,10,Spain
537438,4,19,2026-04-27 12:04:21,82.59,3,Spain
537341,106,7,2026-04-21 07:32:54,148.48,82,Italy
538276,108,3,2026-04-14 03:20:25,216.16,119,Spain
537556,54,16,2026-05-03 05:24:56,94.62,49,U.S.A
538019,37,11,2026-04-18 23:41:27,226.21,89,France
537515,47,6,2026-06-13 23:54:32,59.08,4,Germany
538215,70,8,2026-06-16 12:04:12,87.32,12,Germany
537073,76,18,2026-06-24 12:04:21,161.51,43,Belgium
537683,106,6,2026-06-06 03:55:46,221.92,26,U.K.
536680,27,2,2026-06-03 14:04:12,231.88,69,United Kingdom
538316,111,4,2026-06-21 16:22:00,5.05,40,Italy
538438,53,7,2026-07-11 11:23:27,204.61,101,Netherlands
538318,26,19,2026-07-04 19:04:36,116.18,4,Netherlands
537405,119,17,2026-05-17 00:05:24,174.93,78,Netherlands
538113,77,15,2026-07-01 09:13:15,210.76,96,United Kingdom
538155,106,6,2026-06-17 22:03:31,203.01,108,United Kingdom
536888,82,12,2026-07-04 14:48:13,158.68,103,Portugal
537909,36,2,2026-05-06 02:33:01,92.34,104,Spain
536396,70,17,2026-07-06 19:49:12,136.38,60,Spain
537231,40,14,2026-06-18 13:45:48,45.57,56,France
538444,102,16,2026-05-13 05:11:22,238.02,114,ITALY
538474,21,16,2026-04-14 15:16:08,150.02,34,Suisse
537192,51,8,2026-04-15 15:51:23,198.78,68,Portugal
538103,66,16,2026-04-20 21:54:23,122.07,111,Belgium
538464,22,8,2026-05-08 04:45:56,186.29,12,Portugal
536623,97,6,2026-05-07 17:50:16,6.86,,Italy
538133,89,10,2026-06-24 01:50:32,98.3,41,Switzerland
536508,37,4,2026-06-13 03:31:36,212.08,34,Italy
538098,25,6,2026-05-02 07:48:20,105.07,6,NETHERLANDS
536891,121,13,2026-05-31 05:23:32,20.38,114,United States
538019,8,2,31/02/2026,199.97,89,France
537899,77,19,2026-06-24 15:27:42,72.79,21,United States
538515,72,19,2026-05-20 18:10:01,83.95,105,Portugal
537646,101,10,2026-06-14 15:58:05,20.59,14,Spain
537018,85,10,2026-05-11 23:20:14,23.04,28,United Kingdom
536605,115,7,2026-05-27 18:04:01,53.8,119,ITALY
538199,66,13,2026-04-14 15:10:13,60.95,79,france
536575,9802,13,2026-04-17 03:13:48,197.92,32,Spain
537026,78,7,2026-04-29 18:23:11,224.21,82,Switzerland
536989,121,2,2026-07-13 10:04:11,82.75,90,Netherlands
538442,113,11,2026-05-02 06:22:46,94.72,123,Belgium
536883,127,14,2026-04-28 17:38:26,223.5,102,United States
538310,43,1,2026-05-03 12:13:23,38.12,51,Switzerland
538353,80,5,2026-05-12 16:46:13,7.92,112,Switzerland
538579,111,20,2026-06-28 05:07:51,246.21,31,United Kingdom
536583,101,15,2026-06-03 22:11:40,188.95,31,United States
537483,74,12,2026-07-07 12:19:03,208.12,101,Italy
536547,36,18,2026-05-09 04:52:54,51.52,40,Switzerland
538429,19,11,2026-05-18 00:08:32,102.58,117,Portugal
536791,94,1,2026-05-14 05:32:13,77.58,4,Italy
536933,46,6,2026-06-22 18:15:41,10.28,50,United States
538183,55,5,2026-05-28 17:19:58,206.23,27,United Kingdom
537758,115,7,2026-05-21 09:26:13,69.91,85,Spain
537214,78,17,2026-06-27 18:51:23,88.89,115,United Kingdom
538464,22,11,2026-05-29 10:30:34,222.64,12,Portugal
538478,9282,3,2026-05-14 19:41:27,125.08,91,United States
536637,42,18,2026-06-25 20:37:22,77.49,96,Pays-Bas
537714,45,9,2026-05-06 14:11:31,35.98,49,Germany
536802,81,4,2026-05-23 16:28:54,5.38,91,Belgium
537411,16,6,2026-07-03 01:38:02,14.17,11,Germany
538401,28,3,2026-04-17 04:44:46,132.08,90,United Kingdom
538299,30,15,2026-04-22 19:41:24,197.28,19,Netherlands
536454,130,15,2026-06-08 14:13:52,70.39,127,united kingdom
538506,121,2,2026-06-09 17:23:17,35.67,103,portugal
536701,14,11,,131.36,17,Germany
536658,128,7,2026-06-08 09:07:36,166.22,81,U.S.A
537453,2,6,2026-06-21 22:15:59,242.75,26,United States
537967,115,11,2026-05-21 10:34:05,40.9,105,Italy
538233,43,17,2026-05-02 22:44:38,83.4,1,Portugal
536391,71,18,2026-05-29 19:48:40,5.51,88,Spain
536390,124,15,2026-07-11 20:59:07,110.59,31,Switzerland
537437,22,12,2026-07-02 11:10:11,172.6,71,Belgium
538193,9746,9,2026-04-24 06:39:24,5.38,84,Belgium
C537183,95,-14,2026-04-28 17:47:17,210.83,94,Belgique
537052,85,15,2026-05-17 19:51:57,41.88,40,germany
537256,64,20,2026-05-05 08:33:31,88.59,37,Netherlands
536885,25,8,2026-07-01 21:26:52,58.53,122,United States
537466,18,2,2026-06-20 11:00:11,98.96,13,Spain
536393,33,9,2026-06-28 12:37:10,14.24,73,Germany
538226,14,5,2026-05-06 01:51:17,195.8,44,France
538246,21,11,2026-06-16 18:41:42,197.27,55,Netherlands
536402,85,4,2026-05-06 23:33:24,218.93,33,Portugal
537633,40,8,2026-05-16 12:42:09,36.24,3,Belgium
538473,84,9,,217.93,9,United States
537213,44,5,2026-05-06 11:10:50,58.46,5,Portugal
536431,1,20,2026-07-08 22:46:17,90.15,75,Belgium
538057,58,5,2026-04-18 21:01:18,129.08,40,United Kingdom
C536525,52,-12,2026-06-28 16:46:31,237.67,,UK
536821,118,2,2026-04-23 04:52:49,23.91,76,France
537170,12,8,2026-07-08 01:06:58,249.04,125,Switzerland
537841,74,15,2026-07-06 06:35:50,56.73,89,Spain
538114,113,11,2026-04-20 04:48:51,100.43,53,Belgium
538078,107,15,2026-06-09 02:51:30,134.9,116,Netherlands
537216,67,11,,100.95,92,Portugal
538511,121,17,2026-05-31 14:48:25,56.88,42,United Kingdom
536766,71,5,2026-06-22 19:07:08,74.55,43,Switzerland
537197,110,3,2026-05-04 09:45:35,128.3,59,Suisse
537673,97,11,2026-04-26 23:24:13,242.53,123,Netherlands
538281,129,14,2026-07-11 09:25:19,239.43,14,France
537487,50,15,2026-04-25 05:29:33,162.34,37,United States
536474,130,14,2026-05-29 22:21:47,137.28,109,Belgium
536509,125,11,2026-04-24 11:55:30,46.03,26,ITALY
536788,82,1,2026-05-17 02:56:08,40.18,122,Portugal
537035,23,3,2026-05-01 08:36:11,43.09,5,Switzerland
537060,46,18,2026-06-17 16:14:07,237.27,118,Switzerland
536386,107,2,2026-04-29 12:45:18,54.09,71,Portugal
537734,46,20,2026-05-27 06:21:21,212.49,98,switzerland
537486,96,4,2026-06-15 12:43:26,216.41,69,United Kingdom
537760,124,6,2026-06-17 13:37:07,169.6,63,ITALY
538214,58,3,2026-05-15 16:24:48,203.72,21,France
537617,105,12,2026-06-05 11:31:57,113.81,60,portugal
536679,59,4,2026-04-17 21:29:28,141.81,100,Belgium
537482,72,11,2026-04-15 02:07:19,235.94,67,Germany
537311,3,4,2026-06-13 11:42:17,22.03,85,ITALY
536938,101,18,2026-06-14 02:10:43,161.87,49,Belgium
538350,91,13,2026-06-27 14:37:52,132.59,3,France
537303,82,4,2026-04-16 21:38:21,188.11,53,Spain
537792,110,11,2026-05-27 19:44:07,124.13,107,United Kingdom
537103,119,11,2026-05-15 03:18:11,67.3,119,ITALY
537508,57,15,2026-04-18 07:33:50,106.04,47,Switzerland
538082,79,1,2026-04-14 06:49:16,4.18,25,Spain
537609,33,7,2026-05-29 04:36:51,199.8,45,Italy
537907,117,16,2026-05-14 01:44:11,107.61,128,Portugal
538563,8,14,2026-06-04 06:49:05,221.95,65,switzerland
536456,115,17,2026-05-17 13:43:06,176.83,121,Portugal
537090,75,5,2026-06-29 13:28:25,76.64,65,Portugal
538116,25,11,2026-04-16 07:52:02,75.23,82,Switzerland
536371,36,8,2026-06-30 20:15:01,187.01,81,United States
538101,9,6,2026-04-20 06:41:42,226.56,107,United Kingdom
538481,104,11,2026-06-22 13:22:27,232.24,10,Switzerland
538405,24,8,2026-05-09 03:04:46,11.58,126,Spain
536432,121,2,2026-05-26 07:25:35,160.01,6,BELGIUM
537620,12,19,2026-07-04 02:37:46,77.96,117,U.S.A
538189,4,10,2026-05-27 17:36:58,246.29,86,Italy
537201,79,4,2026-05-01 10:18:22,164.34,,United Kingdom
537314,105,10,2026-04-20 12:49:46,206.39,,Germany
536892,29,6,2026-06-13 13:44:43,93.52,68,Switzerland
538179,125,16,2026-06-26 01:52:51,36.84,98,United Kingdom
536486,5,4,2026-06-27 09:08:55,232.57,72,Italy
536847,47,15,2026-07-12 02:18:37,6.83,36,Switzerland
537015,35,7,2026-05-10 07:38:05,106.34,24,Switzerland
537513,90,3,2026-05-30 13:17:49,134.99,7,Italy
537797,42,3,2026-07-11 03:45:45,19.08,8,Italy
538353,45,19,2026-07-03 06:58:17,210.78,9424,SWITZERLAND
536729,129,12,2026-06-01 21:05:33,124.39,117,Espagne
537058,38,20,2026-05-29 07:30:52,168.03,49,Netherlands
536414,8,2,2026-06-28 22:46:45,249.65,78,Pays-Bas
537242,58,12,2026-07-12 10:43:54,224.73,40,Germany
537836,2,10,2026-07-01 12:25:53,219.78,78,Netherlands
537948,62,8,2026-05-14 07:31:42,205.74,123,United Kingdom
536575,61,14,2026-05-25 13:13:56,83.15,32,Spain
537863,114,10,2026-07-10 02:21:47,64.48,124,Netherlands
536649,84,16,2026-04-30 09:53:11,31.58,11,Germany
538356,111,5,2026-05-22 15:50:00,207.86,47,Italy
537453,23,16,2026-06-02 08:36:59,31.65,26,United States
536937,115,4,2026-05-13 04:41:39,168.17,39,Netherlands
538132,121,15,2026-05-28 01:48:46,57.21,38,Netherlands
536820,92,15,2026-06-28 20:02:41,90.49,52,Spain
538019,32,10,2026-06-29 10:21:32,95.81,89,france
537526,9514,17,2026-06-06 11:58:59,230.18,16,Spain
537281,55,6,2026-06-16 22:10:49,106.55,8,Switzerland
536726,114,11,2026-06-09 00:47:40,36.16,10,United States
536711,11,15,2026-06-05 14:33:53,129.53,59,Switzerland
536641,45,18,2026-04-30 15:09:13,117.14,107,Netherlands
537852,9415,3,2026-04-24 19:06:12,29.68,60,USA
537398,70,1,2026-05-08 10:27:02,169.82,34,Pays-Bas
537136,68,18,2026-06-17 06:54:04,107.28,101,Belgium
537834,27,7,2026-07-03 11:45:38,227.58,31,United Kingdom
537428,17,15,2026-05-22 22:07:15,3.73,30,Belgium
538223,60,10,2026-06-01 16:17:08,147.79,2,France
538202,112,7,2026-04-26 01:26:36,199.74,91,Belgium
536914,4,5,2026-05-20 01:22:02,159.75,69,UK
538552,9,19,2026-06-11 16:16:27,224.36,42,Germany
C537776,110,-8,2026-04-19 02:26:00,38.15,112,Portugal
536838,22,2,2026-04-28 03:42:06,71.94,99,Spain
536610,121,15,2026-05-06 13:59:39,129.63,20,Portugal
C538504,65,-20,2026-05-30 19:49:35,233.0,111,Italy
537248,102,13,2026-04-19 18:34:59,0,88,United States
536871,69,3,2026-06-20 12:38:56,45.63,44,Switzerland
538582,70,15,2026-06-13 13:08:38,242.97,122,United States
537578,41,4,2026-05-12 06:36:13,173.22,11,Frnace
538223,95,12,2026-04-26 11:44:21,115.77,2,France
537496,121,13,2026-07-08 16:47:16,111.32,29,Germany
537214,33,2,2026-06-22 17:19:55,63.38,115,United Kingdom
537164,71,2,2026-05-20 16:30:16,100.19,104,United Kingdom
536869,3,7,2026-05-31 06:35:01,112.19,,United Kingdom
537380,88,14,2026-06-29 01:46:15,35.64,53,United States
536907,52,19,2026-04-22 16:02:04,231.56,39,italy
536860,22,4,2026-07-03 06:23:15,141.54,28,Netherlands
536571,73,9,2026-05-28 20:20:11,33.88,,France
537875,32,5,2026-06-20 10:09:49,97.24,121,Germany
536697,85,1,2026-07-01 05:03:35,228.76,72,Belgium
538226,102,8,2026-05-16 21:17:49,116.05,44,France
538338,93,9,2026-06-15 01:22:31,100.12,96,Belgium
537869,93,19,2026-06-20 14:13:47,23.74,61,Switzerland
537591,41,14,2026-04-29 17:39:06,112.61,41,Portugal
537139,8,19,2026-06-10 05:52:49,114.3,97,SPAIN
538425,54,16,2026-05-16 14:21:55,20.59,58,United Kingdom
538267,54,6,2026-06-16 00:03:49,183.36,25,Switzerland
537541,32,17,2026-06-29 09:26:23,50.57,72,Netherlands
537859,10,12,2026-07-11 11:58:34,104.54,43,Netherlands
537620,88,4,2026-06-15 03:49:36,195.53,117,United States
536715,44,4,2026-05-01 09:56:12,169.7,78,Germany
536984,101,8,2026-06-05 01:52:17,145.52,29,Portugal
537298,46,11,2026-06-21 09:17:42,88.45,80,United Kingdom
538497,61,8,2026-06-22 11:52:44,161.63,33,Netherlands
537329,78,12,2026-06-14 15:22:57,244.38,41,Netherlands
537835,11,16,2026-07-13 19:00:24,11.85,110,Spain
C537985,17,-7,2026-06-25 02:13:07,66.14,24,United Kingdom
537689,30,14,2026-06-22 09:31:38,192.58,70,United Kingdom
536641,74,6,2026-06-09 07:14:32,202.0,107,Pays-Bas
536486,73,11,2026-07-13 21:52:25,138.19,72,Italy
538588,7,17,2026-07-04 03:24:40,201.74,107,Portugal
537586,98,12,2026-05-18 06:58:30,108.12,57,PORTUGAL
537870,128,13,2026-05-15 19:22:57,216.66,120,France
536461,82,14,2026-06-23 13:44:55,103.84,110,Portugal
537832,84,4,2026-06-26 19:51:31,99.76,51,SWITZERLAND
537355,53,8,2026-06-05 05:59:51,117.52,21,Switzerland
537649,109,1,2026-05-03 18:29:39,228.49,108,Switzerland
537693,46,13,2026-07-03 21:22:05,12.97,115,Portugal
536438,41,6,2026-05-04 18:37:04,199.04,75,Spain
538312,7,19,2026-04-23 03:50:52,131.61,14,France
536968,124,18,2026-04-28 05:37:51,39.09,84,Italy
537663,125,14,2026-04-29 05:05:21,141.37,37,Spain
538141,104,19,2026-04-19 05:48:07,156.87,123,France
537983,9956,13,2026-07-02 12:53:28,70.33,115,France
538247,125,17,2026-05-04 11:58:44,166.56,65,united states
536622,57,3,2026-06-07 11:59:48,201.7,30,Netherlands
536486,88,2,2026-06-19 00:19:16,14.35,72,Italy
536392,117,9,2026-04-21 18:19:37,78.74,95,Netherlands
537729,41,1,2026-05-25 10:10:26,54.37,129,United Kingdom
537199,112,9,2026-05-14 04:14:17,134.93,57,Portugal
537053,60,5,2026-04-24 00:04:10,62.4,114,Spain
537441,9327,5,2026-05-29 05:52:39,36.51,86,France
538502,56,13,2026-06-24 04:19:28,64.76,100,Germany
536804,112,8,2026-04-16 22:04:31,45.04,78,Spain
537568,35,13,2026-04-16 04:09:17,63.52,13,Netherlands
538397,69,15,2026-04-26 20:32:41,78.93,107,United States
536977,28,1,2026-05-24 16:20:20,213.61,20,Switzerland
536983,43,2,2026-05-12 19:03:51,87.83,38,italy
537804,23,7,2026-06-07 01:19:59,180.59,100,Germany
537239,16,2,2026-05-08 16:06:11,114.42,49,Germany
537310,67,4,2026-05-22 08:32:28,146.71,30,United States
537236,114,17,2026-04-22 21:09:29,121.67,1,FRANCE
537974,127,20,2026-05-13 21:32:14,242.45,49,Spain
536461,127,2,2026-04-21 07:48:51,243.16,110,PORTUGAL
C537855,127,-20,2026-07-06 16:19:13,205.65,50,United Kingdom
537339,25,12,2026-05-09 12:30:42,218.53,111,italy
537361,99,4,2026-07-12 17:31:50,45.36,87,Switzerland
536699,45,3,2026-05-29 02:41:29,148.28,54,France
537629,128,7,2026-06-08 05:54:13,207.11,84,Portugal
536556,31,8,2026-06-12 14:02:34,113.31,124,Spain
538543,49,19,2026-06-10 05:47:01,43.75,11,Netherlands
538535,13,14,2026-04-17 06:58:35,167.37,69,Italy
536410,6,2,2026-06-19 09:10:19,197.34,26,Italy
536748,12,8,2026-06-13 22:34:10,12.07,76,Portugal
536748,91,20,2026-05-08 02:52:58,135.94,76,Portugal
538260,56,3,2026-05-11 17:00:48,235.18,6,Belgium
538293,107,6,2026-06-23 11:57:16,81.05,111,Switzerland
537750,71,17,2026-07-09 12:06:24,109.39,53,Portugal
537460,42,5,2026-05-10 05:31:28,59.65,16,Spain
538004,70,15,2026-05-09 08:07:08,243.9,18,Italy
536777,41,1,2026-05-29 07:46:10,39.28,63,United States
538220,127,1,2026-05-12 03:54:55,133.92,98,Italy
537834,47,8,2026-07-09 01:44:33,221.11,31,United Kingdom
538361,54,3,,10.28,114,Portugal
537961,13,14,2026-06-15 11:07:06,41.93,16,Germany
536876,103,19,2026-05-16 00:25:38,10.05,96,Switzerland
537305,32,4,2026-07-02 12:43:51,168.63,40,Germany
536557,10,13,2026-05-04 05:27:41,232.88,14,United Kingdom
537349,5,2,2026-07-13 10:35:26,146.64,11,Spain
536736,83,1,2026-05-27 12:46:06,159.54,36,FRANCE
538126,53,20,2026-05-31 17:24:40,111.98,110,United Kingdom
538519,109,14,2026-05-26 08:10:05,203.9,102,Italy
537509,52,20,2026-04-17 09:20:31,113.62,118,France
537556,66,2,2026-06-22 16:02:45,128.41,49,United States
537990,39,2,2026-05-10 00:53:13,155.47,130,United Kingdom
538342,19,12,2026-06-19 22:11:31,29.96,51,Netherlands
537777,27,11,2026-05-27 10:36:15,90.06,44,United Kingdom
536470,116,16,2026-06-06 23:21:34,59.35,8,Spain
537931,34,20,2026-05-13 06:49:15,120.65,50,Germany
538259,32,5,2026-04-17 05:57:36,127.18,67,United Kingdom
536989,7,13,2026-04-22 18:38:12,12.55,90,Netherlands
537774,55,19,2026-06-30 01:32:43,12.39,37,Germany
537081,42,19,2026-05-08 03:39:50,175.72,89,France
537868,9618,15,2026-04-25 06:55:37,96.51,14,France
538373,90,17,2026-06-02 02:38:27,43.47,21,Germany
538121,41,14,2026-07-05 21:13:09,132.98,128,Germany
536674,22,10,2026-04-29 00:34:16,118.65,127,Portugal
537376,89,3,2026-06-28 01:10:56,69.19,106,Italy
536773,44,4,2026-05-01 01:11:18,58.46,29,NETHERLANDS
538197,32,19,2026-07-06 20:33:00,116.27,100,United States
538185,115,18,2026-05-28 09:08:13,77.49,48,United Kingdom
537770,57,16,2026-05-16 12:02:13,169.52,91,Belgium
537457,92,14,2026-05-04 12:22:36,99.44,20,France
536576,89,15,2026-05-25 04:32:31,184.1,60,Italy
537297,84,5,2026-07-12 06:39:36,118.49,128,Spain
538238,28,10,2026-06-30 03:57:03,97.22,77,United States
538101,89,11,2026-07-07 06:47:34,159.79,107,United Kingdom
537188,120,13,2026-04-27 11:37:43,229.29,98,Spain
537561,84,1,2026-05-23 06:11:56,164.2,108,Belgium
537692,79,16,2026-05-21 22:07:49,248.78,114,Spain
537680,63,5,2026-06-13 23:28:55,0,49,Italy
538439,47,20,2026-05-21 22:24:12,160.02,10,Italy
537419,81,11,2026-06-16 21:09:45,53.02,115,Switzerland
538277,60,1,2026-07-11 20:10:02,-7.16,129,U.K.
536725,21,2,2026-05-21 09:06:16,36.98,6,Switzerland
537462,34,1,2026-04-19 17:20:19,198.51,8,Italy
537619,3,13,2026-05-11 08:53:41,72.11,78,Germany
538077,11,17,2026-07-01 16:15:42,164.41,35,belgium
536442,128,10,2026-05-10 13:43:17,125.85,32,Spain
536907,38,7,2026-06-29 12:48:02,79.19,39,Italy
538498,7,1,2026-07-01 03:39:22,20.6,117,France
537600,96,15,2026-05-31 07:19:26,55.86,68,Portugal
536809,39,13,2026-06-14 04:55:59,127.04,9279,United Kingdom
536589,48,,2026-04-27 18:10:54,210.36,59,Belgium
537676,14,1,2026-06-23 21:26:02,14.83,45,Belgium
536841,9367,15,2026-06-20 18:50:55,7.26,68,United Kingdom
538365,33,2,2026-05-14 15:07:09,65.26,125,Italy
537934,127,12,2026-05-12 04:31:30,130.37,72,Germany
537048,19,4,2026-06-07 16:31:27,171.2,106,portugal
536835,15,3,2026-06-04 07:25:25,16.99,4,United States
C536526,89,-10,2026-07-13 23:32:00,34.85,64,United States
536799,112,17,2026-04-17 07:16:41,236.75,40,united states
537836,90,15,2026-06-04 16:57:21,55.63,78,NETHERLANDS
538590,95,20,,161.24,124,Germany
537250,5,12,2026-06-26 00:39:08,98.69,92,United States
536974,73,9,2026-07-06 09:34:14,140.4,18,France
538554,117,1,2026-04-19 01:03:54,79.67,125,France
538369,61,4,2026-04-21 18:41:34,101.26,76,Germany
536964,4,14,2026-07-09 16:44:54,198.47,108,France
537910,118,18,2026-06-26 23:50:15,165.21,3,United Kingdom
537415,109,9,2026-04-16 05:27:36,248.38,80,Germany
537613,57,2,2026-04-28 23:34:08,58.87,129,belgium
536957,109,14,2026-05-13 00:27:47,177.7,86,Italy
538360,54,6,2026-06-04 22:25:24,187.26,91,France
537036,18,8,2026-06-30 09:18:29,209.12,55,U.K.
C537539,102,-18,2026-05-10 09:05:05,185.07,29,Germany
C537059,71,-17,2026-06-17 10:11:09,40.04,13,France
537284,127,,2026-04-23 06:30:35,36.73,16,Germany
536445,103,17,2026-07-03 22:37:41,12.94,37,United States
537382,42,13,2026-05-07 23:58:08,62.52,13,Italy
537069,12,17,2026-05-31 18:37:04,174.34,6,Italy
538384,44,19,2026-04-15 04:11:04,128.09,31,Belgium
537759,24,2,2026-05-01 13:05:35,16.1,55,Portugal
538534,28,20,2026-04-19 14:11:31,117.42,94,Switzerland
536672,126,14,2026-06-13 07:28:29,184.76,34,USA
536374,122,8,2026-04-18 18:53:12,196.8,96,netherlands
537017,77,16,2026-06-03 16:45:20,243.27,72,Switzerland
538207,9397,6,2026-07-13 05:14:13,87.75,66,United Kingdom
537424,122,19,2026-06-21 08:01:36,203.12,83,France
536893,67,11,2026-07-08 15:55:05,75.94,126,United States
537882,5,10,2026-06-23 22:01:14,39.04,2,Portugal
537553,110,3,2026-06-16 03:52:40,245.03,31,Portugal
536430,13,8,2026-07-04 18:35:57,106.7,78,Germany
537815,33,4,2026-06-13 16:45:11,146.51,42,PORTUGAL
537788,1,1,2026-07-03 23:39:06,44.34,57,United States
538553,45,12,2026-05-04 01:51:57,240.45,128,ITALY
537591,31,20,2026-04-19 14:33:01,155.85,41,Portugal
538185,115,2,2026-06-24 01:43:46,168.77,48,United Kingdom
537312,66,10,2026-04-18 04:56:25,50.96,99,Spain
537625,79,3,2026-05-21 08:17:31,36.73,59,Spain
537768,3,20,2026-07-01 13:47:54,227.9,58,France
537968,110,10,2026-05-14 16:02:16,55.86,34,United States
536406,65,5,2026-05-13 07:39:24,158.18,71,France
536923,69,4,2026-06-12 06:37:59,249.33,22,Frnace
536998,109,7,2026-05-18 11:23:18,192.77,68,switzerland
537967,70,17,2026-04-14 16:49:13,66.3,,Italy
537868,73,4,2026-04-20 04:01:44,103.19,14,france
537622,69,1,2026-07-12 06:18:48,190.28,90,Belgium
538242,128,2,2026-07-03 02:49:03,158.83,76,Netherlands
538087,33,11,2026-05-22 10:57:12,106.38,60,Suisse
537487,36,17,2026-05-04 02:10:42,0,37,United States
536741,101,10,2026-04-28 10:45:51,246.14,123,United States
537818,23,16,2026-06-24 14:01:25,190.01,26,United Kingdom
536750,40,,2026-06-23 06:04:28,248.13,42,Belgium
538238,110,12,2026-05-08 20:57:31,170.46,77,United States
538421,49,7,2026-05-24 14:42:20,161.75,90,France
536709,33,17,2026-05-01 17:12:35,242.19,96,italy
538532,51,14,2026-07-09 08:21:42,170.27,91,Belgium
537681,72,8,2026-05-12 13:26:11,200.95,48,Italy
537350,68,9,2026-07-06 22:26:09,55.43,13,Spain
538523,8,8,2026-07-09 09:16:50,66.57,38,United Kingdom
537024,79,10,2026-06-10 16:08:30,164.41,19,Suisse
537132,110,1,2026-05-13 04:52:47,68.61,58,Italy
537671,42,8,2026-04-27 09:21:40,143.18,109,France
537931,54,8,2026-06-01 17:48:07,118.37,50,germany
537498,62,1,2026-06-27 12:58:42,201.54,57,Spain
537004,104,9,2026-04-24 10:54:26,64.45,98,France
536756,125,2,2026-07-08 02:36:26,90.87,10,Netherlands
538331,1,9,2026-05-16 00:09:09,75.83,20,United Kingdom
537404,47,15,2026-04-18 22:14:10,110.92,2,Germany
537912,4,9,2026-04-27 03:25:57,26.41,126,PORTUGAL
536924,85,,2026-05-12 02:26:06,75.19,26,Switzerland
536647,8,3,2026-04-14 00:02:23,38.95,31,Spain
536419,59,17,2026-05-28 12:19:07,141.0,30,Italy
C538546,36,-17,2026-05-09 22:07:02,224.06,94,Netherlands
538073,71,17,2026-07-07 02:11:46,100.84,28,Italy
537833,89,6,2026-06-14 10:13:17,104.24,121,United States
537020,55,13,2026-05-25 11:50:56,109.24,31,Spain
537720,114,9,2026-06-04 10:43:07,68.59,15,United States
537261,102,5,2026-04-14 10:05:14,148.15,55,Italy
538565,11,17,2026-06-25 21:32:34,181.99,125,Switzerland
537020,43,11,2026-05-27 19:13:06,42.32,31,Spain
537943,36,1,2026-06-22 14:42:06,74.5,17,Spain
537494,51,2,2026-06-14 07:16:56,157.24,27,Spain
538458,97,10,2026-06-28 13:19:45,0,68,United States
C538504,60,-3,2026-05-26 22:49:37,237.48,111,Italy
537194,40,15,2026-04-23 06:10:55,233.31,7,Portugal
537748,64,,2026-07-01 19:23:37,56.4,3,France
538021,107,14,2026-06-05 22:49:39,22.99,84,Italy
537167,13,3,2026-07-12 08:10:27,81.92,92,France
538020,129,11,2026-04-24 23:07:36,230.35,83,United Kingdom
537814,116,7,2026-06-08 02:13:18,172.38,4,spain
538004,55,16,2026-07-01 06:10:22,176.47,18,Italy
537342,18,16,2026-06-13 11:24:14,209.48,,Belgium
536522,47,10,2026-04-16 06:22:34,27.11,44,Portugal
536611,72,9,2026-05-28 21:20:41,214.89,65,United Kingdom
C538359,16,-19,2026-05-20 11:36:59,247.49,111,Germany
537856,37,7,2026-06-19 21:45:06,154.92,86,United States
536932,126,14,2026-06-29 06:59:50,176.94,15,Italie
537359,52,15,2026-04-29 18:13:21,194.35,9613,France
537141,100,1,2026-06-02 18:57:35,28.6,110,Netherlands
C537738,43,-17,2026-04-29 05:39:35,192.44,116,Netherlands
537650,103,18,2026-04-16 00:47:37,135.47,122,Portugal
537056,43,,2026-04-20 08:01:30,248.21,83,Netherlands
536554,90,19,2026-06-10 04:11:42,201.74,10,PORTUGAL
C536538,52,-9,2026-04-28 00:13:22,188.3,14,France
536682,2,8,2026-07-09 05:19:15,209.2,41,Spain
538257,13,,2026-05-13 04:34:12,101.64,43,USA
536653,126,18,2026-06-07 07:37:43,172.29,43,Netherlands
537335,51,3,2026-05-16 01:59:38,121.84,60,Germany
536376,81,9,2026-05-11 11:26:36,53.45,125,United Kingdom
538259,19,1,2026-06-30 09:23:23,87.57,67,United Kingdom
537859,50,9,2026-04-28 11:05:08,-3.87,43,Netherlands
537231,39,19,2026-06-20 11:22:25,81.48,56,France
536957,67,18,2026-05-16 02:11:05,50.65,86,Italy
537105,126,15,2026-04-17 06:38:56,185.07,56,switzerland
538424,68,2,2026-05-22 10:38:43,185.53,68,Germany
537962,9,13,2026-06-20 07:46:47,214.52,18,United Kingdom
537259,9236,10,2026-04-19 23:36:05,212.31,118,United States
537751,44,19,2026-07-08 03:35:48,112.24,126,Germany
538275,102,20,2026-04-15 10:10:25,16.48,102,Germany
536943,49,16,2026-05-01 04:08:27,65.6,70,Belgium
536441,89,13,2026-06-01 14:09:28,35.3,8,Netherlands
536846,108,8,2026-05-04 06:56:18,143.63,32,Portugal
536955,118,3,2026-07-08 13:39:56,85.23,5,Switzerland
537357,70,8,2026-05-12 19:46:01,170.42,99,Belgium
537592,53,12,2026-07-02 08:24:56,184.89,3,France
538160,59,12,2026-07-07 15:42:15,247.87,,Netherlands
536659,10,7,2026-06-10 03:35:33,42.36,82,Germany
538057,101,6,2026-04-24 02:02:01,89.08,40,United Kingdom
536952,105,6,2026-06-23 09:22:44,141.73,25,Germany
C538085,91,-5,2026-06-30 12:03:42,121.63,28,Pays-Bas
537748,104,11,2026-04-23 21:41:02,222.72,3,France
538305,27,13,2026-05-26 04:19:16,37.98,13,United States
537754,106,14,2026-05-15 03:19:02,10.08,,Netherlands
538160,30,15,2026-05-20 13:54:05,198.02,62,Netherlands
536760,64,20,2026-04-14 07:24:08,40.67,22,Belgium
537561,109,1,2026-06-16 14:37:53,172.5,108,Belgium
536636,30,2,2026-06-19 19:58:11,248.46,96,Spain
538150,32,19,2026-05-04 01:24:55,159.74,41,Netherlands
538108,8,4,2026-06-05 03:12:54,186.36,98,Italy
538522,65,5,2026-05-24 17:11:02,76.3,27,Spain
537194,119,15,2026-05-17 06:13:26,35.62,7,Portugal
538499,88,6,2026-04-16 14:02:43,83.65,47,Suisse
536763,78,4,2026-07-03 11:41:10,26.93,94,Italy
537682,90,20,2026-06-23 22:19:34,169.68,9655,Portugal
536851,81,4,2026-05-09 04:00:35,88.79,72,Switzerland
536891,11,12,2026-04-18 17:31:24,101.66,114,U.S.A
536756,3,4,2026-04-25 08:05:29,109.41,10,Netherlands
536529,81,14,2026-06-28 22:00:57,185.42,119,France
538303,73,12,2026-07-09 06:12:12,15.0,61,Belgium
537395,56,7,2026-07-07 09:02:22,234.99,18,United States
537897,62,7,2026-06-05 18:47:29,175.64,14,FRANCE
537932,83,19,2026-06-05 14:17:29,105.14,5,France
536579,54,16,2026-05-31 20:16:09,232.32,126,portugal
537883,19,17,2026-06-11 08:59:12,137.79,28,Portugal
537416,93,18,2026-06-01 03:27:21,96.06,34,Switzerland
537603,96,13,2026-06-07 22:22:03,12.16,114,Germany
538307,90,4,2026-04-21 13:31:11,151.21,100,Spain
538476,92,4,2026-05-02 22:55:32,171.74,85,Italy
538502,7,,2026-06-09 05:15:23,199.31,100,Germany
537101,128,8,2026-05-06 18:17:22,107.5,126,U.K.
536925,42,7,2026-05-09 14:29:07,140.94,115,FRANCE
536852,36,9,2026-04-22 05:33:33,183.71,53,Spain
537842,61,17,2026-04-15 12:38:03,207.98,115,United States
536784,42,3,2026-05-25 12:35:05,72.19,11,Belgium
538305,124,9,2026-05-22 23:19:38,52.55,13,United States
538012,63,7,2026-04-15 04:00:30,-12.38,112,United Kingdom
537024,25,,2026-05-16 18:55:20,152.8,19,Switzerland
538565,26,14,2026-06-11 09:33:57,220.53,125,Switzerland
536969,108,3,2026-04-28 15:47:35,94.05,52,United States
538539,92,2,2026-05-18 22:12:36,18.81,2,United Kingdom
537650,91,3,2026-07-13 08:17:24,133.28,122,Portugal
538291,121,1,2026-06-21 08:04:36,132.68,113,SWITZERLAND
536384,46,17,2026-07-11 05:35:48,117.74,109,United States
537133,129,19,2026-05-09 01:47:33,240.16,33,France
538198,33,9,2026-06-23 05:22:24,235.61,47,Spain
536965,49,16,2026-05-30 16:47:45,152.89,72,United States
536491,101,10,2026-05-28 08:11:33,162.6,114,United States
536385,82,15,2026-06-19 02:00:43,154.33,119,Portugal
536930,35,11,2026-07-10 13:02:52,215.41,50,belgium
536407,68,19,2026-05-22 04:15:42,97.11,107,United Kingdom
538575,46,14,2026-06-18 04:30:55,236.21,124,Italy
537852,63,3,2026-06-26 03:30:33,168.05,60,United States
537338,65,5,2026-06-21 07:31:34,40.87,36,Germany
537619,34,9,2026-06-10 12:31:03,227.79,,Germany
536501,31,18,2026-04-19 19:01:48,91.5,101,Germany
537303,108,13,2026-06-02 19:23:04,233.93,53,Espagne
538131,121,11,2026-05-29 00:32:27,233.38,87,United States
537991,99,10,2026-05-01 02:05:34,134.83,49,United States
536745,45,13,2026-06-02 14:19:33,194.63,104,United States
537552,40,1,2026-05-02 19:39:01,41.86,75,Spain
536889,8,20,2026-06-27 10:24:35,58.38,106,United States
536850,123,5,2026-06-06 09:14:08,184.16,112,Spain
536811,26,9,2026-06-23 22:21:16,58.94,17,Portugal
C537970,5,-17,2026-05-26 06:13:23,83.76,130,United Kingdom
538541,9677,7,2026-04-15 04:48:29,13.16,36,Spain
538160,72,11,2026-07-08 20:40:37,137.41,62,Netherlands
537157,123,11,2026-05-21 01:33:27,129.52,9724,Germany
538194,9,12,2026-04-28 15:46:52,185.22,21,Spain
538500,60,15,2026-05-21 22:38:19,45.05,16,Germany
537645,96,7,2026-06-16 03:59:46,179.5,9235,France
538076,14,7,2026-05-18 02:07:26,167.61,75,Portugal
538109,91,17,2026-05-25 15:57:29,174.57,88,GERMANY
536803,11,11,2026-06-23 00:44:03,162.26,20,Switzerland
537727,54,18,2026-07-09 20:11:51,175.54,91,Belgium
536809,48,9,2026-06-18 18:40:41,10.06,27,United Kingdom
536724,98,17,2026-06-07 12:30:14,161.23,100,United Kingdom
536846,14,20,2026-05-04 23:16:22,119.67,32,Portugal
538016,4,13,2026-06-01 06:59:41,111.68,6,United Kingdom
537303,126,5,2026-05-23 06:57:05,67.09,53,Spain
537473,41,17,2026-07-06 15:41:57,14.15,60,Switzerland
537549,28,15,2026-04-23 13:23:41,122.41,110,Spain
537343,23,19,2026-06-08 21:27:42,57.88,119,Germany
536470,48,19,2026-06-24 20:21:36,166.19,8,Spain
538218,70,6,2026-05-18 15:56:08,47.33,127,Netherlands
537171,1,13,2026-04-23 19:27:18,124.22,58,France
538149,19,1,2026-04-21 18:49:41,145.18,93,Italy
537466,116,9,2026-06-18 02:21:24,94.7,13,Spain
537386,102,13,2026-05-03 19:21:25,41.75,111,France
536973,67,8,2026-05-21 21:48:10,62.1,107,Belgium
537848,73,12,2026-06-26 10:59:36,86.09,51,Germany
536914,9,13,2026-05-04 17:35:51,159.07,69,United Kingdom
538090,115,12,2026-05-15 07:48:00,21.66,90,Italy
538008,129,12,2026-06-19 11:38:08,245.72,74,Germany
537930,122,8,2026-05-18 23:17:19,30.52,113,Portugal
537810,25,4,2026-05-10 05:02:52,171.83,22,Spain
537925,77,8,2026-05-25 05:50:36,169.47,60,Switzerland
537852,9,12,2026-06-05 17:58:18,94.84,60,United States
C537459,27,-1,2026-05-15 20:06:16,3.85,3,Netherlands
537204,48,2,2026-06-06 22:20:24,120.86,97,Switzerland
538555,13,10,2026-07-10 03:36:52,173.09,,France
536651,104,4,2026-06-12 11:17:38,60.52,27,United Kingdom
536953,114,4,2026-07-06 13:56:13,189.65,30,United Kingdom
537769,7,2,2026-05-19 14:03:55,180.87,123,Italy
537361,1,14,2026-05-20 10:18:22,234.45,87,Switzerland
538272,123,16,2026-05-02 10:31:05,243.62,9002,Belgium
537037,2,11,2026-06-23 11:29:40,215.92,87,Belgium
537537,129,17,2026-04-15 16:17:53,105.57,89,Italy
537293,82,3,2026-05-05 05:23:59,166.55,109,Netherlands
538012,90,20,2026-06-30 14:57:16,223.6,112,United Kingdom
538065,55,17,2026-05-19 18:14:48,144.34,20,Belgium
537696,123,19,2026-04-23 20:58:53,221.31,64,switzerland
537175,18,12,2026-06-13 20:36:01,227.01,49,Belgium
536485,101,16,2026-06-19 00:25:37,38.12,83,United States
538037,49,13,2026-06-17 00:03:01,202.35,94,SWITZERLAND
536869,4,20,2026-05-12 21:52:53,70.44,96,United Kingdom
538550,18,2,2026-06-02 15:08:32,246.85,117,Italie
536642,63,1,2026-05-28 04:58:28,32.48,78,Netherlands
536795,101,7,2026-06-23 23:33:28,155.22,9954,Spain
538315,15,3,2026-04-30 17:23:10,163.25,42,SWITZERLAND
537975,75,1,2026-06-27 17:38:35,149.63,19,United States
538426,76,10,2026-05-07 15:14:45,132.36,98,Spain
538142,25,16,2026-06-27 17:30:10,12.48,130,France
538243,104,15,2026-06-13 02:02:26,133.27,106,USA
538515,22,20,2026-05-25 23:30:00,207.77,105,Portugal
537177,56,3,2026-06-02 16:57:42,138.23,123,Portugal
537500,14,12,2026-05-05 16:07:07,185.5,51,France
538147,30,8,2026-06-23 21:25:50,233.21,37,Switzerland
538454,128,17,2026-05-09 14:37:58,107.93,11,Spain
537280,62,18,2026-04-16 00:24:57,161.88,35,France
538467,75,3,2026-06-16 04:57:37,58.01,81,United Kingdom
537425,60,4,2026-05-13 12:51:29,128.73,110,spain
538197,72,13,2026-06-18 05:12:15,149.65,100,United States
537758,73,11,2026-06-12 07:56:43,147.51,85,Spain
537709,43,18,2026-05-19 11:58:15,233.58,11,France
536551,36,15,2026-06-21 02:40:27,43.9,20,Portugal
537180,128,12,2026-05-28 13:07:46,213.07,29,Germany
537223,130,5,2026-05-01 13:32:21,236.95,127,Italy
C538437,109,-4,2026-05-14 07:23:30,244.46,39,Switzerland
536497,80,11,2026-05-06 15:42:30,24.34,108,United States
536698,57,8,2026-04-19 09:39:43,245.09,92,Belgium
538135,124,17,2026-07-03 02:22:06,234.41,7,Italy
C537738,30,-10,2026-04-28 20:17:56,129.94,116,NETHERLANDS
537045,125,13,2026-05-30 20:54:33,57.06,5,USA
536675,13,18,2026-06-02 12:09:28,21.9,76,Switzerland
537577,25,19,2026-07-10 03:20:49,57.42,43,Germany
536375,115,5,2026-05-28 15:18:05,107.2,26,France
C536834,88,-14,2026-05-05 04:20:12,229.76,14,Belgium
538096,20,6,2026-05-13 22:26:48,99.03,,switzerland
537044,41,2,2026-07-09 04:07:54,196.0,63,Pays-Bas
537189,95,19,2026-06-14 12:33:59,119.63,103,Suisse
536393,50,10,2026-06-21 11:37:16,59.19,,Germany
537641,61,13,2026-07-10 09:27:48,83.14,70,Netherlands
538036,89,13,2026-04-29 11:14:50,186.97,24,Italy
537124,17,11,2026-06-06 19:41:37,196.76,18,Switzerland
536591,126,11,2026-06-16 12:19:30,217.09,126,Pays-Bas
538452,103,7,2026-05-13 23:07:26,133.17,60,SWITZERLAND
536837,9240,4,2026-04-30 00:33:15,94.98,60,spain
537692,51,20,2026-05-30 03:03:33,92.94,114,Spain
538334,100,16,2026-06-26 07:08:57,161.19,97,France
537852,130,18,2026-06-06 09:34:04,89.51,60,United States
537302,80,13,2026-06-03 07:21:38,182.18,58,SPAIN
537710,67,14,2026-04-26 01:41:14,176.81,7,Germany
C536564,102,-4,2026-04-17 23:38:28,173.56,128,United Kingdom
537755,121,9,2026-04-25 05:52:47,172.69,106,United Kingdom
537252,10,13,2026-07-01 19:14:09,38.02,124,Spain
537584,47,9,2026-05-03 11:55:03,6.16,119,Germany
538317,4,18,2026-05-11 19:22:10,58.57,10,Italy
537460,40,,2026-05-30 07:08:22,50.57,16,SPAIN
538591,105,9,2026-05-26 14:51:25,198.23,63,Belgium
536535,66,20,2026-06-18 21:13:57,51.39,105,Germany
536871,16,3,2026-07-04 08:07:05,50.66,44,Switzerland
536787,9,20,2026-04-19 22:45:12,194.23,55,Italy
536735,87,20,2026-05-09 16:26:02,109.08,125,Netherlands
538550,71,4,2026-04-19 05:52:39,181.61,117,Italy
536657,89,3,2026-04-21 12:50:22,163.93,52,Netherlands
C537429,104,-10,2026-07-03 22:15:42,167.12,33,Portugal
536654,10,15,2026-05-02 07:29:15,165.47,91,Spain
536683,118,,2026-05-01 23:45:08,199.27,96,Belgium
537287,91,11,2026-07-13 07:57:11,26.31,5,Suisse
538109,102,15,2026-04-23 03:01:37,27.24,88,Germany
538143,54,3,2026-05-11 10:54:08,125.96,107,Netherlands
537069,61,16,2026-06-15 14:26:47,234.09,6,Italy
536814,93,7,2026-06-19 11:08:18,186.86,66,Netherlands
538181,95,17,2026-07-02 06:06:32,115.47,67,Germany
536810,71,17,2026-05-22 06:14:21,153.04,104,United Kingdom
538044,91,20,2026-05-31 02:47:52,77.16,65,United Kingdom
538247,115,10,2026-05-15 01:37:02,103.35,65,United States
538258,55,10,2026-06-22 18:51:57,28.39,34,Spain
537670,80,20,2026-05-07 06:13:47,51.73,124,Italy
536549,94,13,2026-05-11 13:36:25,58.16,121,United Kingdom
538319,119,20,2026-05-09 13:58:37,43.38,121,United States
537454,118,10,2026-04-14 17:43:54,81.33,31,United Kingdom
537833,51,8,2026-06-06 06:01:20,216.17,121,United States
537684,51,20,2026-06-02 19:47:02,208.15,89,SWITZERLAND
536714,53,13,2026-06-24 19:35:34,18.74,107,United States
536975,51,11,2026-07-11 19:20:45,224.79,66,Italy
538475,1,19,2026-06-12 20:45:05,105.27,107,FRANCE
536923,9110,20,2026-04-19 23:59:52,131.18,22,Frnace
536964,87,7,2026-05-01 18:22:43,8.36,108,France
537063,129,17,2026-07-09 05:22:44,47.08,6,GERMANY
537470,36,,2026-06-12 19:59:02,98.56,22,Italy
537973,59,8,2026-07-04 02:16:51,217.6,5,United States
538306,66,12,2026-05-07 18:03:49,217.21,5,United States
537306,6,13,2026-06-19 23:59:04,103.07,58,Italy
536527,3,10,2026-05-13 08:05:21,106.96,66,Portugal
537447,51,15,2026-04-24 11:31:08,24.83,61,Switzerland
537150,30,2,2026-07-13 15:22:34,227.78,128,France
536985,19,10,2026-04-21 13:14:44,62.73,117,United Kingdom
537167,47,12,2026-07-02 14:26:10,241.75,92,France
537789,76,20,2026-06-11 15:25:15,143.35,3,Germany
536716,80,14,2026-05-31 15:22:08,205.02,108,Netherlands
536842,33,8,2026-05-23 03:09:27,158.69,67,Netherlands
537376,10,20,2026-06-04 13:58:49,204.04,106,Italy
536669,39,18,2026-06-16 05:05:01,213.7,68,Portugal
538485,129,16,2026-06-18 09:48:07,48.7,22,France
537006,46,10,2026-06-03 21:33:03,138.34,51,france
537633,25,12,2026-04-18 13:36:05,13.94,3,Belgium
537208,99,12,2026-07-06 03:05:47,108.38,108,united states
537654,52,4,2026-06-22 20:36:43,96.5,85,United States
536808,52,13,2026-04-21 11:12:34,49.42,54,Switzerland
537561,67,19,2026-05-26 16:50:50,222.04,108,Belgium
538139,30,3,2026-06-17 07:19:55,87.79,30,Belgium
538281,39,20,2026-07-13 21:43:15,71.74,14,Frnace
536807,55,1,2026-06-08 14:15:29,168.61,124,United States
537699,67,8,2026-05-09 07:13:44,87.2,77,Netherlands
538270,114,2,2026-05-25 21:53:59,82.16,97,Spain
537603,100,4,2026-05-08 07:49:28,7.77,114,Germany
536812,89,10,2026-07-05 13:18:36,177.35,,United States
537735,41,,2026-07-05 13:00:36,70.82,120,Netherlands
537625,113,18,2026-06-04 05:39:06,220.35,59,Spain
537281,46,12,2026-04-25 11:59:43,22.3,8,Switzerland
536874,97,19,2026-04-28 14:12:37,225.61,69,Germany
537810,98,10,2026-05-02 13:51:48,90.07,22,Spain
538347,78,13,2026-06-30 09:30:34,204.17,56,Switzerland
537846,126,4,2026-07-01 17:10:30,41.05,121,Switzerland
537098,87,19,2026-05-04 20:57:22,107.23,36,Netherlands
536593,42,4,2026-05-30 06:07:05,25.52,35,Belgium
537610,5,11,2026-06-29 19:01:28,38.66,38,Italy
537142,105,9,2026-05-09 09:02:38,213.63,124,Netherlands
538449,87,8,2026-07-03 20:47:41,195.14,85,Netherlands
536780,86,1,2026-05-04 04:42:51,62.16,109,United States
537087,4,12,2026-05-11 13:08:26,191.84,110,Belgium
536491,90,14,2026-06-23 14:52:08,80.68,114,United States
536660,125,1,2026-05-12 09:54:03,16.67,46,FRANCE
536437,64,4,2026-06-28 14:28:08,9.4,81,Spain
536374,111,12,2026-06-13 08:05:35,107.62,96,Netherlands
536775,86,5,2026-04-14 02:30:50,201.13,47,Belgium
537670,10,15,2026-05-13 18:58:04,133.37,124,Italy
538090,112,6,2026-05-22 08:36:20,233.4,90,Italy
537724,86,3,2026-05-15 18:44:56,247.0,119,Netherlands
538239,12,5,2026-05-27 18:06:19,52.02,115,Switzerland
537219,37,19,2026-04-26 11:27:00,215.51,102,Portugal
537800,67,5,2026-05-26 07:01:53,153.27,11,Netherlands
536969,130,10,2026-05-29 13:30:34,64.31,52,United States
536850,22,5,2026-05-14 15:48:35,224.21,112,Spain
537949,118,9,2026-06-01 14:37:03,88.57,68,France
537053,81,9,2026-05-09 08:35:28,152.75,114,Spain
537602,78,15,2026-04-24 02:37:46,3.46,106,United Kingdom
C537468,117,-5,2026-06-18 15:41:32,79.03,71,Germany
538581,100,5,2026-07-09 05:15:10,86.86,57,Germany
537614,110,15,2026-04-24 19:38:13,76.73,103,Spain
536381,32,10,2026-05-24 12:07:24,128.26,68,France
537247,6,18,2026-05-27 14:17:34,3.95,106,Belgium
538084,127,15,2026-06-16 20:26:02,32.73,119,Portugal
537472,62,19,2026-04-23 03:04:46,46.49,23,Belgium
537041,56,5,2026-06-09 06:28:44,44.83,5,netherlands
537617,13,3,2026-06-04 07:20:24,40.18,60,Portugal
537912,4,8,2026-07-06 22:45:33,62.82,126,Portugal
537656,73,8,2026-06-08 10:13:47,132.96,9030,Spain
538477,11,9,2026-05-14 16:35:01,174.67,130,Belgium
538053,110,2,2026-04-25 06:33:18,64.41,3,Switzerland
537308,8,4,2026-06-11 05:44:26,177.93,48,United States
537576,21,12,2026-06-12 21:53:58,54.88,80,Netherlands
536700,2,13,2026-06-08 20:56:32,51.07,71,Germany
538180,126,9,2026-05-09 17:52:56,47.43,30,Spain
537615,119,1,2026-05-01 13:09:56,117.21,125,France
537697,91,5,2026-04-25 01:01:10,129.8,101,France
536896,15,15,2026-07-05 10:58:35,142.98,26,Italy
538342,99,16,2026-04-24 09:52:18,56.88,51,Netherlands
538384,4,7,2026-05-28 22:32:37,220.35,31,BELGIUM
538074,97,13,2026-04-23 01:09:28,96.13,72,Switzerland
538110,89,4,2026-06-23 03:44:28,115.79,101,Belgium
537259,126,17,2026-06-11 08:22:59,134.98,118,United States
536676,28,14,2026-06-05 21:53:51,134.99,77,Italy
538029,101,14,2026-06-26 05:35:27,98.08,129,Germany
538019,64,4,2026-04-22 22:57:06,105.16,89,France
537720,9364,17,2026-04-20 16:47:16,101.99,15,United States
536706,85,19,2026-04-27 15:47:49,142.83,92,Spain
537229,60,9,2026-06-23 18:01:09,48.69,102,Belgique
537347,51,17,2026-05-01 23:53:01,206.51,49,United Kingdom
536474,19,15,2026-04-17 05:55:52,247.7,109,Belgium
537903,19,3,2026-07-02 03:18:51,78.54,82,UK
537932,123,3,2026-07-03 06:55:50,218.24,5,France
538406,46,12,2026-05-30 00:00:13,174.18,45,United States
537641,79,6,2026-04-18 17:42:27,42.0,70,Netherlands
537671,74,10,2026-04-29 02:42:32,24.27,109,FRANCE
536951,99,19,2026-05-25 21:49:52,167.75,116,Spain
537355,75,6,2026-04-22 13:27:06,10.46,21,Switzerland
536702,32,3,2026-07-12 13:24:35,243.71,115,Suisse
538097,75,4,2026-07-02 13:26:57,101.29,25,United States
538215,20,18,2026-05-07 06:30:52,155.3,12,Germany
537186,112,4,2026-06-18 13:16:19,24.85,99,united kingdom
536502,103,12,2026-06-19 03:23:02,172.51,11,United States
538446,7,19,2026-04-19 03:11:30,117.62,3,Switzerland
538404,10,1,2026-05-17 08:42:03,0,24,Portugal
538135,22,7,2026-05-22 13:12:24,213.46,7,Italy
536557,60,20,2026-06-27 18:44:11,44.86,14,United Kingdom
536958,88,20,2026-04-21 20:30:25,20.38,3,France
536581,66,12,2026-04-26 18:59:03,240.53,111,Italy
538505,22,16,2026-07-02 09:43:26,194.12,102,Frnace
538018,40,17,2026-04-28 13:37:05,95.79,18,Switzerland
537095,28,7,2026-05-06 00:02:41,183.05,61,Spain
536369,12,8,2026-04-26 06:45:29,193.95,50,germany
536629,105,7,2026-07-05 07:25:32,35.78,12,France
536907,100,1,2026-06-16 11:44:27,5.11,39,Italy
536657,103,8,2026-07-12 01:49:24,157.27,52,Netherlands
538021,100,9,2026-05-27 12:34:43,103.61,84,Italy
537234,112,18,2026-05-26 14:02:35,106.04,20,Italy
538477,84,16,2026-06-15 23:23:43,129.94,130,Belgium
537334,50,6,2026-04-18 09:08:59,75.75,50,United States
537122,113,9,2026-06-03 12:43:50,210.07,110,Belgique
536378,3,4,2026-04-25 04:28:38,21.59,68,Portugal
536471,93,4,2026-04-18 21:00:24,25.61,100,Italie
538037,59,14,2026-05-25 02:59:21,11.48,94,Switzerland
536760,39,8,2026-07-05 06:02:25,32.75,22,Belgium
536418,117,11,2026-05-19 07:40:55,41.88,69,France
538009,91,5,2026-06-05 17:28:09,84.57,85,France
536874,26,6,2026-05-05 12:39:26,228.55,69,Germany
537430,62,9,2026-05-05 15:18:28,45.95,99,United Kingdom
537145,19,16,2026-04-23 11:43:26,90.35,126,Switzerland
538421,51,11,2026-07-01 03:46:16,139.55,90,france
538454,65,12,2026-05-16 08:46:29,70.52,11,Spain
537669,117,15,2026-06-21 10:26:23,3.97,97,Switzerland
536975,55,19,2026-04-18 08:23:53,205.01,9641,Italy
537503,13,4,2026-05-26 01:55:48,85.64,63,Belgium
538115,94,7,2026-05-01 12:01:55,218.79,15,Netherlands
538388,44,6,2026-06-06 05:55:04,53.65,4,France
538257,64,5,2026-04-26 18:11:27,151.96,43,United States
537375,107,5,2026-04-16 17:32:52,0,48,Spain
536456,126,3,2026-06-04 06:04:33,225.03,9135,Portugal
536994,38,3,2026-07-07 01:20:14,120.99,33,Portugal
537824,98,15,2026-07-03 23:47:41,167.58,117,Switzerland
537697,57,7,2026-06-22 18:30:23,131.66,101,France
536891,31,,2026-07-02 02:34:26,162.83,114,United States
537301,110,3,2026-06-15 12:32:35,89.66,52,United Kingdom
537163,112,2,2026-06-11 04:00:29,187.1,104,United States
537275,125,14,2026-06-19 03:49:24,54.51,105,Spain
538074,97,13,2026-04-23 01:09:28,96.13,72,Switzerland
538475,5,10,2026-04-27 00:08:35,248.6,107,France
537680,103,15,2026-04-27 10:09:07,228.14,49,Italy
537608,69,17,2026-04-27 00:30:06,240.93,58,Italy
C538398,111,-18,2026-06-04 23:55:01,194.33,35,France
537005,109,3,2026-07-01 11:03:56,111.03,7,Switzerland
538163,98,4,2026-06-23 01:27:33,75.33,60,germany
537428,19,10,2026-07-02 23:22:20,223.14,30,Belgium
536973,40,18,2026-07-04 08:56:20,206.24,107,Belgique
536895,124,6,2026-05-03 00:32:17,122.55,81,Portugal
536576,35,9,2026-05-12 13:02:39,224.97,60,Italy
537044,53,14,2026-06-30 01:36:20,30.27,63,Netherlands
537013,96,1,2026-07-01 03:21:00,113.74,3,Germany
536820,119,1,2026-06-21 09:50:47,228.4,52,Spain
538169,82,2,2026-05-14 11:43:06,137.06,24,Switzerland
536885,12,20,2026-05-13 13:20:24,101.47,122,United States
536535,116,15,2026-05-28 10:17:01,165.64,105,germany
537538,96,12,2026-06-28 05:45:07,125.12,57,France
538564,84,6,2026-06-17 22:14:01,54.49,69,Switzerland
537610,68,9,2026-06-30 12:14:45,96.25,38,Italy
537578,62,2,2026-05-05 05:27:05,210.58,11,France
537542,81,6,2026-06-15 01:45:47,232.68,65,Switzerland
538376,8,4,2026-05-05 03:03:19,68.46,86,United States
538018,71,11,2026-04-28 08:59:40,209.54,18,Switzerland
537931,41,15,2026-05-19 17:27:12,168.45,50,Germany
538048,54,14,2026-05-14 02:11:20,6.2,61,France
538059,99,10,2026-05-30 17:14:44,240.22,112,United Kingdom
537826,47,14,2026-06-18 18:30:17,4.14,128,U.S.A
536684,87,11,2026-05-10 16:55:59,102.21,18,Germany
538551,6,6,2026-06-01 08:16:47,42.12,84,Italy
536480,81,4,2026-06-03 01:06:16,61.93,100,Switzerland
536990,31,17,2026-05-28 00:18:19,124.3,13,SPAIN
538567,62,16,2026-05-09 15:25:27,124.57,58,Germany
536396,6,9,2026-05-14 18:58:18,145.33,60,Spain
536734,26,1,2026-06-11 05:17:25,18.08,,Switzerland
537305,39,3,2026-05-05 05:41:22,86.06,40,Germany
538514,116,6,2026-07-13 10:33:13,126.21,116,Germany
537934,115,6,2026-06-02 02:22:41,126.92,72,Germany
538125,82,1,2026-04-23 02:39:44,65.37,74,Italy
536802,17,13,2026-05-25 05:46:29,73.05,91,Belgium
536665,84,10,2026-05-18 22:16:00,52.07,34,Switzerland
C537904,49,-10,2026-04-27 19:14:28,167.08,107,Spain
537270,16,17,2026-05-28 19:13:46,84.04,122,Spain
537029,11,15,2026-06-29 00:19:24,241.14,38,Italy
536528,54,16,2026-05-13 10:06:28,84.66,36,Belgium
537923,57,5,2026-05-19 21:51:26,211.07,91,United States
537563,85,15,2026-05-03 10:55:13,33.72,46,Portugal
538334,73,5,2026-07-04 01:35:24,69.36,97,France
537223,9978,3,2026-07-11 03:15:14,47.43,127,Italy
536592,13,7,2026-04-15 06:39:19,74.92,98,Italy
538506,34,15,2026-06-24 04:29:43,147.63,103,Portugal
537159,118,6,2026-05-28 08:45:26,55.18,71,France
538448,130,13,2026-05-05 05:30:39,226.1,82,belgium
536596,74,14,2026-06-21 04:44:05,153.38,73,Switzerland
538213,113,17,2026-06-04 00:56:23,231.02,73,Germany
536509,78,11,2026-05-07 17:24:30,36.7,26,Italy
536596,77,11,2026-04-26 18:53:53,0,73,Switzerland
538552,54,7,2026-05-13 20:20:18,77.82,42,Germany
536503,32,2,2026-06-04 08:22:59,235.74,24,Italy
537744,77,3,2026-06-24 09:38:15,228.09,18,Switzerland
538387,34,17,2026-05-06 09:24:42,6.52,108,Spain
538410,80,18,2026-05-10 22:08:30,92.82,12,Spain
536999,66,20,2026-06-21 17:17:48,20.8,64,United States
537555,17,18,2026-05-22 03:31:08,196.26,45,France
537337,36,9,2026-07-09 16:39:05,18.09,69,Italy
537390,83,20,2026-05-11 10:36:48,125.24,104,Switzerland
537006,48,8,2026-06-22 15:18:15,0,51,France
537581,98,20,2026-05-20 07:06:03,143.41,98,Switzerland
538428,54,1,2026-04-18 19:23:12,179.1,9271,United States
536636,13,5,2026-05-01 01:14:37,90.22,96,Spain
538517,33,6,2026-05-21 00:04:47,122.52,78,Italy
537538,96,12,2026-06-28 05:45:07,125.12,57,France
537099,129,5,2026-04-23 15:23:54,78.22,74,United Kingdom
537605,62,12,2026-06-29 05:57:27,220.16,111,Switzerland
537386,35,15,2026-05-27 22:18:48,89.16,111,Frnace
537690,26,14,2026-05-21 20:24:33,99.57,,Belgium
537179,72,9,2026-06-17 22:32:40,123.36,76,Portugal
538100,91,19,2026-05-25 18:49:49,137.79,122,Portugal
537204,19,7,2026-06-28 07:56:42,144.18,97,Switzerland
538330,8,3,2026-06-14 21:00:25,170.76,39,United States
538547,82,7,2026-04-18 21:43:05,237.16,124,United States
538461,13,19,2026-06-26 01:09:36,67.71,44,United Kingdom
538046,53,20,2026-05-18 07:39:54,218.53,75,United States
538443,86,15,2026-05-04 17:36:54,90.54,51,germany
538156,96,2,2026-06-25 23:25:17,245.21,128,France
536764,88,10,2026-06-02 01:42:26,182.16,20,Portugal
536724,124,3,2026-06-21 15:20:13,85.77,100,United Kingdom
537338,119,5,2026-06-27 21:32:54,67.45,36,Germany
537500,16,1,,112.32,51,France
C537871,32,-18,2026-06-02 02:18:58,110.72,99,Germany
536455,80,4,2026-06-03 10:03:47,160.76,93,united states
536546,18,9,2026-06-09 07:21:14,27.26,89,United States
537644,55,19,2026-06-13 02:36:15,216.69,111,Netherlands
537514,5,5,2026-06-15 22:39:31,148.64,115,Portugal
537111,23,4,2026-04-22 21:57:11,30.84,22,United States
538345,93,10,2026-05-29 02:57:40,70.36,14,Spain
537531,1,15,2026-06-29 02:41:33,161.94,116,Netherlands
538204,105,7,2026-04-26 23:42:09,62.78,122,Belgium
537700,110,12,2026-04-21 16:57:10,128.05,85,Switzerland
538333,93,19,2026-06-25 00:53:03,37.11,57,Belgium
536914,84,14,2026-05-10 14:08:29,95.57,69,United Kingdom
C537904,96,-3,2026-06-02 08:14:08,0,107,spain
536896,17,5,2026-05-09 08:52:40,132.07,26,Italy
C537377,126,-16,2026-05-25 17:54:48,3.67,21,Germany
536625,41,1,2026-05-19 23:42:46,122.81,54,Spain
537605,61,18,2026-04-29 06:48:40,193.35,111,Suisse
536505,15,8,2026-05-05 01:45:01,145.2,64,portugal
536996,123,20,2026-07-10 00:39:44,237.5,58,United Kingdom
537759,27,5,2026-06-19 03:19:34,171.72,55,Portugal
537332,53,6,2026-07-06 10:00:47,4.62,61,Switzerland
536856,83,9,2026-05-01 06:44:54,169.72,16,Portugal
537251,70,10,2026-07-01 22:16:02,77.84,13,USA
538586,9611,10,2026-04-19 11:58:31,181.84,113,Switzerland
537335,15,15,2026-04-26 17:14:01,195.68,60,Germany
536617,1,13,2026-06-07 11:51:40,238.68,5,Pays-Bas
536970,37,,2026-06-16 14:11:40,208.46,117,Spain
537641,123,3,2026-05-16 11:47:11,245.79,70,Netherlands
537725,16,15,2026-06-27 06:53:44,9.97,7,Germany
536378,126,9,2026-06-18 23:18:42,226.62,68,Portugal
536741,127,10,2026-07-11 23:30:13,176.92,123,United States
536589,41,11,2026-05-07 01:15:10,19.75,59,Belgium
538395,27,11,2026-05-01 22:54:21,174.56,4,France
538120,41,5,2026-05-13 08:00:05,57.37,94,Italy
536911,16,20,2026-06-05 08:58:06,201.19,22,BELGIUM
C537022,75,-12,2026-06-15 22:49:12,170.65,9,united kingdom
538213,27,19,2026-04-26 18:09:02,20.06,73,Germany
C537829,51,-18,2026-05-18 01:50:40,94.85,70,Portugal
538425,64,1,2026-06-08 17:43:53,155.92,58,united kingdom
538011,68,3,2026-07-08 17:19:51,87.59,1,France
537445,27,9,2026-06-01 15:11:26,119.76,107,spain
536370,84,2,2026-06-10 11:23:16,59.57,42,Netherlands
538304,52,11,2026-07-11 05:16:17,143.06,26,United States
536415,83,20,2026-05-14 11:34:43,39.64,19,Germany
538314,8,19,2026-05-12 00:10:23,88.57,21,U.S.A
536935,84,13,2026-07-11 18:22:54,78.65,4,FRANCE
537336,71,16,2026-06-21 23:32:27,81.67,24,Switzerland
537407,95,13,2026-07-07 18:10:24,78.57,66,Switzerland
C536545,78,-20,2026-04-16 21:49:25,24.37,17,Switzerland
536629,26,15,2026-06-07 10:42:02,125.34,12,France
536561,2,18,2026-06-03 20:39:45,239.62,92,united kingdom
538315,44,11,2026-04-29 23:24:31,225.04,42,Switzerland
536638,103,20,2026-05-10 13:45:28,210.7,85,Spain
536868,112,12,2026-07-03 22:46:05,46.97,101,Belgique
538430,40,3,2026-06-18 18:27:03,87.66,122,France
537673,61,4,2026-06-04 20:24:54,248.63,123,Netherlands
536376,41,2,2026-06-08 09:41:24,240.31,125,United Kingdom
536387,104,6,2026-06-24 05:29:44,210.6,57,Spain
536846,69,7,2026-06-26 22:31:35,209.49,32,Portugal
537308,8,4,2026-06-11 05:44:26,177.93,48,United States
537698,63,2,2026-04-17 20:35:41,178.81,120,Belgium
537585,129,19,2026-05-30 01:34:12,127.75,116,Belgium
538495,46,10,2026-04-29 20:45:59,86.71,95,Portugal
537349,5,2,2026-07-13 10:35:26,146.64,11,Spain
538063,47,13,2026-05-19 16:01:59,223.08,21,France
537774,116,7,2026-06-24 23:53:09,162.98,37,Allemagne
538148,91,11,2026-05-11 06:02:01,98.19,1,United Kingdom
538091,65,11,2026-05-30 06:56:33,-19.88,86,United States
537857,84,15,2026-04-25 06:49:06,166.66,35,Spain
538489,8,12,2026-04-19 17:03:38,85.95,36,italy
536520,96,18,2026-05-21 02:40:10,162.89,102,Switzerland
537264,33,17,2026-05-19 08:09:24,186.25,77,Switzerland
537836,66,8,2026-04-14 17:09:09,185.62,78,Netherlands
536715,44,11,2026-05-01 10:53:56,215.35,78,Germany
537319,119,15,2026-05-26 11:34:04,37.91,72,Belgium
536419,31,1,2026-04-15 15:20:27,125.85,30,Italy
536819,80,6,2026-06-07 10:51:39,142.29,67,Spain
537790,38,20,2026-05-17 16:23:07,213.12,57,Switzerland
537455,62,18,2026-07-12 18:57:34,197.79,122,Portugal
537153,121,2,2026-04-27 00:00:42,132.13,1,Netherlands
538375,28,1,2026-07-02 14:38:23,142.47,104,PORTUGAL
537575,92,3,2026-04-19 13:30:04,135.71,78,United Kingdom
537818,58,13,2026-04-14 05:46:51,65.35,26,United Kingdom
537874,68,17,2026-05-15 02:33:28,113.97,45,Italie
538289,119,7,2026-05-26 17:18:01,96.99,93,Portugal
536602,13,4,2026-07-06 21:40:40,97.75,27,United States
537133,17,3,2026-06-24 00:12:03,77.08,33,France
537331,12,6,2026-05-10 01:55:53,48.98,44,Switzerland
537266,6,20,2026-04-27 08:21:58,165.2,112,PORTUGAL
536661,109,16,2026-06-26 19:57:22,171.64,56,UK
538312,36,19,2026-07-01 00:51:36,65.79,14,France
537047,51,8,2026-06-04 18:35:15,83.2,108,SWITZERLAND
536381,1,17,2026-06-13 07:52:21,231.62,68,France
537290,33,7,2026-06-10 23:10:09,197.0,52,BELGIUM
536927,76,18,2026-04-25 07:55:12,135.95,41,United Kingdom
537804,106,1,2026-04-24 20:42:37,84.36,100,germany
537405,77,6,2026-06-28 02:34:02,207.2,78,netherlands
537287,70,10,2026-07-13 02:34:07,186.25,5,Switzerland
538567,44,11,2026-05-30 20:32:06,177.68,58,Germany
537409,111,9,2026-06-20 18:34:40,4.41,83,Italy
536720,20,1,2026-06-19 14:05:56,170.31,119,Belgium
537450,9576,9,2026-06-01 14:53:16,134.77,108,Netherlands
538513,4,20,2026-07-13 21:12:06,52.82,125,Italy
537482,57,12,2026-06-23 18:06:08,18.71,67,Germany
537943,7,1,2026-05-11 01:28:08,116.87,17,spain
536915,72,17,2026-05-15 20:48:38,231.2,104,Netherlands
536639,22,18,2026-06-03 06:23:00,212.81,51,France
C538437,84,-4,2026-06-23 09:18:47,170.76,39,Switzerland
538079,79,3,2026-05-05 14:08:57,32.32,72,United States
537203,19,6,2026-05-15 14:04:28,234.39,82,Spain
536879,104,1,2026-05-25 08:33:32,42.74,47,Belgium
538220,114,2,2026-06-11 21:17:57,75.45,98,Italy
538126,77,16,2026-07-08 21:23:58,244.31,110,United Kingdom
537905,106,,2026-06-24 19:28:41,19.39,27,France
536918,108,16,2026-05-03 03:50:51,118.6,91,Portugal
536836,92,8,2026-04-29 13:22:23,112.55,63,Spain
536473,63,11,2026-06-18 02:15:07,95.89,35,Espagne
537895,63,6,2026-06-09 06:38:11,5.48,44,United States
536698,92,7,2026-07-12 10:23:05,25.22,92,Belgium
537765,61,9,2026-06-13 22:11:23,127.64,58,United Kingdom
537467,47,11,2026-05-13 01:25:18,201.27,15,united kingdom
538250,21,10,2026-06-12 05:25:09,208.61,23,France
536714,113,15,2026-06-09 11:20:48,213.68,107,United States
536679,45,17,2026-05-25 06:05:16,10.9,100,Belgium
537964,119,5,2026-05-11 23:45:35,43.79,2,Frnace
537710,5,14,2026-04-25 19:21:58,221.87,7,Allemagne
537211,64,10,2026-05-18 04:45:41,243.18,61,Germany
538511,73,2,2026-04-26 23:06:25,129.9,42,United Kingdom
537977,2,4,2026-05-15 07:42:49,165.07,4,France
536420,90,12,2026-06-16 20:47:08,182.66,11,belgium
537649,10,4,2026-07-06 05:43:18,13.9,108,Suisse
538303,9760,15,2026-06-20 03:30:43,125.35,61,belgium
536676,125,10,2026-04-17 04:22:38,155.77,77,ITALY
538261,69,11,2026-06-11 21:48:17,155.99,83,Netherlands
536785,34,15,2026-05-12 18:25:31,93.58,67,NETHERLANDS
538433,77,11,2026-06-04 11:44:06,205.74,35,United Kingdom
537943,57,19,2026-05-18 19:36:25,217.77,17,spain
537791,115,9,2026-04-25 20:17:38,136.6,11,France
538395,55,13,2026-04-19 14:01:20,214.73,4,France
536877,80,5,2026-05-28 15:47:01,200.97,51,Switzerland
537677,50,18,2026-07-13 20:33:08,66.71,15,Germany
538197,26,2,2026-05-12 16:05:22,173.62,100,USA
536397,83,4,2026-06-11 21:02:40,214.86,72,United Kingdom
537367,106,19,2026-04-19 18:01:43,156.11,19,United Kingdom
536469,12,3,2026-06-15 14:18:10,172.05,122,Spain
537145,50,2,2026-04-18 18:36:36,98.49,126,switzerland
537926,28,17,2026-05-19 14:20:06,59.46,37,NETHERLANDS
536473,7,15,2026-06-03 23:31:04,235.91,35,Spain
537439,117,2,2026-04-23 23:18:03,103.42,25,France
538213,92,11,2026-07-13 02:16:04,10.4,73,Germany
536723,49,20,2026-06-22 03:37:10,54.16,43,United Kingdom
536799,22,5,2026-07-06 11:36:20,69.09,40,United States
538385,114,16,2026-06-30 08:18:54,175.23,73,portugal
538266,119,2,2026-05-19 05:04:10,192.81,93,France
538419,84,6,2026-05-23 02:15:38,181.3,121,Netherlands
537265,4,11,2026-06-20 03:48:17,188.4,21,Netherlands
537900,7,20,2026-06-23 01:25:56,104.45,92,Spain
538312,38,20,2026-06-26 00:38:21,224.74,14,FRANCE
536562,118,11,2026-06-18 12:41:49,173.24,118,Germany
537080,115,5,2026-05-14 23:30:29,182.33,105,United Kingdom
536535,2,17,2026-05-03 04:07:15,184.84,105,Germany
538199,123,14,2026-06-25 01:16:43,201.29,79,Frnace
537095,84,10,2026-04-17 05:49:42,115.06,61,Spain
537790,106,18,2026-04-14 16:10:03,111.19,57,Switzerland
537558,67,15,2026-06-04 11:20:37,33.78,3,United States
536722,96,,2026-06-03 17:12:55,52.4,114,France
536785,125,2,2026-06-28 07:30:05,92.78,67,Netherlands
537589,101,16,2026-04-22 22:51:51,4.93,105,Netherlands
538146,95,6,2026-06-06 22:09:34,109.24,116,Germany
536433,80,17,2026-07-03 03:04:02,101.36,11,Italie
538204,122,13,2026-04-19 22:53:39,144.23,122,Belgium
536706,14,14,2026-06-11 15:24:59,87.92,92,spain
537127,8,9,2026-05-21 13:10:32,26.48,44,Germany
538433,101,14,2026-06-28 06:04:49,223.88,35,United Kingdom
538455,7,15,2026-05-07 01:50:52,201.28,38,Italy
537865,119,3,2026-04-16 15:05:03,193.83,1,Italy
538565,82,4,2026-06-26 12:18:57,152.12,125,Switzerland
536646,111,2,2026-06-01 13:38:02,51.5,5,Netherlands
537365,9363,5,2026-05-23 07:22:59,211.58,63,BELGIUM
537192,15,15,2026-06-03 17:48:50,142.94,68,Portugal
537455,128,10,2026-06-14 07:51:09,154.82,122,Portugal
537640,69,5,2026-06-23 13:33:42,229.85,3,Germany
536638,123,2,2026-06-09 12:54:12,37.44,85,Spain
537185,79,20,2026-05-16 05:48:33,193.24,74,Spain
536584,34,5,2026-04-24 01:03:10,121.79,13,Portugal
537731,56,2,2026-06-24 12:34:01,235.56,89,Italy
537058,26,15,2026-06-05 14:12:17,196.56,49,Netherlands
536534,78,17,2026-07-11 20:44:09,141.9,5,Germany
538355,30,10,2026-05-09 18:11:26,170.87,105,italy
536641,78,16,2026-06-21 11:07:06,247.13,107,Netherlands
538417,98,4,2026-05-04 03:07:49,160.15,61,Italy
537962,93,11,2026-05-31 05:31:49,117.1,18,united kingdom
536752,74,9,2026-06-19 08:26:17,238.3,120,Portugal
536370,98,9,2026-04-16 09:29:53,247.41,42,Netherlands
537981,22,13,2026-05-04 14:46:05,113.15,7,Germany
536585,38,15,2026-07-01 07:57:09,14.08,114,switzerland
536671,123,15,2026-04-28 09:14:58,158.2,25,Italy
538099,10,17,2026-04-22 10:53:42,57.15,126,Spain
536666,75,9,2026-06-20 11:23:27,61.16,127,Germany
536873,49,5,2026-05-27 10:06:04,79.69,64,Spain
538439,13,20,2026-05-22 10:17:19,16.17,10,Italy
536896,69,18,2026-06-14 18:16:11,71.54,26,Italy
537806,9697,17,2026-04-16 13:57:10,29.94,20,Spain
538347,45,11,2026-06-10 09:39:40,100.24,56,Suisse
536809,95,4,2026-06-02 10:41:53,15.14,27,United Kingdom
537721,109,17,2026-06-19 00:55:25,153.59,65,Belgium
537866,46,13,2026-05-27 08:34:10,171.8,76,United States
537277,32,15,2026-04-23 11:05:31,68.67,72,Switzerland
538253,34,11,2026-06-10 01:33:22,167.31,126,Spain
538272,111,17,2026-06-18 02:32:45,83.13,108,Belgium
537684,126,15,2026-06-20 17:30:55,193.08,89,Switzerland
537078,50,9,2026-05-27 15:49:14,101.47,49,Portugal
537506,72,7,2026-04-26 19:07:07,206.5,43,Netherlands
538563,94,19,2026-05-21 20:37:01,177.99,65,Switzerland
537510,105,8,2026-05-12 20:12:13,109.81,32,Spain
537577,15,19,2026-06-24 14:38:03,132.06,43,Germany
538374,78,10,2026-06-24 01:46:24,176.42,4,Portugal
537962,12,8,2026-06-27 22:51:08,114.13,18,United Kingdom
537644,45,17,2026-04-21 11:29:28,118.8,111,Netherlands
C538195,121,-20,2026-04-28 23:45:21,84.86,37,Spain
537028,10,1,2026-05-31 23:31:17,158.99,47,Belgium
537095,10,3,2026-06-10 19:17:24,210.13,61,Spain
538217,84,20,2026-07-05 10:39:09,241.85,9987,Allemagne
537326,69,6,2026-04-26 21:10:12,170.62,8,United Kingdom
536794,106,13,2026-06-20 21:50:51,4.88,90,Netherlands
536543,3,4,2026-04-19 05:44:01,168.23,122,Portugal
536710,96,9,2026-06-06 19:14:33,138.99,96,Netherlands
537467,103,20,2026-05-14 00:53:02,154.6,15,United Kingdom
537806,99,5,2026-06-26 22:13:05,215.79,20,Spain
C537059,106,-5,2026-04-23 00:01:03,200.03,13,France
538299,63,5,2026-06-26 01:58:06,125.0,19,Netherlands
537714,113,1,2026-06-11 21:26:11,232.95,,Germany
537304,78,5,2026-06-03 20:51:17,34.01,114,Portugal
538520,23,18,2026-05-29 09:55:39,67.98,31,Switzerland
536651,65,16,2026-05-16 09:56:21,125.83,27,United Kingdom
537884,40,19,2026-04-24 09:05:30,63.62,30,United States
536401,60,14,2026-06-21 02:27:18,13.78,69,France
537903,27,1,2026-06-24 04:04:43,249.09,82,United Kingdom
536945,18,8,2026-05-13 23:11:45,110.68,48,Germany
536626,57,3,2026-04-25 12:57:43,119.33,29,Italy
C537901,120,-2,2026-04-18 21:47:50,248.28,8,Spain
538010,42,7,2026-04-25 17:29:37,197.27,84,United Kingdom
538220,72,5,2026-07-09 13:52:42,157.16,98,italy
537546,9712,6,2026-06-06 21:06:49,177.55,32,United Kingdom
536687,61,19,2026-05-02 13:41:48,142.7,33,PORTUGAL
538366,6,13,2026-06-15 23:22:38,206.99,74,united states
537311,29,20,2026-04-26 20:09:23,119.09,85,italy
536607,35,3,2026-05-09 01:44:01,36.89,82,Belgique
537734,68,14,2026-06-02 18:32:18,126.37,98,Switzerland
537144,110,9,2026-05-02 10:22:36,78.46,13,France
537441,20,9,2026-07-01 16:12:27,81.98,86,France
538446,72,8,2026-05-18 04:51:08,196.67,3,Switzerland
537722,72,15,2026-07-02 15:49:40,78.35,35,France
538486,87,11,2026-07-08 05:40:00,25.5,22,Italy
538027,84,5,2026-05-04 16:27:34,171.83,80,Germany
536965,41,16,2026-05-01 01:32:22,242.37,72,United States
537084,73,2,2026-07-10 02:05:06,61.42,111,Spain
537793,21,4,2026-06-06 05:39:56,167.8,17,Portugal
536462,49,19,2026-05-27 11:06:19,181.9,11,Germany
537015,99,9,2026-04-30 20:01:27,100.42,24,Switzerland
537119,28,11,2026-06-09 16:30:52,176.96,42,Belgium
536546,14,18,2026-04-19 14:41:58,116.93,89,United States
536814,124,4,2026-06-07 07:20:23,69.67,66,Netherlands
538014,77,11,2026-07-10 10:40:37,155.52,92,Italy
536571,39,2,2026-05-19 10:14:00,242.52,83,France
537038,10,4,2026-07-12 13:31:15,16.56,109,Spain
538418,1,15,2026-07-01 08:13:56,12.82,71,Belgium
536378,11,12,2026-06-16 12:49:25,54.89,68,Portugal
537049,72,1,2026-06-27 01:51:39,108.5,62,France
538337,104,1,2026-06-18 22:27:12,195.37,30,France
538413,33,13,2026-05-05 07:30:08,158.53,17,Portugal
537652,91,14,2026-06-07 08:44:31,14.22,109,Spain
536638,122,10,2026-06-04 12:29:35,242.49,85,Spain
538426,10,15,2026-06-06 18:04:17,245.72,98,Spain
537170,16,3,2026-07-08 05:36:18,138.04,125,Switzerland
536873,54,14,2026-06-25 20:04:30,88.69,64,SPAIN
536913,1,10,2026-04-15 06:39:49,120.63,113,united kingdom
538588,115,19,2026-04-25 06:04:32,142.59,107,Portugal
537447,2,4,2026-06-18 13:04:24,70.65,61,Switzerland
537407,70,13,2026-06-14 05:33:06,9.05,66,Switzerland
537744,56,7,2026-06-07 20:33:03,82.27,18,switzerland
538181,37,11,2026-04-29 14:25:26,15.45,67,GERMANY
538090,127,9,2026-06-25 22:05:58,74.46,90,Italy
536854,10,1,2026-06-13 08:39:09,63.74,82,United States
537425,128,17,2026-05-24 17:34:30,166.49,110,SPAIN
536792,112,10,2026-06-03 01:10:50,176.42,110,Portugal
537114,33,1,2026-05-06 00:04:05,210.48,74,Belgium
538159,45,9,2026-05-26 16:11:10,189.12,61,Germany
537965,43,18,2026-06-10 02:33:54,165.54,122,Netherlands
536863,108,13,2026-05-14 18:15:56,5.29,21,Germany
537124,129,2,2026-05-27 22:10:39,202.53,18,Switzerland
536679,13,1,2026-05-23 15:47:29,91.62,100,Belgium
538158,44,3,2026-04-26 14:47:08,60.07,73,Netherlands
538213,64,8,2026-04-24 12:17:26,115.73,73,germany
537588,9370,9,2026-06-26 08:41:47,116.52,71,Netherlands
536785,66,15,2026-05-05 00:08:00,163.62,67,Netherlands
537705,40,6,2026-06-03 12:54:30,217.72,71,netherlands
537123,10,1,2026-05-15 10:32:33,188.01,5,France
537986,11,12,2026-06-13 12:55:49,10.28,19,Switzerland
538583,40,8,2026-05-24 05:03:45,111.84,40,Belgium
537500,14,12,2026-05-05 16:07:07,185.5,51,France
537745,64,9,2026-04-28 13:35:45,238.31,24,Switzerland
537354,4,16,2026-07-07 10:21:24,50.34,129,netherlands
537968,43,20,2026-07-13 03:24:57,160.58,34,United States
537314,94,5,2026-05-16 07:20:35,25.09,92,Germany
536843,91,18,2026-05-10 04:06:06,180.42,66,France
536569,42,13,,207.62,60,France
537544,14,13,2026-05-06 20:47:54,134.01,19,Germany
537386,90,17,2026-04-25 03:51:34,55.21,111,FRANCE
538536,31,9,2026-06-29 09:29:03,42.25,119,United Kingdom
538147,125,10,2026-06-19 07:54:52,165.99,37,Switzerland
537162,37,16,2026-04-22 10:56:15,52.94,23,Portugal
537737,10,18,2026-04-21 00:42:00,169.39,109,portugal
538472,130,7,2026-07-12 20:35:09,148.12,35,Germany
537885,60,11,2026-05-12 20:54:28,178.14,83,Spain
536930,48,17,2026-04-26 02:29:26,146.48,50,Belgium
536631,71,2,2026-05-10 00:42:42,18.65,62,Portugal
538575,54,8,2026-05-15 22:46:29,239.14,124,Italy
536712,104,19,2026-05-03 15:51:48,190.18,21,Spain
536433,49,10,2026-06-15 09:42:00,91.17,11,Italy
536404,45,3,2026-06-20 21:12:36,153.54,47,United Kingdom
536854,46,2,2026-06-13 12:42:50,106.29,82,United States
537069,7,13,2026-05-03 01:35:41,41.04,6,Italy
538199,123,8,2026-07-08 12:58:57,121.17,79,France
538176,72,10,2026-04-15 09:28:36,123.65,12,netherlands
536817,2,14,2026-07-07 02:34:55,90.01,126,Spain
537387,127,2,2026-04-30 15:23:53,80.78,,Switzerland
537341,90,1,2026-04-19 11:04:12,189.48,82,Italy
538253,104,3,2026-04-14 05:43:56,216.54,126,Spain
536723,12,14,2026-04-19 12:58:55,129.59,43,united kingdom
538062,91,3,2026-07-04 09:02:50,191.66,,Belgium
537719,77,20,31/02/2026,181.73,94,Germany
537043,102,5,2026-06-11 10:28:26,241.41,31,United States
536885,71,9,2026-06-25 05:02:46,117.22,122,United States
537687,35,,2026-06-11 04:52:12,18.82,120,United States
537695,43,6,2026-05-13 11:43:39,31.72,27,Germany
536579,15,20,31/02/2026,68.66,126,Portugal
537196,101,6,2026-04-27 21:15:15,226.9,90,United Kingdom
537747,4,12,2026-06-16 17:42:53,149.67,8,United States
536532,127,6,2026-05-25 00:16:21,21.49,58,Italy
538172,19,3,2026-06-30 07:43:55,107.41,18,Germany
536802,8,4,2026-06-27 15:35:33,47.44,91,Belgium
538340,6,7,2026-06-12 00:10:51,106.5,30,Portugal
536941,4,2,2026-07-08 08:16:03,230.76,46,Portugal
537422,118,17,2026-06-14 22:27:39,154.7,126,italy
536992,36,4,2026-07-09 06:25:20,8.95,130,United States
538547,46,10,2026-06-03 23:54:20,145.39,124,United States
537265,53,14,2026-06-30 00:48:38,125.6,21,Pays-Bas
C538359,59,-20,2026-05-03 00:44:54,196.3,111,Germany
536790,108,18,2026-06-20 15:51:43,194.27,56,United States
537895,115,16,2026-05-12 09:55:02,98.06,44,United States
537936,110,10,2026-06-29 10:54:49,237.56,20,Germany
C538462,62,-18,2026-04-24 15:52:04,81.53,120,Belgium
C538028,18,-18,2026-05-29 16:42:44,85.71,1,Belgium
536913,51,5,2026-05-30 08:38:10,57.17,113,United Kingdom
538584,127,13,2026-06-08 14:31:24,57.97,45,Italy
537119,94,15,2026-07-07 14:55:58,29.53,42,Belgium
536625,114,19,2026-05-13 18:30:23,146.2,54,Spain
538501,50,6,2026-07-12 12:30:16,17.62,88,Belgium
538499,40,9,2026-06-06 14:21:38,56.36,47,Switzerland
537535,83,4,2026-07-11 02:25:17,47.53,110,Netherlands
538439,9013,9,2026-04-25 18:53:46,55.16,10,Italy
538354,79,3,2026-07-10 20:14:06,160.17,55,Allemagne
536820,25,5,2026-06-09 02:04:37,133.06,52,Spain
537223,88,13,2026-06-05 05:34:56,100.37,127,Italy
536776,57,3,2026-05-23 17:29:36,61.09,127,Portugal
537458,38,6,2026-06-22 08:13:39,113.72,111,Netherlands
537664,68,12,2026-07-10 20:20:05,191.44,1,Spain
538559,70,6,2026-04-23 20:16:14,24.99,27,Switzerland
537506,101,2,2026-05-16 18:37:11,24.33,43,Netherlands
537478,108,3,2026-04-22 22:41:10,33.88,74,United States
538094,29,2,2026-07-04 07:52:55,86.76,88,france
537951,112,9,2026-06-25 04:42:06,19.87,91,Portugal
C537970,57,-14,2026-06-17 05:40:35,232.53,130,united kingdom
537285,121,3,2026-05-06 03:39:46,164.81,119,Germany
537930,89,4,2026-06-01 17:14:23,13.14,,Portugal
537710,43,14,2026-04-24 01:06:59,244.08,7,Germany
537496,52,7,2026-06-04 05:34:37,42.48,29,Germany
538262,25,17,2026-05-06 19:14:11,22.45,79,United Kingdom
537828,65,11,2026-05-28 12:00:57,163.0,71,Netherlands
537707,7,3,2026-07-02 01:37:24,239.18,97,United Kingdom
537180,71,5,2026-06-24 21:32:30,57.1,29,Germany
538265,127,11,2026-04-30 04:01:08,224.5,58,U.S.A
536497,75,19,2026-05-12 05:53:53,196.77,108,United States
538184,123,1,2026-07-11 02:06:04,246.04,27,U.S.A
537863,40,5,2026-06-17 09:37:56,29.86,124,Netherlands
536904,67,,2026-04-20 10:47:55,134.16,77,Switzerland
536856,109,13,2026-07-03 11:39:43,67.39,16,Portugal
537770,41,17,2026-05-04 01:59:32,60.03,91,Belgium
537924,52,4,2026-05-14 22:04:01,172.35,123,Spain
C537982,82,-1,2026-07-05 19:44:26,133.32,20,Switzerland
536548,104,19,2026-06-20 03:55:22,55.55,130,France
537107,48,19,2026-06-04 18:37:26,46.06,9252,France
536598,52,10,2026-07-12 16:07:41,65.84,55,France
537763,93,15,2026-05-15 03:02:55,18.6,16,Switzerland
536930,100,9,2026-06-22 06:54:25,177.57,50,BELGIUM
537858,109,9,2026-04-17 08:59:54,160.87,118,portugal
536398,14,7,2026-04-18 01:27:21,131.05,119,Belgium
537479,114,1,2026-06-11 03:13:57,98.44,16,U.K.
538454,46,20,2026-04-24 08:47:44,133.37,11,Spain
536730,64,8,2026-06-24 16:28:57,121.0,79,SWITZERLAND
536372,9112,5,2026-04-24 22:27:37,128.85,103,Italy
538337,50,3,2026-06-16 18:01:25,111.8,30,France
536459,58,1,2026-04-27 19:03:33,189.78,108,Italie
537903,62,2,2026-04-21 22:02:21,204.65,82,United Kingdom
536726,14,8,2026-05-14 19:27:51,200.96,10,United States
538518,48,19,2026-07-02 02:51:37,233.29,38,Italy
538157,101,6,2026-05-28 02:45:33,101.26,,Netherlands
537286,48,12,2026-06-11 10:41:25,38.62,,Netherlands
537270,77,7,2026-06-09 14:07:35,-7.52,122,Spain
537891,22,19,2026-06-12 06:46:19,216.11,30,Netherlands
538204,48,1,2026-05-12 01:33:14,178.02,122,Belgium
536739,98,19,2026-05-12 01:43:43,185.02,32,United Kingdom
537789,8,3,2026-05-06 20:12:20,48.54,3,Germany
537660,63,15,2026-06-01 11:56:14,60.97,41,Spain
538327,48,,2026-05-03 02:19:39,173.03,25,United States
536591,52,7,2026-07-07 21:49:51,19.34,126,Pays-Bas
538125,13,11,2026-05-26 00:29:59,241.02,74,Italy
538228,128,4,2026-06-07 17:15:32,204.85,53,Portugal
537562,5,11,2026-07-06 19:34:37,196.04,112,Switzerland
537869,62,1,2026-05-22 18:15:21,191.58,9355,Switzerland
537694,85,10,2026-05-09 18:39:31,166.21,57,Italy
536788,42,14,2026-05-21 16:16:35,90.61,122,Portugal
537151,16,8,2026-05-08 23:15:14,224.74,24,Spain
537615,26,7,2026-05-15 03:02:28,101.09,125,France
C538359,25,-20,2026-07-12 04:43:12,236.86,111,Germany
536907,58,19,2026-05-16 01:29:47,169.61,39,Italy
537223,47,9,2026-06-21 18:29:18,15.36,127,Italy
536678,16,17,2026-06-04 23:25:39,7.7,125,United States
537003,26,3,2026-05-02 01:43:06,103.91,32,Germany
537023,1,7,2026-06-12 10:43:49,198.02,11,Suisse
537443,103,10,2026-07-06 05:29:24,193.81,26,United States
538241,11,6,2026-06-25 00:25:19,117.63,40,Belgium
537634,51,16,2026-05-02 16:21:38,147.62,34,France
536425,24,14,2026-06-15 07:51:20,128.6,86,Germany
537969,55,10,2026-06-24 17:52:15,188.63,101,United Kingdom
537755,50,9,2026-06-17 21:17:31,10.26,106,United Kingdom
537040,9940,4,2026-05-12 12:12:38,224.15,77,Portugal
537934,87,1,2026-07-03 19:18:37,148.16,72,Germany
537306,17,17,2026-05-16 22:38:25,130.65,58,Italy
538519,88,15,2026-05-21 05:38:11,82.96,102,Italy
538557,76,19,2026-06-05 19:22:25,153.45,62,PORTUGAL
537030,86,1,2026-05-24 14:43:44,103.61,12,Spain
538194,123,1,2026-06-21 09:38:48,144.02,21,SPAIN
537775,93,3,2026-06-06 17:33:13,171.19,43,Germany
536979,8,16,2026-05-10 16:22:11,46.12,9,Germany
537112,35,11,2026-05-18 10:05:10,166.44,9,Pays-Bas
536673,115,13,2026-06-15 21:07:41,120.68,52,Netherlands
C537440,50,-2,2026-06-28 10:37:37,48.7,14,United Kingdom
537071,30,8,2026-07-02 14:09:15,78.09,37,Switzerland
537340,104,6,2026-07-07 01:50:21,7.44,50,Portugal
536753,11,20,2026-07-04 11:28:10,113.82,15,Germany
538368,7,18,2026-05-30 21:52:53,64.25,,switzerland
536536,56,7,2026-04-29 10:37:31,54.8,83,Portugal
538347,58,18,2026-05-13 13:19:57,99.91,56,Switzerland
C538367,51,-13,2026-05-22 04:13:14,123.61,47,France
537936,14,3,2026-06-13 14:05:18,241.85,20,Germany
537315,57,1,2026-04-29 12:43:54,5.52,129,Allemagne
538322,44,1,2026-06-27 22:33:07,112.97,37,Belgium
536994,64,14,2026-06-30 17:28:14,210.42,33,Portugal
537507,14,17,2026-05-26 02:05:47,0,56,Belgium
536976,126,16,2026-05-30 18:56:11,141.52,56,Portugal
536918,41,4,2026-07-08 20:20:02,171.06,91,Portugal
538378,109,15,2026-06-25 15:33:56,98.75,105,Belgium
536396,69,5,2026-05-13 18:08:17,20.64,60,Spain
537175,44,4,2026-05-25 03:25:53,162.82,49,Belgium
538408,127,2,2026-05-09 10:17:19,203.45,63,Italy
536510,68,7,2026-06-09 19:51:47,64.64,57,Switzerland
538515,107,3,2026-05-21 11:26:16,167.2,105,Portugal
536372,68,17,2026-05-02 05:37:40,191.2,103,Italy
538480,115,2,2026-06-28 09:56:32,18.48,21,spain
538401,55,7,2026-06-16 13:39:54,122.15,90,United Kingdom
537068,86,11,2026-06-25 03:43:25,106.31,74,Germany
536648,48,15,2026-05-02 06:47:36,169.36,18,Germany
537104,14,18,2026-07-08 16:29:21,217.65,27,Belgium
538587,95,6,2026-05-16 21:46:42,231.96,61,Switzerland
538192,81,11,2026-05-13 05:21:06,5.76,6,United States
538542,75,4,2026-07-11 22:12:59,241.4,68,Switzerland
536471,70,4,2026-06-01 09:04:02,35.73,100,Italy
538134,127,11,2026-06-17 14:06:37,178.82,114,United Kingdom
536608,10,19,2026-05-23 19:22:10,122.37,58,United Kingdom
538197,79,13,2026-06-02 20:10:27,27.61,100,United States
536376,11,20,2026-07-03 16:07:47,23.25,125,United Kingdom
536679,23,16,2026-07-13 19:34:54,34.89,100,Belgium
537369,49,20,2026-06-16 18:13:20,23.91,,Frnace
538079,129,17,2026-06-13 02:06:19,0,72,United States
537389,68,12,2026-07-04 15:52:20,55.81,24,Belgium
537739,96,16,2026-05-26 22:44:38,75.96,89,United Kingdom
537169,4,7,2026-05-10 03:34:04,173.44,,Spain
536748,114,5,2026-04-27 10:47:49,145.54,76,Portugal
536597,9358,7,2026-07-13 01:11:08,200.49,34,Suisse
536743,51,1,2026-04-29 20:02:24,92.47,54,United States
537142,38,4,2026-07-11 02:32:42,230.12,124,Netherlands
537004,70,7,2026-06-06 11:36:37,220.81,98,France
537704,11,5,2026-06-09 01:59:46,12.08,85,Germany
537756,30,3,2026-06-03 20:21:57,49.68,9,portugal
536594,128,18,2026-06-11 23:28:30,202.44,39,United Kingdom
537742,60,9,2026-05-12 03:19:16,200.86,43,Italy
538293,127,4,2026-05-26 22:46:57,188.3,111,Switzerland
538486,95,6,2026-04-14 05:23:59,156.81,22,Italy
C536834,97,-5,2026-04-26 14:27:10,109.14,14,Belgium
537063,121,13,2026-05-14 05:57:54,79.01,6,Germany
537600,124,5,2026-05-07 19:52:26,45.72,68,portugal
538192,67,2,2026-04-25 12:01:04,231.86,6,United States
536797,27,4,2026-05-31 19:03:58,116.4,97,Spain
537438,123,8,2026-04-18 15:48:25,24.19,3,Spain
537266,30,3,2026-06-27 03:57:42,145.8,112,Portugal
537658,21,12,2026-05-14 23:07:37,131.11,48,Italy
537137,84,11,2026-05-26 15:51:35,148.32,80,Germany
537653,23,17,2026-06-21 06:04:49,15.06,78,United States
538428,71,7,2026-05-07 09:10:57,21.53,44,united states
536462,92,10,2026-05-04 01:39:17,67.61,11,Germany
537345,24,14,2026-05-10 18:09:37,77.02,67,Spain
538506,27,13,2026-05-29 09:35:03,181.82,103,Portugal
C537459,6,-2,2026-05-07 09:34:36,23.5,3,NETHERLANDS
536693,80,18,2026-06-13 06:43:54,162.35,84,Germany
538252,10,2,2026-06-10 21:08:15,26.73,10,SWITZERLAND
536836,129,4,2026-04-29 06:49:53,16.34,63,Espagne
536472,51,15,2026-07-08 17:39:01,29.42,124,Germany
538194,9041,10,2026-07-10 19:43:03,131.23,21,Spain
537542,29,9,2026-05-15 21:34:48,137.93,65,Switzerland
537409,92,16,2026-07-03 03:55:49,89.96,83,italy
538402,1,19,2026-06-26 09:07:12,131.38,113,Italy
538464,116,13,2026-04-15 04:34:26,52.24,12,portugal
538515,102,19,2026-07-03 16:44:15,218.42,105,Portugal
538272,93,15,2026-06-21 17:10:03,220.95,108,Belgium
536826,121,20,2026-04-21 17:43:21,165.77,114,France
538285,61,20,2026-05-03 08:23:41,165.7,130,United Kingdom
537214,106,12,2026-06-09 18:38:54,86.16,115,UK
538017,47,18,2026-04-28 14:29:26,68.32,35,Netherlands
537827,50,14,2026-05-16 11:22:55,70.63,76,United States
537949,101,4,2026-06-10 10:15:03,87.87,68,France
536945,40,11,2026-06-16 06:46:10,215.29,48,Germany
537076,56,10,2026-06-25 12:07:00,141.73,114,UK
536561,127,19,2026-06-01 18:08:42,217.59,92,United Kingdom
537192,30,10,2026-06-04 06:27:10,194.86,68,Portugal
537323,20,19,2026-04-26 10:42:32,177.0,116,Belgium
538112,24,15,2026-04-20 14:44:56,32.57,47,portugal
538231,121,1,2026-04-29 21:30:02,34.24,15,Spain
536731,117,5,2026-05-01 04:03:04,65.81,38,Spain
537834,17,2,2026-05-29 03:19:34,158.11,31,United Kingdom
538381,77,11,2026-06-14 04:14:17,67.36,88,United Kingdom
536532,25,14,2026-06-22 01:18:26,166.44,58,Italy
536855,29,10,2026-07-12 05:19:10,106.64,90,Netherlands
538489,48,3,2026-05-20 02:16:46,72.65,36,Italy
537639,80,3,2026-07-08 00:40:30,66.88,120,united states
C537227,50,-1,2026-07-08 15:32:25,174.01,39,UK
537625,1,13,2026-06-22 15:45:45,154.16,59,Spain
537961,54,9,2026-04-29 15:20:58,208.14,16,Germany
537558,83,20,2026-04-18 19:33:53,26.74,3,U.S.A
537393,48,9,2026-06-03 14:11:15,43.84,97,Switzerland
538339,96,7,2026-07-13 01:37:56,61.16,107,France
537315,95,3,2026-05-18 11:22:57,96.13,129,Germany
537566,104,17,2026-06-14 04:03:25,195.88,109,United States
536663,100,1,2026-06-11 06:03:53,227.72,61,Netherlands
536445,84,20,2026-04-20 19:01:51,81.68,37,United States
537494,104,20,2026-05-23 23:54:27,133.2,27,Spain
536740,76,8,2026-07-03 11:30:42,126.46,109,Italy
536831,92,3,2026-07-01 03:00:11,218.49,36,Germany
536836,34,20,2026-06-21 12:35:54,101.26,63,Spain
537142,92,15,2026-07-03 13:20:51,232.89,124,NETHERLANDS
536851,67,20,2026-04-19 20:00:14,189.11,72,SWITZERLAND
537442,12,3,2026-04-27 17:55:41,31.13,25,Switzerland
538186,68,18,2026-05-06 01:48:40,181.72,81,Spain
538167,33,16,2026-06-12 20:55:24,216.34,21,Spain
538253,118,7,2026-05-18 08:34:10,16.96,126,Spain
538445,2,17,2026-05-27 14:10:50,40.6,127,Portugal
537540,38,20,2026-05-06 21:01:36,31.06,59,Belgium
537995,79,7,2026-07-10 15:46:06,69.91,44,Portugal
538149,93,5,2026-06-05 19:33:09,216.97,93,Italy
537210,90,4,2026-05-12 06:36:15,42.89,46,Italy
536578,9,,2026-06-15 18:41:47,29.44,34,United Kingdom
537870,47,15,2026-06-26 14:12:56,30.33,120,France
538364,41,11,2026-07-10 03:17:15,170.69,88,Belgium
538402,50,13,2026-07-03 21:33:33,15.75,113,Italy
C536383,99,-16,2026-06-17 02:21:41,101.71,122,Switzerland
538316,86,5,2026-04-15 15:48:36,5.77,40,Italy
536901,81,15,2026-05-20 13:04:07,79.08,122,Switzerland
537804,116,6,2026-05-23 04:25:27,29.68,100,Germany
536633,23,3,2026-06-09 21:33:30,99.5,49,Netherlands
537283,105,18,2026-06-24 20:19:24,147.1,9,France
538109,4,17,2026-04-28 04:27:21,4.96,88,Germany
537456,89,11,2026-07-05 20:58:34,44.3,13,Germany
537774,95,16,2026-06-15 09:01:57,167.42,37,Germany
C537042,32,-14,2026-05-24 03:50:17,65.98,,Switzerland
537706,95,12,2026-05-21 23:21:39,82.99,9992,SPAIN
536647,12,3,2026-05-14 02:40:08,77.51,31,Spain
537730,115,18,2026-06-04 09:14:52,58.94,35,Belgium
538238,81,20,2026-06-03 18:11:37,243.81,77,United States
537608,94,14,2026-06-06 22:01:03,211.34,58,Italy
536866,40,4,2026-07-03 20:15:48,183.47,52,Germany
537701,100,4,2026-04-25 00:15:54,220.4,120,Netherlands
537712,35,17,2026-06-18 22:59:52,199.77,129,Switzerland
537708,30,13,2026-05-22 12:13:48,48.03,122,United Kingdom
537900,44,6,2026-06-04 23:58:25,225.36,92,Spain
537707,114,12,2026-06-21 22:34:26,237.38,97,United Kingdom
538484,18,14,2026-06-04 11:12:51,137.22,15,Italy
537400,106,3,2026-06-18 05:23:12,72.83,104,Spain
537690,121,10,2026-05-15 11:20:34,5.28,,Belgium
537512,127,13,2026-05-25 18:15:11,76.21,3,Switzerland
538293,4,12,2026-06-23 17:21:43,96.02,111,Switzerland
537240,46,18,2026-04-16 18:25:04,248.26,63,United States
C538174,27,-4,2026-06-02 13:02:44,173.68,83,Spain
537575,43,8,2026-04-24 10:32:04,196.42,78,United Kingdom
537907,17,7,,126.52,128,Portugal
537628,34,,2026-06-20 14:28:13,33.22,34,Italie
536396,111,11,2026-04-29 18:07:45,152.12,60,Spain
538529,110,15,2026-06-23 20:53:55,246.53,116,united kingdom
537833,104,17,2026-04-29 09:39:12,119.18,121,United States
537026,101,7,2026-04-18 16:33:10,88.24,82,Switzerland
537382,104,2,2026-06-01 06:35:06,75.93,13,Italy
537956,74,7,2026-05-13 03:10:01,183.75,70,Belgium
537925,68,19,2026-04-27 01:39:24,105.29,60,Switzerland
536780,55,20,2026-06-10 09:52:38,5.71,109,USA
536379,42,6,2026-06-03 20:27:57,220.71,40,United States
537261,28,12,2026-04-26 19:49:36,107.94,55,Italy
536731,42,1,2026-04-25 12:15:31,31.83,38,Spain
537402,54,5,2026-06-14 03:43:12,206.42,73,Switzerland
537482,71,1,2026-04-21 19:05:47,204.19,67,germany
537687,52,3,2026-07-07 21:57:16,45.43,120,United States
537991,64,19,2026-06-25 07:10:37,140.64,49,United States
538314,90,18,2026-06-06 10:57:47,69.24,21,United States
537152,77,3,2026-05-18 10:34:26,178.11,26,France
537158,5,2,2026-05-28 10:31:58,18.65,1,Switzerland
538408,102,9,2026-06-17 22:34:07,21.24,63,Italy
538381,34,10,2026-05-19 19:53:52,102.03,88,United Kingdom
538549,120,1,2026-05-19 19:14:41,243.46,2,Netherlands
537659,9555,11,2026-07-09 03:25:12,20.15,43,Portugal
538213,74,1,2026-05-06 14:31:34,68.18,,Germany
537790,22,5,2026-04-27 00:04:57,240.82,57,Switzerland
536931,59,12,2026-05-21 22:15:26,180.24,27,Switzerland
537446,40,10,2026-07-03 07:07:15,53.03,87,U.S.A
537705,101,4,2026-06-16 12:35:26,192.19,71,Netherlands
536559,2,9,2026-04-24 01:52:27,46.23,90,Italy
537420,100,4,2026-05-17 00:32:12,129.15,100,United Kingdom
537159,47,6,2026-06-11 06:51:38,173.15,71,France
538179,14,13,2026-06-07 17:29:34,127.07,98,United Kingdom
538469,63,8,2026-05-06 06:10:22,174.51,110,Switzerland
536796,101,9,2026-07-13 15:45:49,209.82,31,Switzerland
538275,73,14,2026-05-24 20:02:51,112.46,102,Germany
537278,4,9,2026-06-13 00:38:03,26.29,114,Italy
537938,46,14,2026-06-27 15:14:26,225.28,101,switzerland
537824,15,12,2026-04-29 04:18:33,128.7,117,Switzerland
536461,119,2,2026-05-03 16:35:44,141.91,110,PORTUGAL
537345,71,10,2026-05-28 05:10:24,31.73,67,Spain
536984,43,8,2026-04-18 12:01:53,171.95,29,Portugal
537193,46,14,2026-05-05 04:44:38,222.63,82,United Kingdom
537151,71,14,2026-04-19 14:34:41,196.41,24,Spain
536799,90,18,2026-07-11 22:01:11,164.03,40,United States
538489,59,2,2026-06-23 00:06:05,57.01,36,ITALY
537843,76,17,2026-04-20 20:56:02,139.94,21,Italy
537768,66,12,2026-04-24 00:01:56,45.44,58,Frnace
536789,1,15,2026-06-06 02:41:42,236.0,105,Espagne
537061,17,13,2026-05-04 07:09:08,-14.24,49,Portugal
537634,40,18,2026-05-07 17:42:31,181.78,34,France
537365,113,12,2026-04-20 19:32:31,195.38,,Belgium
536772,99,5,2026-04-16 13:44:53,90.27,32,France
536845,39,13,2026-07-01 05:22:38,191.37,8,United Kingdom
538490,122,20,2026-06-09 19:38:38,147.18,7,U.K.
537188,15,12,2026-04-22 18:42:38,134.31,98,Spain
538494,117,5,2026-05-03 19:34:50,62.25,79,Belgium
538483,73,13,2026-04-23 11:44:45,223.06,100,Netherlands
536440,11,1,2026-07-08 18:24:48,23.06,33,SPAIN
537555,45,8,2026-06-02 14:36:31,121.63,45,France
537664,33,5,2026-05-05 21:15:27,116.06,1,Spain
C537539,27,-12,2026-06-04 01:25:01,48.84,29,Germany
538259,121,2,2026-07-09 05:37:21,241.98,67,UK
537921,35,13,2026-06-19 18:46:57,76.52,122,Netherlands
538287,61,9,2026-05-08 02:34:08,175.57,4,Portugal
537292,118,20,2026-05-28 18:49:56,14.05,24,Germany
C537872,72,-19,2026-04-28 13:52:40,3.86,18,Switzerland
537116,43,20,2026-06-27 10:20:33,156.0,72,France
536978,49,14,2026-04-24 04:05:39,186.24,95,United States
537844,86,1,2026-05-29 20:48:16,112.57,11,united states
537149,81,16,2026-05-10 17:33:11,145.96,16,Spain
536606,92,4,2026-04-18 01:39:51,215.73,112,italy
537892,73,6,2026-05-26 21:30:01,104.81,70,Portugal
538256,92,20,2026-06-15 16:58:01,160.91,128,Italy
538323,111,1,2026-05-11 02:06:50,131.21,26,BELGIUM
536971,17,3,2026-06-10 23:06:46,37.56,102,United Kingdom
537914,21,16,2026-07-01 09:19:12,17.05,50,France
536624,10,20,2026-07-03 18:46:21,47.46,33,United States
537780,25,14,2026-07-08 20:26:49,75.28,51,NETHERLANDS
537341,104,6,2026-04-29 14:18:11,189.96,82,Italie
538091,102,9,2026-05-11 12:14:23,171.76,86,United States
536893,67,19,2026-07-09 18:57:53,71.0,126,United States
537335,33,9,2026-04-17 05:20:08,188.91,60,Germany
538269,80,10,2026-07-03 15:10:08,65.02,126,United Kingdom
536653,41,17,2026-05-12 06:09:26,16.77,43,Netherlands
537778,43,12,2026-04-28 23:16:34,184.75,95,United States
C537854,48,-10,2026-05-03 23:24:23,49.03,61,Portugal
536959,16,15,2026-05-10 11:24:11,48.68,85,Germany
537192,31,3,2026-05-25 12:42:59,93.99,68,Portugal
538113,126,7,2026-04-17 06:45:26,82.08,96,United Kingdom
536712,59,4,2026-06-19 20:50:35,32.29,21,Spain
536802,92,8,2026-05-10 18:26:42,20.94,91,Belgium
538543,41,3,2026-05-17 04:20:35,200.81,11,Netherlands
536880,109,2,2026-05-07 23:47:35,77.83,125,Belgium
538239,54,8,2026-06-11 15:40:22,203.8,115,Switzerland
538211,122,5,2026-07-10 12:19:52,171.89,124,Italy
538402,90,11,2026-07-04 21:20:23,142.27,113,Italy
536773,86,4,2026-05-01 12:25:35,92.04,29,Netherlands
537918,81,20,2026-05-28 15:55:34,144.01,113,United States
538027,45,15,2026-05-21 12:55:34,78.24,80,Germany
537152,98,15,2026-05-24 11:26:52,209.02,26,France
537734,3,10,2026-05-11 18:39:03,241.09,98,Switzerland
536849,28,2,2026-05-24 20:17:05,21.22,87,Italie
538189,57,1,2026-05-06 00:18:14,149.96,86,Italy
538327,60,16,2026-04-29 21:21:21,163.3,25,USA
538515,72,19,2026-05-20 18:10:01,83.95,105,Portugal
536732,79,1,2026-05-18 20:58:57,246.8,54,Belgium
536410,92,2,2026-05-20 20:56:29,101.34,26,Italy
536856,57,11,2026-05-04 10:50:44,160.16,16,Portugal
536459,98,15,2026-04-26 21:00:03,217.8,108,Italie
536547,94,11,2026-06-08 12:24:13,239.79,40,Switzerland
536475,64,12,2026-06-21 05:41:16,44.09,22,Germany
537651,107,15,2026-05-15 08:31:47,95.03,50,NETHERLANDS
536403,125,18,2026-06-23 05:15:08,11.87,37,Belgium
536604,45,3,2026-04-17 08:28:31,185.62,27,Belgium
537347,114,10,2026-07-01 01:12:39,68.85,49,United Kingdom
538200,71,5,2026-05-24 21:35:14,89.6,83,United States
538059,24,7,2026-07-05 05:08:20,39.5,112,United Kingdom
537199,52,11,2026-04-14 15:41:24,112.33,57,Portugal
536598,86,15,2026-05-11 04:49:33,196.65,55,France
537485,33,15,2026-06-29 02:17:28,219.33,14,Belgium
536951,120,8,2026-05-01 12:58:36,217.4,116,Spain
C536708,112,-3,2026-06-05 07:44:23,32.27,26,france
538275,15,11,2026-06-25 16:42:05,145.32,102,Germany
537718,29,12,2026-04-30 14:49:33,195.3,104,Spain
537624,48,2,2026-06-27 03:29:25,103.5,105,UK
537388,115,5,2026-06-27 00:58:15,190.17,,Belgique
538480,32,11,2026-06-16 01:41:44,38.98,21,Spain
537356,63,2,2026-04-16 08:05:53,175.25,5,Germany
537832,122,9,2026-05-02 12:47:56,30.53,51,Switzerland
537033,25,10,2026-06-16 08:15:32,79.44,42,Italy
538298,121,9,2026-05-15 02:31:52,117.28,125,Italy
537531,21,12,2026-04-23 12:01:46,216.26,116,Netherlands
536517,105,16,2026-06-25 12:39:34,190.59,26,United States
537185,89,1,2026-07-09 19:00:40,77.67,74,Spain
536518,55,8,2026-05-11 09:59:21,162.9,102,Germany
536757,113,15,2026-04-15 21:15:34,42.97,32,Netherlands
538486,44,,2026-06-12 11:36:22,135.08,22,Italy
538543,29,18,2026-07-08 06:36:02,180.77,11,Netherlands
537160,46,15,2026-06-11 18:27:44,221.82,19,Belgium
536804,13,13,2026-05-04 00:49:48,76.72,78,Espagne
536449,123,7,2026-06-27 19:05:33,52.91,32,Switzerland
536860,58,19,2026-05-07 02:37:52,243.87,28,Netherlands
537032,21,11,2026-04-15 07:10:24,162.77,55,Portugal
537237,34,7,2026-05-08 16:59:10,76.16,103,Spain
538271,50,3,2026-05-16 19:42:09,164.3,31,France
537910,14,15,2026-06-09 18:37:10,240.99,3,United Kingdom
538332,123,8,2026-06-16 07:08:06,201.34,109,Germany
537692,61,12,2026-07-09 19:34:47,230.54,114,Spain
536825,118,4,2026-06-09 06:56:39,142.36,75,Germany
537598,70,15,2026-05-31 07:38:30,112.9,26,Belgium
537370,112,11,2026-06-23 00:23:31,208.71,19,United States
538423,90,6,2026-05-02 08:57:19,186.56,78,Portugal
537611,54,13,2026-07-03 10:16:51,5.82,72,Netherlands
537571,86,14,2026-05-04 19:38:24,93.27,130,United Kingdom
538465,111,16,2026-07-07 02:05:01,220.33,56,Germany
C537776,23,-1,2026-04-19 21:09:51,60.08,112,Portugal
537836,15,20,2026-04-22 04:40:06,5.44,78,Netherlands
537139,68,6,2026-07-05 17:12:23,6.55,97,Spain
538459,123,13,2026-05-28 06:24:42,84.14,122,Netherlands
537148,83,8,2026-04-23 14:36:28,161.98,54,Portugal
538303,31,16,2026-06-02 21:49:42,63.33,61,BELGIUM
537957,68,9,2026-04-17 02:24:48,3.97,13,netherlands
538298,97,17,2026-05-23 14:29:54,179.84,125,Italy
537067,1,20,2026-05-18 06:06:03,170.99,28,Italy
536541,40,11,2026-05-02 14:02:58,150.43,42,Switzerland
538464,41,3,2026-07-12 10:52:52,185.92,12,Portugal
537825,121,4,2026-07-07 07:39:52,167.15,93,Switzerland
538249,42,15,2026-06-10 14:22:54,180.17,27,U.S.A
537195,50,4,2026-05-16 23:37:15,108.08,46,United Kingdom
C537829,102,-11,2026-06-04 13:40:56,219.99,70,Portugal
537589,48,6,2026-05-30 11:11:26,132.81,105,Netherlands
536881,122,11,2026-05-02 19:45:21,211.51,129,Italy
537862,76,19,2026-06-03 21:49:17,208.48,126,France
536535,107,2,2026-06-09 08:15:08,231.88,105,Germany
536657,20,18,2026-06-28 23:06:45,55.88,52,Netherlands
536746,114,12,2026-05-08 01:49:05,5.87,98,Spain
536550,117,2,2026-05-22 20:18:07,12.86,95,United States
537834,56,19,2026-04-23 02:16:06,30.12,31,United Kingdom
538302,8,19,2026-05-23 05:21:02,164.21,47,Italy
536850,9530,4,2026-05-24 09:10:25,60.37,112,Spain
536506,82,12,2026-06-19 17:57:00,228.75,46,United States
538410,44,9,2026-06-10 11:58:41,11.78,12,Spain
537171,3,3,2026-06-17 19:16:04,124.83,58,FRANCE
537367,13,9,2026-06-30 04:10:06,48.94,19,United Kingdom
537329,96,1,2026-06-20 20:52:29,114.8,41,Netherlands
538274,1,16,2026-05-18 20:31:41,178.21,57,France
537910,57,11,2026-05-11 21:13:08,68.94,3,United Kingdom
536795,104,11,2026-04-17 22:00:08,130.77,68,Spain
538011,97,8,2026-06-09 00:29:27,85.43,1,France
538529,111,6,2026-06-03 08:48:31,154.38,116,United Kingdom
538478,16,15,2026-05-14 03:08:53,65.25,91,United States
537921,73,2,2026-06-22 10:10:28,15.06,122,Netherlands
537583,69,18,2026-05-18 03:50:39,86.88,127,United Kingdom
538407,125,13,2026-07-03 01:47:25,60.41,9,United Kingdom
538262,95,1,2026-05-16 10:17:15,160.7,79,U.K.
537850,24,1,2026-06-23 02:27:13,127.18,9205,Switzerland
537098,87,17,2026-06-13 20:15:23,86.31,36,Netherlands
537221,3,15,2026-07-01 06:43:43,214.41,120,Netherlands
537307,24,6,2026-05-07 03:29:49,204.35,12,United Kingdom
537193,69,16,2026-06-05 00:14:09,15.01,82,United Kingdom
538066,18,1,2026-07-03 19:33:25,172.69,118,Germany
538492,17,5,2026-05-30 01:29:59,221.44,12,Germany
536990,11,10,2026-04-29 03:07:03,151.48,13,Spain
537763,35,4,2026-06-15 19:08:07,192.83,,Switzerland
536767,56,19,2026-05-01 03:44:58,175.09,102,Pays-Bas
537116,34,5,2026-05-11 22:43:56,215.42,72,France
537521,85,7,2026-04-15 06:22:06,22.43,54,Italy
537009,72,15,2026-05-10 21:47:48,63.71,95,Switzerland
537886,76,8,2026-05-28 11:03:03,-19.08,114,United States
536518,122,19,2026-07-11 06:46:33,139.18,102,Germany
537976,110,16,2026-06-05 20:22:25,49.26,32,Portugal
536716,80,19,2026-06-16 07:15:32,53.13,108,Netherlands
538589,127,17,2026-06-16 23:48:41,83.97,66,Suisse
537698,44,14,2026-05-22 14:35:13,36.45,120,Belgium
537692,85,6,2026-04-24 06:07:34,204.82,114,Spain
537223,67,14,2026-07-11 18:40:25,29.15,127,Italy
537066,130,16,2026-06-02 07:37:24,190.32,83,United States
537715,1,2,2026-06-10 09:35:11,170.04,103,Netherlands
538253,41,1,2026-05-30 16:00:13,228.1,126,Spain
538090,9408,1,2026-04-28 05:36:23,92.95,90,ITALY
537956,47,5,2026-06-23 18:57:02,11.81,70,Belgium
537892,93,13,2026-06-15 08:18:41,225.62,70,Portugal
538158,35,19,2026-06-08 17:22:07,115.02,73,Netherlands
537960,87,8,2026-06-16 20:09:00,146.28,28,Spain
536833,51,18,2026-06-11 10:46:14,153.21,15,France
538346,30,1,2026-05-16 10:12:12,141.28,122,Spain
537598,111,18,2026-05-01 13:39:59,119.28,26,Belgium
537846,10,1,2026-05-26 19:24:17,124.88,121,Switzerland
538564,128,1,2026-05-08 18:32:17,30.91,69,Switzerland
538248,68,11,2026-05-14 22:41:02,141.87,77,United Kingdom
537720,112,7,2026-07-12 10:36:13,48.12,15,United States
538210,56,19,2026-06-07 10:18:45,237.02,16,Italy
538177,122,1,2026-05-22 21:54:44,23.4,9,Germany
537341,71,3,2026-05-13 12:01:40,74.01,82,Italy
536463,126,6,2026-07-06 18:52:57,229.47,121,Italy
537928,42,2,2026-04-15 19:21:45,120.78,130,Germany
537379,21,18,2026-06-19 18:49:35,8.96,39,United Kingdom
538126,82,19,2026-07-07 11:01:54,31.37,110,United Kingdom
537038,36,9,2026-06-17 13:11:48,204.48,109,SPAIN
537964,130,15,2026-05-31 03:49:48,230.67,2,France
536719,95,3,2026-06-18 04:07:21,189.58,75,Germany
537920,44,17,2026-06-08 02:35:18,130.91,59,Italy
538053,83,2,2026-06-30 19:46:03,46.84,3,Switzerland
537874,31,18,2026-04-23 07:46:59,35.29,45,Italy
537222,67,18,2026-04-21 15:12:07,117.25,67,Netherlands
537392,35,7,2026-04-28 13:11:04,142.68,123,united states
536825,28,,2026-07-03 04:25:17,105.97,75,Germany
536574,54,16,2026-06-25 05:57:56,99.11,98,FRANCE
537794,16,6,2026-07-10 07:08:51,83.16,57,United States
536530,96,11,2026-06-18 11:55:29,48.17,69,Germany
536579,66,2,,93.49,126,Portugal
538415,10,14,2026-05-14 11:35:18,213.59,35,United Kingdom
538485,13,12,2026-07-06 23:52:38,147.0,22,FRANCE
537916,98,1,2026-04-16 11:01:21,123.73,36,France
536918,72,2,2026-06-18 20:48:25,239.89,91,portugal
538013,118,15,2026-04-14 02:04:36,115.37,60,FRANCE
536575,128,3,2026-06-16 19:18:28,172.43,32,Spain
537097,90,13,2026-06-05 10:00:58,43.21,2,Spain
536389,80,19,2026-05-12 07:39:22,170.3,43,Suisse
536951,106,2,2026-06-07 09:02:20,52.25,116,Spain
538060,76,13,2026-06-24 10:34:26,13.34,102,Netherlands
536719,56,16,2026-07-02 09:28:23,104.59,75,Germany
537451,9,3,2026-05-18 03:11:58,219.41,104,Portugal
537691,42,11,2026-06-13 19:44:59,95.0,25,Netherlands
537875,52,2,2026-05-02 20:40:24,175.17,121,Allemagne
538267,1,11,2026-06-20 16:21:16,225.38,25,Suisse
536515,52,5,2026-07-11 04:22:37,209.02,38,Germany
537258,76,4,2026-04-22 09:06:12,208.82,18,France
537825,114,20,2026-06-27 12:26:31,51.28,93,Switzerland
C538352,119,-14,2026-05-21 13:52:02,130.77,32,Italy
538334,45,20,2026-06-29 17:34:19,85.22,97,France
537054,22,11,2026-04-25 09:47:32,132.69,62,Portugal
537392,48,18,2026-07-12 16:48:00,230.63,123,United States
537745,9832,17,2026-05-20 05:13:59,198.92,24,Switzerland
537810,63,9,2026-05-18 18:53:42,197.02,22,spain
537170,33,7,2026-04-22 03:52:57,166.57,125,Switzerland
536810,13,8,2026-06-08 05:37:40,239.87,9036,United Kingdom
538158,85,6,2026-05-16 13:18:00,40.71,73,Netherlands
538509,82,13,2026-04-16 14:42:51,183.82,9,Belgium
538467,129,2,2026-06-18 09:22:40,245.33,81,United Kingdom
536799,94,4,2026-06-09 23:12:31,224.95,40,United States
537479,63,5,2026-05-25 22:36:37,40.34,16,United Kingdom
537694,28,7,2026-04-27 18:32:51,196.96,,italy
538349,64,9,2026-06-23 23:34:07,241.55,116,France
537165,86,11,2026-07-02 11:11:02,29.46,9,Portugal
536492,128,20,2026-04-18 10:10:02,20.54,29,United States
538297,127,14,2026-04-18 17:09:26,55.47,35,Germany
538465,31,13,2026-04-29 15:17:28,108.02,56,Germany
536963,95,16,2026-06-20 23:15:55,77.16,92,Netherlands
537220,28,,2026-05-29 00:59:42,53.49,47,Netherlands
537354,83,1,2026-04-23 09:51:21,211.43,129,Netherlands
536736,90,14,2026-06-03 11:06:13,234.95,36,Frnace
536686,3,9,2026-05-21 13:44:58,225.35,81,Italy
537129,22,6,2026-06-16 11:10:29,129.19,12,Belgium
536851,53,,2026-05-31 20:43:37,210.18,72,Switzerland
537195,23,16,2026-05-01 17:06:51,248.38,46,UK
536900,129,10,2026-05-27 22:18:34,82.04,88,Portugal
C538561,103,-3,2026-05-10 04:54:36,227.32,98,France
536963,49,8,2026-07-05 18:52:32,148.05,92,Netherlands
536480,45,10,2026-06-26 05:21:54,229.91,100,Switzerland
537741,45,3,2026-04-14 13:02:48,197.09,37,Spain
537140,34,8,2026-04-28 14:50:24,214.69,8,Belgium
536471,63,19,2026-06-25 09:39:21,131.71,100,Italy
537276,117,4,2026-05-12 02:12:08,133.63,67,Spain
536697,54,20,2026-06-20 15:21:13,127.69,72,BELGIUM
536844,93,11,2026-05-11 05:02:51,243.85,84,SWITZERLAND
536966,96,5,2026-06-24 04:11:23,94.28,,Italy
536509,1,19,2026-06-24 00:24:58,99.73,26,Italy
537122,51,7,2026-06-02 17:04:02,152.92,110,Belgium
537808,65,11,2026-05-24 06:15:31,93.28,12,United States
538312,30,9,2026-06-19 07:43:20,178.31,14,France
536875,117,19,2026-07-10 13:21:20,145.26,113,Switzerland
538155,63,11,2026-05-26 02:10:51,0,108,United Kingdom
536841,71,20,2026-06-24 14:08:27,139.21,68,U.K.
536741,58,2,2026-05-15 08:33:04,231.02,123,United States
C538187,9,-15,2026-06-08 09:49:18,193.64,46,Switzerland
538524,51,12,2026-05-20 12:16:35,67.51,46,Switzerland
536678,87,20,2026-05-29 20:16:59,213.8,125,United States
536911,107,6,2026-04-25 16:01:59,106.55,22,Belgium
537833,70,16,2026-05-22 13:13:23,133.44,121,United States
537537,91,13,2026-05-22 10:59:10,29.32,89,Italy
538458,116,12,2026-04-24 15:08:35,-8.35,68,United States
538390,125,9,2026-07-04 11:49:10,155.09,79,Switzerland
536492,18,1,2026-05-01 18:21:13,-16.0,29,United States
536851,11,18,2026-05-19 09:29:07,135.87,72,Switzerland
536893,74,1,2026-05-28 19:30:54,57.59,126,United States
537507,60,11,2026-05-12 00:55:53,175.66,56,Belgium
537584,38,20,2026-04-23 19:56:11,89.36,119,Germany
536478,45,18,2026-05-19 19:46:34,42.55,43,United States
537579,78,4,2026-07-04 10:21:39,196.42,92,Italy
536479,110,13,2026-06-09 13:19:41,4.1,48,United Kingdom
538320,60,5,2026-04-27 10:43:36,237.48,11,United States
537885,107,6,2026-05-31 21:59:18,3.8,83,Spain
537311,59,15,2026-05-02 07:34:15,30.65,85,Italy
537198,52,13,2026-05-17 05:42:17,12.53,130,United Kingdom
536965,41,11,2026-04-28 05:19:29,158.72,72,United States
536373,125,3,2026-04-29 04:31:30,244.56,130,Switzerland
C537612,28,-18,2026-05-02 17:40:09,61.6,124,Belgium
536379,28,13,2026-05-05 11:52:43,218.43,40,USA
536416,96,5,2026-04-22 14:26:06,140.42,25,Italy
536904,51,,2026-07-13 16:13:58,66.07,77,Switzerland
536374,59,3,2026-06-17 23:26:04,226.64,96,Netherlands
538280,17,11,2026-05-19 13:10:20,27.27,111,Spain
536940,11,7,2026-05-19 00:32:28,236.85,15,Portugal
537990,61,12,2026-07-07 19:17:03,178.06,130,United Kingdom
537273,22,13,2026-05-29 03:20:04,202.39,108,Belgium
537092,69,9,2026-06-29 01:08:21,48.09,88,Italy
536403,84,2,2026-07-02 12:43:10,75.46,37,Belgium
537944,100,1,2026-06-04 00:09:20,76.29,119,Belgium
538533,110,16,2026-06-19 19:25:19,129.4,130,portugal
537783,9161,17,2026-05-24 07:48:03,81.77,116,Netherlands
538449,47,19,2026-05-07 10:16:01,6.96,85,Netherlands
C538359,1,-8,2026-05-26 07:15:04,32.35,111,Germany
538443,10,7,2026-05-11 19:30:36,236.87,51,Germany
536750,105,3,2026-06-20 08:14:44,84.35,42,Belgium
538558,109,1,2026-07-10 08:44:55,142.44,87,United Kingdom
536682,86,5,2026-05-19 18:32:51,33.38,41,Spain
537968,39,10,2026-06-21 04:21:12,223.45,34,United States
537091,127,13,2026-07-13 01:21:39,136.87,119,Pays-Bas
537644,60,19,2026-05-18 23:45:54,101.86,111,Netherlands
538495,103,1,2026-04-27 10:06:29,47.9,95,Portugal
536529,26,6,2026-06-02 21:13:43,218.91,119,FRANCE
538270,46,9,2026-05-22 07:45:35,168.28,,Spain
538343,8,,2026-05-04 17:32:16,78.52,31,United Kingdom
538447,10,6,2026-04-16 23:17:36,181.87,20,Belgium
538477,22,5,2026-06-10 19:01:07,15.78,130,Belgique
537631,38,6,2026-04-29 19:30:13,183.46,,United Kingdom
538245,122,10,2026-04-23 17:02:53,57.97,67,Spain
537592,102,7,2026-05-15 02:52:08,209.77,3,France
538227,9562,6,2026-06-04 19:41:19,83.58,37,France
537372,104,4,2026-04-19 02:54:35,6.14,2,Spain
537296,130,5,2026-04-19 20:36:50,230.4,111,Netherlands
538443,83,2,2026-06-26 15:53:40,179.9,51,Germany
536763,34,11,2026-05-26 01:51:42,92.06,94,ITALY
C538240,63,-18,2026-07-10 20:57:13,229.48,7,Espagne
536451,122,16,2026-05-04 02:06:48,163.68,41,Belgium
537661,9,5,2026-05-26 17:26:57,96.92,29,Portugal
537268,119,1,2026-04-16 07:06:13,192.89,57,Italy
537955,33,4,2026-07-06 07:53:18,194.63,33,France
537522,118,9,2026-04-21 23:45:26,39.8,91,Switzerland
537647,6,12,2026-07-03 16:24:05,179.73,20,Switzerland
536797,19,16,2026-07-02 07:11:25,239.93,97,Spain
537624,97,8,2026-05-29 13:08:41,125.76,105,United Kingdom
537417,129,5,2026-06-07 02:00:17,75.84,50,France
537981,87,7,2026-06-09 11:39:11,161.26,7,Germany
537735,8,1,2026-05-01 05:17:23,165.83,120,Netherlands
538191,35,19,2026-05-26 19:57:28,166.16,63,United Kingdom
536592,37,15,2026-04-19 13:04:35,207.98,98,Italy
537201,87,7,2026-06-29 15:28:54,94.78,48,United Kingdom
537736,22,5,2026-06-23 00:50:24,236.18,53,France
537091,10,1,2026-07-13 23:01:39,169.23,119,Netherlands
536598,83,1,2026-06-19 04:49:36,31.12,55,France
538041,11,1,2026-06-24 04:11:52,20.37,9910,Italy
537062,96,10,2026-06-25 03:24:32,216.97,22,Netherlands
536598,77,19,2026-04-14 00:35:56,182.07,55,France
538524,20,20,2026-06-19 22:24:05,0,46,Switzerland
537243,33,15,2026-04-19 08:32:01,152.85,20,Switzerland
537717,116,10,2026-06-20 01:05:59,65.84,122,Spain
538564,26,5,2026-04-30 11:24:59,123.95,69,Switzerland
538258,75,6,2026-05-18 13:08:12,154.56,34,Spain
536377,28,18,2026-07-10 12:22:10,41.4,77,Netherlands
538138,9021,12,2026-07-04 02:39:59,196.69,114,Netherlands
536400,80,18,2026-07-13 07:43:39,6.38,62,United Kingdom
536529,12,1,2026-07-11 01:37:15,213.44,119,France
C537871,7,-20,2026-07-08 18:35:48,221.88,99,Germany
537533,39,1,2026-04-22 13:12:28,27.34,34,Netherlands
536444,31,5,2026-04-26 12:27:05,243.85,104,Italy
536535,124,17,2026-07-02 22:28:44,195.93,105,germany
536980,17,13,2026-04-18 22:53:07,170.47,40,United States
536827,9767,3,2026-06-03 05:23:57,18.3,67,United Kingdom
536573,38,2,2026-06-05 12:44:21,68.83,85,Germany
537824,10,19,2026-05-01 16:24:32,169.87,117,Switzerland
C536380,103,-18,2026-06-06 21:58:00,84.79,103,Italy
536989,122,9,2026-04-18 21:23:31,137.3,90,Netherlands
537593,56,10,2026-07-06 19:31:07,193.76,40,United Kingdom
537371,103,5,2026-05-16 22:52:37,229.1,67,Portugal
537498,33,17,2026-05-23 01:15:02,94.54,57,Spain
538070,17,8,2026-06-03 17:40:38,222.19,9837,Spain
537942,2,11,2026-07-03 17:13:14,65.98,125,Spain
537496,83,1,2026-05-06 01:34:19,85.21,29,germany
537180,9259,17,2026-04-22 00:53:13,26.1,29,Germany
536546,85,12,2026-06-05 21:17:27,34.67,89,United States
537061,105,10,2026-05-25 14:41:13,42.17,49,Portugal
537258,24,9,2026-04-28 06:39:32,113.71,18,France
536613,60,13,2026-06-14 19:02:08,171.83,61,Netherlands
536468,85,19,2026-06-15 07:40:39,244.4,128,Belgium
537003,64,14,2026-04-29 12:13:16,57.58,32,Germany
538302,80,1,2026-06-09 08:58:13,21.46,47,ITALY
537807,18,15,2026-06-07 01:17:12,242.59,112,United States
537902,59,12,2026-04-21 23:50:52,236.3,29,United Kingdom
537203,110,9,2026-04-18 22:26:08,20.79,82,Spain
538226,101,15,2026-06-20 16:46:28,225.06,44,France
536409,105,9,2026-06-16 01:44:40,11.08,126,Switzerland
536773,74,12,2026-06-25 23:17:57,219.22,29,Netherlands
537177,123,6,2026-06-05 05:35:23,201.52,123,Portugal
537535,62,9,2026-04-20 04:46:57,141.48,110,Netherlands
536925,90,6,2026-04-15 14:03:07,211.65,115,FRANCE
536855,47,10,2026-06-10 05:41:27,210.65,90,Pays-Bas
538383,33,9,2026-06-08 09:28:18,92.49,80,Portugal
538122,108,16,2026-06-19 04:55:42,149.85,91,FRANCE
537074,80,19,2026-06-05 14:15:49,155.84,64,UK
536631,30,16,2026-07-13 06:32:53,185.13,62,Portugal
538259,58,10,2026-06-25 16:25:47,53.53,9890,United Kingdom
538256,48,2,2026-04-18 12:20:16,67.3,128,Italy
537260,17,11,2026-06-05 07:02:25,47.84,123,Portugal
536480,101,19,2026-06-28 10:05:47,31.22,100,Switzerland
537438,24,3,2026-05-30 20:43:07,64.79,3,Spain
538393,42,17,2026-06-04 21:09:03,72.05,31,Netherlands
537371,123,5,2026-05-25 04:29:05,190.15,67,Portugal
C536526,43,-3,2026-04-18 19:33:15,206.49,64,United States
536378,71,2,2026-05-22 09:21:35,3.88,68,Portugal
537942,128,10,2026-07-09 23:42:41,19.57,125,Spain
538530,37,12,2026-05-01 11:06:42,88.1,4,Allemagne
538293,52,17,31/02/2026,180.95,111,Switzerland
538448,46,8,2026-06-12 07:22:26,136.65,82,Belgium
537386,5,18,2026-05-18 00:57:35,32.83,111,France
537585,88,2,2026-07-13 02:09:38,180.35,116,Belgium
536660,17,14,2026-05-09 05:42:22,224.5,46,France
538510,20,16,2026-05-23 17:28:58,128.64,19,Germany
536603,80,15,2026-05-24 20:56:31,119.22,21,netherlands
538477,12,7,2026-04-24 09:24:46,121.13,130,Belgium
536652,9,14,2026-04-19 02:13:25,220.39,84,United Kingdom
537741,15,7,2026-06-27 12:24:40,206.17,37,Spain
538526,107,19,2026-06-11 17:41:09,238.68,66,Italy
537094,124,20,2026-04-22 04:11:01,122.61,68,Belgium
538297,51,6,2026-07-05 21:15:14,109.59,35,Germany
538129,11,1,2026-06-25 19:55:34,229.78,,United Kingdom
537102,3,3,2026-05-13 07:02:23,131.34,52,Switzerland
537766,82,15,2026-04-30 16:22:32,35.91,88,Belgium
538018,127,1,2026-07-05 21:07:51,197.5,18,Switzerland
537570,23,3,2026-04-27 04:23:03,81.32,108,Netherlands
538538,73,1,2026-05-11 11:19:18,123.45,91,germany
538426,73,6,2026-06-16 21:24:01,128.05,98,Spain
537133,36,9,2026-06-30 08:57:40,100.61,33,France
536704,117,13,2026-05-31 15:31:42,117.66,103,Germany
536967,126,15,2026-04-19 06:38:57,0,122,SPAIN
538377,20,12,2026-06-26 17:38:58,162.1,16,Netherlands
C536919,50,-8,2026-07-02 11:47:12,209.08,80,United States
538078,6,10,2026-06-07 18:42:28,203.16,116,Netherlands
537946,12,18,2026-05-29 19:57:09,90.14,103,Italy
537272,30,4,2026-04-18 08:39:51,96.82,92,Italy
536501,16,14,2026-05-10 11:58:47,166.62,101,Germany
537712,51,16,2026-06-30 22:20:16,21.41,129,Switzerland
537749,108,1,2026-05-26 22:20:02,241.07,50,switzerland
537519,45,18,2026-05-01 13:46:47,69.48,111,Switzerland
537409,34,10,2026-06-30 23:49:52,171.77,83,Italy
537160,16,3,2026-05-15 22:40:16,31.69,,Belgium
537884,106,10,2026-04-28 22:56:20,210.87,30,USA
537172,118,18,2026-06-18 02:25:32,65.93,74,Germany
537523,9,14,2026-04-30 00:26:16,36.52,89,Germany
536603,34,3,2026-07-05 20:44:16,203.77,21,Pays-Bas
537356,42,9,2026-07-04 07:49:45,60.3,5,GERMANY
538496,102,15,31/02/2026,31.83,66,United Kingdom
538033,130,8,2026-06-25 05:39:13,128.4,64,France
538071,25,10,2026-05-14 22:05:16,140.49,106,Spain
537501,97,17,2026-06-03 09:01:00,214.11,31,Switzerland
537801,35,13,2026-05-25 03:28:39,34.98,22,Suisse
538298,32,18,2026-07-08 16:58:43,190.53,125,Italy
537438,44,4,2026-05-27 09:06:40,236.49,3,Spain
536428,21,12,2026-07-01 20:03:11,58.46,36,Spain
538171,32,14,2026-05-12 15:21:31,217.91,67,France
537425,128,12,2026-07-08 06:16:53,114.89,110,spain
538033,18,5,2026-05-25 01:34:41,176.15,64,France
538316,120,1,2026-07-08 22:02:50,220.52,40,Italy
537615,116,2,2026-06-21 12:25:16,33.48,125,France
538502,86,18,2026-04-30 16:27:37,131.4,100,Germany
537074,49,4,2026-04-16 11:40:31,48.68,64,United Kingdom
537542,27,1,2026-04-26 23:35:44,109.87,65,Switzerland
537097,93,5,2026-05-24 21:58:29,61.05,2,Spain
537914,121,10,2026-06-14 00:20:30,10.0,50,FRANCE
538076,121,17,2026-04-24 15:41:48,20.17,75,Portugal
536639,15,12,2026-07-07 00:28:12,101.2,51,France
536816,3,16,2026-06-16 15:12:09,232.03,74,Germany
538518,13,4,2026-05-13 14:31:16,99.91,38,italy
537603,63,10,2026-07-13 01:09:24,33.75,114,Germany
538441,24,15,2026-07-13 04:21:28,112.28,61,United Kingdom
537977,56,17,2026-06-21 05:15:33,227.69,4,France
537602,62,7,2026-06-12 06:29:39,186.19,106,United Kingdom
537169,96,19,2026-04-25 01:07:17,87.1,56,Spain
538390,43,13,2026-04-30 06:57:21,52.46,79,Switzerland
538517,124,6,2026-06-12 00:37:44,48.79,78,Italy
537682,100,6,2026-06-02 05:39:03,195.66,112,Portugal
537329,47,18,2026-06-04 20:45:12,215.71,41,Netherlands
537801,100,13,2026-06-06 23:54:24,36.87,22,Switzerland
536546,106,17,2026-06-29 20:53:57,38.19,89,United States
538451,95,14,2026-05-02 00:21:42,92.05,80,United Kingdom
537514,126,12,2026-04-16 12:17:30,160.94,115,PORTUGAL
538304,39,10,2026-06-21 07:21:35,243.94,26,United States
537827,90,20,2026-06-04 20:01:32,100.25,76,united states
538386,100,11,2026-06-16 22:12:25,140.29,73,Spain
538436,111,13,2026-07-09 06:06:29,23.72,47,United States
536751,95,8,2026-06-18 03:21:39,170.52,90,Switzerland
537423,9376,17,2026-04-18 18:03:59,70.64,9,ITALY
536803,108,14,2026-04-24 18:41:44,81.49,20,Switzerland
537725,40,9,2026-06-10 00:15:04,210.85,7,Germany
537447,5,18,2026-05-12 21:44:35,224.37,61,Switzerland
537080,127,15,2026-04-27 12:52:03,112.35,105,United Kingdom
537058,20,5,2026-07-02 08:46:47,46.4,49,Netherlands
536795,40,12,2026-07-02 00:13:11,210.67,68,Spain
537497,2,7,2026-05-28 01:13:55,4.6,39,Portugal
C538556,98,-5,2026-06-05 07:05:14,224.81,41,United Kingdom
537572,67,15,,10.14,4,France
537519,3,2,2026-04-24 10:25:14,116.1,111,Switzerland
536736,106,7,2026-04-23 05:17:01,3.77,36,France
536376,18,8,2026-07-05 03:13:32,102.73,125,UK
538083,106,17,2026-06-21 04:39:19,185.92,125,United Kingdom
536613,112,1,2026-05-18 22:11:25,74.33,61,Netherlands
536624,37,9,2026-07-02 17:33:40,132.2,33,United States
537385,56,19,2026-07-08 10:42:48,13.82,23,Belgium
538101,66,4,2026-04-19 22:45:19,134.51,107,United Kingdom
538089,94,18,2026-05-30 13:02:57,222.7,30,Belgium
536547,28,6,2026-07-04 08:34:29,162.45,40,Switzerland
536823,101,2,2026-04-23 21:29:57,231.73,130,Netherlands
537849,55,7,2026-06-11 13:19:56,95.13,94,Belgique
536557,74,20,2026-06-08 02:29:57,17.19,14,United Kingdom
538335,3,17,2026-06-08 16:35:22,183.59,8,Spain
538271,118,13,2026-05-31 22:53:12,199.66,9276,FRANCE
536826,87,15,2026-06-24 05:17:35,179.65,114,France
536841,123,18,2026-07-07 23:42:54,56.81,68,United Kingdom
537242,12,14,2026-06-08 02:10:18,189.61,40,Germany
536510,28,1,2026-04-20 13:44:21,14.89,57,Switzerland
538022,125,18,2026-05-06 16:59:52,78.13,18,Switzerland
537146,9942,11,2026-04-26 09:05:04,212.4,69,Switzerland
538281,19,10,2026-06-05 16:11:22,79.15,14,France
538089,86,12,2026-05-02 10:41:38,35.95,30,Belgium
538548,1,4,2026-07-06 11:21:31,245.55,7,Germany
537531,14,1,2026-04-19 22:14:20,202.79,116,Netherlands
537659,83,18,2026-07-08 20:39:44,203.15,43,portugal
536728,124,3,2026-06-17 15:30:45,237.9,52,Spain
537272,11,5,2026-04-25 19:57:55,210.06,92,Italie
537092,101,8,2026-06-25 08:24:06,216.97,88,Italy
536589,35,14,2026-05-25 02:46:45,248.93,59,belgium
537290,126,5,2026-05-03 22:39:17,216.96,52,Belgium
537995,20,4,2026-06-20 23:51:47,118.4,44,Portugal
537611,102,10,2026-07-05 03:58:58,118.77,72,Netherlands
536610,80,20,2026-04-14 08:35:51,16.04,20,Portugal
537885,44,5,2026-06-27 21:19:34,166.91,,Spain
537810,68,8,2026-05-20 02:41:22,3.94,22,Spain
537088,45,3,2026-04-25 06:16:36,245.48,27,Spain
537969,85,7,2026-05-23 03:17:51,152.05,101,U.K.
536986,5,1,2026-05-11 15:11:51,76.06,49,France
537381,11,4,2026-06-08 17:37:09,151.07,125,France
536462,49,19,2026-05-27 11:06:19,181.9,11,Germany
536786,120,15,2026-05-04 21:54:07,161.69,63,portugal
C536778,121,-5,2026-05-02 07:42:52,187.78,39,United Kingdom
538173,74,14,2026-05-18 10:20:18,66.51,17,Netherlands
536599,17,5,2026-06-04 00:59:58,72.27,85,Italy
537690,74,,2026-04-19 10:28:39,197.83,29,Belgium
536897,125,10,2026-05-12 20:08:18,143.62,123,Germany
536666,118,3,2026-05-29 18:14:46,5.55,127,Germany
536868,55,6,2026-06-20 17:38:17,236.54,101,belgium
537002,62,8,2026-06-14 23:51:42,57.45,16,France
536888,46,13,2026-05-01 11:30:30,74.24,103,Portugal
536747,44,14,2026-05-21 09:35:29,244.34,32,France
536473,102,11,2026-07-02 01:34:28,74.99,35,Spain
537772,54,18,2026-04-20 06:03:04,72.39,9,United States
537821,4,16,2026-05-25 20:24:53,212.83,50,United States
537186,106,5,2026-07-11 11:12:08,230.15,99,United Kingdom
537827,114,13,2026-06-17 07:36:34,98.1,76,United States
537785,57,10,2026-05-06 00:02:42,194.31,43,Spain
537205,48,5,2026-06-23 10:37:26,111.15,122,United States
538263,124,17,2026-07-12 00:36:02,156.51,46,Spain
538526,78,11,2026-06-28 06:57:44,64.46,66,Italy
537544,54,1,2026-05-25 06:14:09,126.4,19,Germany
537547,67,4,2026-05-03 01:22:03,206.73,67,Italy
536871,94,17,2026-04-18 20:51:02,6.5,44,Switzerland
C538380,27,-20,2026-06-14 07:36:29,112.25,45,SWITZERLAND
537858,18,5,2026-06-20 17:09:48,229.39,118,Portugal
536902,52,7,2026-05-20 12:20:40,155.54,66,Spain
538215,2,4,2026-05-10 22:04:01,166.15,12,germany
537095,108,16,2026-05-28 18:47:49,182.78,61,Spain
C537042,30,-13,2026-04-18 17:03:16,148.91,70,Switzerland
538580,76,1,2026-04-22 18:27:56,188.6,20,Italy
537673,39,7,2026-07-08 19:58:38,198.82,123,NETHERLANDS
537633,88,17,2026-05-08 01:00:13,176.81,3,Belgium
537956,24,9,2026-04-30 12:37:19,6.58,70,Belgium
537288,106,9,2026-06-03 11:41:44,121.31,24,United Kingdom
537302,37,15,2026-05-11 19:07:25,106.48,58,Spain
536687,9666,9,2026-06-03 03:09:22,157.87,33,Portugal
538574,67,17,2026-05-16 16:08:04,57.04,128,Italy
537214,9334,6,2026-06-21 07:03:05,31.44,115,United Kingdom
537327,48,14,2026-05-11 05:13:03,209.28,7,Germany
536375,104,11,2026-04-21 00:00:52,200.75,26,France
536448,126,11,2026-07-01 11:28:28,121.51,97,Italy
C536582,25,-20,2026-07-07 21:50:30,161.64,71,Portugal
538258,20,1,2026-07-12 22:13:31,10.95,34,Spain
536615,71,14,2026-05-31 01:50:29,173.98,73,Spain
536943,67,4,2026-06-15 16:54:25,190.96,70,Belgium
537159,72,1,2026-04-18 08:29:54,17.43,71,France
537759,87,15,2026-05-09 12:30:40,103.04,55,Portugal
537911,18,4,2026-05-13 13:37:52,196.23,106,Netherlands
537763,121,1,2026-07-07 10:43:53,208.5,16,Switzerland
C536582,40,-4,2026-05-22 18:46:25,12.32,71,Portugal
537327,116,15,2026-04-18 15:24:28,221.23,7,Germany
538549,70,2,2026-05-28 16:03:34,93.51,2,Netherlands
536990,46,13,2026-04-23 17:03:39,13.84,13,Spain
537052,108,4,31/02/2026,23.95,40,Germany
536625,14,7,2026-07-12 03:26:27,30.83,54,Spain
537860,9089,8,2026-06-29 21:19:53,81.2,26,ITALY
537173,106,17,2026-07-05 16:41:41,65.56,9,Switzerland
536625,94,10,2026-06-08 00:10:28,54.77,54,Spain
537595,47,14,2026-05-18 06:31:33,67.18,40,portugal
537620,116,11,2026-07-13 08:43:14,228.36,117,united states
537018,26,18,2026-06-26 20:02:42,127.94,28,United Kingdom
536607,36,7,2026-06-25 05:57:03,140.19,82,BELGIUM
538237,77,20,2026-05-16 00:49:33,24.38,123,United States
538068,82,12,2026-05-25 07:59:56,66.1,66,netherlands
537828,7,12,2026-06-04 17:19:34,62.61,71,Netherlands
537921,100,9,2026-05-14 23:24:38,199.2,122,Netherlands
537510,102,5,2026-06-04 22:02:19,165.58,32,Spain
536482,9,15,2026-05-04 06:08:25,67.92,114,Netherlands
537862,9964,7,2026-06-04 19:27:26,81.18,126,france
537688,94,3,2026-06-22 08:46:54,10.99,42,Netherlands
536607,104,13,2026-04-22 22:38:56,110.49,82,Belgium
538248,108,16,2026-04-26 20:53:06,155.13,77,United Kingdom
537444,46,20,2026-05-02 02:26:57,119.56,14,Switzerland
537142,33,7,2026-07-02 10:56:50,219.03,124,Netherlands
537648,15,11,2026-06-12 19:14:50,152.96,34,Spain
538432,61,3,2026-05-28 22:39:23,208.79,46,Spain
536988,54,10,2026-04-17 00:10:03,108.85,100,Italy
537990,47,18,2026-06-16 00:42:03,69.14,130,United Kingdom
536581,78,1,2026-05-30 02:14:08,77.18,111,Italy
536493,101,19,2026-05-29 05:06:58,159.67,107,Belgium
538350,42,,2026-05-13 05:43:52,90.77,3,FRANCE
538559,76,3,2026-05-10 18:51:18,219.47,27,Switzerland
537130,123,2,2026-05-23 20:16:52,68.98,109,Portugal
536628,72,1,2026-04-24 19:34:42,183.31,122,Netherlands
537650,12,12,2026-06-20 08:08:25,158.04,122,Portugal
537456,61,3,2026-06-16 13:17:53,230.26,9611,Germany
538239,123,14,2026-06-30 21:54:34,195.92,115,Switzerland
538114,101,13,2026-05-05 09:37:14,56.77,53,Belgium
538333,96,14,2026-05-20 07:16:45,195.92,57,BELGIUM
537680,17,14,2026-05-29 09:47:25,212.36,,Italy
537204,104,15,2026-06-14 13:01:04,134.4,97,Switzerland
536483,53,7,2026-05-05 11:10:34,201.94,54,Switzerland
536438,23,3,2026-07-01 20:14:25,79.39,75,Espagne
536461,100,8,31/02/2026,65.98,110,Portugal
537674,9,14,2026-07-02 03:38:34,4.45,100,Netherlands
538466,92,15,2026-05-19 01:51:27,153.59,69,Portugal
537912,22,4,2026-07-04 07:41:52,201.89,126,PORTUGAL
538030,130,3,2026-05-17 15:39:38,163.56,123,United Kingdom
537622,43,13,2026-05-13 23:28:23,171.73,90,Belgium
537344,101,10,2026-06-11 13:24:47,56.94,112,United Kingdom
537292,61,5,2026-06-30 19:10:05,172.32,24,Germany
537671,109,15,2026-06-08 21:45:43,71.99,109,France
537320,114,10,2026-05-26 22:15:37,205.87,16,united states
538392,25,9,2026-04-19 07:42:39,84.09,11,United Kingdom
537351,77,3,2026-05-19 12:18:40,131.31,18,Italy
537216,56,3,2026-05-11 06:27:09,67.49,92,Portugal
536712,86,7,2026-07-09 18:07:10,169.75,21,Spain
538560,53,15,2026-07-11 04:44:50,94.31,70,Switzerland
536972,87,3,2026-07-05 06:54:27,104.92,93,Italy
538214,114,7,2026-06-26 09:34:13,114.93,21,France
537588,83,8,2026-06-11 02:26:44,141.35,71,NETHERLANDS
536777,14,4,2026-06-05 20:30:58,166.7,63,United States
538201,54,4,2026-07-13 00:19:15,113.74,33,portugal
536865,80,7,2026-07-13 06:27:47,52.22,18,France
537276,9507,1,2026-04-30 09:38:31,145.11,67,Spain
537085,88,16,2026-07-03 15:35:52,196.75,28,United Kingdom
536843,20,17,2026-06-29 07:24:59,112.62,66,France
536394,65,16,2026-06-12 12:37:01,31.18,48,France
537628,9739,18,2026-06-10 13:30:42,101.03,34,Italy
537532,53,9,2026-06-01 23:53:52,103.8,102,France
536937,87,15,2026-07-12 10:00:13,232.37,39,Netherlands
536732,46,12,2026-07-11 00:34:21,49.04,54,Belgium
538309,122,12,2026-04-28 06:51:55,201.2,100,Netherlands
536969,3,,2026-05-15 22:35:57,67.46,52,United States
536591,4,9,2026-06-11 07:02:30,237.7,126,Netherlands
538519,18,14,2026-04-15 17:53:40,4.04,102,Italy
537635,120,11,2026-06-19 20:00:30,208.13,96,Italy
538229,99,9,2026-04-24 18:43:26,142.61,81,belgium
537986,11,12,2026-06-13 12:55:49,10.28,19,Switzerland
536936,56,12,2026-05-14 23:17:08,26.95,128,United Kingdom
538432,6,,2026-07-04 09:07:18,130.84,46,Spain
536613,30,2,2026-04-22 10:06:33,44.4,61,Netherlands
538340,120,11,2026-05-14 20:32:42,130.83,30,Portugal
537941,70,13,2026-05-24 07:37:51,27.53,53,France
536804,82,12,2026-06-17 14:52:28,101.89,78,Spain
537434,41,6,2026-04-26 21:45:39,123.03,18,Switzerland
537519,79,11,2026-04-17 23:40:35,200.53,111,Switzerland
537987,122,3,2026-04-21 16:50:45,180.6,121,Spain
538545,101,8,2026-06-03 22:32:11,149.18,48,Portugal
537350,22,18,2026-05-30 05:50:40,188.85,13,SPAIN
538377,24,13,2026-05-18 11:22:01,34.05,16,Netherlands
537400,125,19,2026-05-17 10:59:24,210.14,104,Spain
536663,42,15,2026-06-23 02:54:29,158.94,61,Pays-Bas
536482,94,18,2026-05-25 10:17:02,206.18,114,Netherlands
538149,49,7,2026-04-26 12:43:45,78.79,93,Italy
537856,24,11,2026-06-27 12:29:46,84.58,86,United States
536543,63,2,2026-05-05 15:27:17,171.59,122,Portugal
536596,106,17,2026-06-08 03:21:15,54.83,9585,Switzerland
536554,109,5,2026-05-12 01:54:37,65.87,10,Portugal
538274,83,7,2026-04-23 02:56:07,194.68,57,france
536887,34,13,2026-06-02 11:43:54,152.96,111,Belgium
537900,91,4,2026-06-07 00:11:25,230.42,92,Spain
536941,95,2,2026-05-18 03:31:42,227.93,46,Portugal
538219,128,11,2026-06-10 02:25:01,90.47,68,Portugal
537085,50,9,2026-06-18 13:05:21,131.3,28,UK
536535,56,15,2026-05-16 10:50:39,206.66,105,Germany
537546,38,11,2026-06-30 17:38:31,194.97,32,United Kingdom
538345,106,3,2026-05-20 00:52:26,18.05,14,Spain
537365,57,14,2026-05-28 00:44:00,66.19,63,Belgium
537446,106,4,2026-04-19 04:06:56,100.14,87,United States
538123,105,8,2026-04-15 19:57:02,52.06,97,United States
536427,121,7,2026-06-26 19:22:24,93.86,34,Suisse
538415,16,13,2026-05-05 05:12:13,62.05,35,United Kingdom
538333,88,16,2026-06-29 10:29:26,114.86,57,Belgium
536405,92,,2026-05-07 09:59:12,76.08,61,Belgium
538540,127,12,2026-06-10 04:50:07,121.58,115,United Kingdom
538448,116,9,2026-06-06 05:59:20,90.01,82,Belgium
536559,71,8,2026-07-03 11:49:52,152.77,90,Italy
536710,127,16,2026-06-10 04:51:50,69.28,96,Netherlands
537167,47,12,2026-07-02 14:26:10,241.75,92,France
537994,51,9,2026-04-29 13:48:49,220.91,96,belgium
536463,38,1,2026-05-17 18:55:15,67.41,121,Italie
537759,59,6,2026-07-02 21:38:22,107.37,55,PORTUGAL
537704,49,5,2026-05-23 00:35:14,242.24,85,Germany
536709,76,5,2026-04-18 22:39:52,83.94,96,Italy
537460,44,7,2026-04-28 20:46:39,126.87,16,Spain
536883,10,5,2026-04-26 21:37:40,153.51,102,United States
538361,57,8,2026-04-28 09:19:44,149.79,114,Portugal
538317,75,1,2026-06-27 22:11:17,28.84,10,Italy
537085,4,6,2026-05-28 18:31:46,160.85,28,UK
537777,90,11,2026-04-20 19:36:12,197.61,44,United Kingdom
536588,39,11,2026-06-08 01:08:26,224.6,72,United States
C537738,98,-12,2026-05-13 02:11:41,153.21,116,Netherlands
536933,25,13,2026-05-02 03:34:34,144.78,50,U.S.A
537715,116,5,2026-06-19 16:56:01,163.08,103,Netherlands
538497,27,11,2026-04-24 10:06:41,105.6,33,Netherlands
536855,109,4,2026-05-04 22:04:28,46.52,90,Netherlands
537719,2,17,2026-05-02 16:25:12,82.1,94,Germany
537636,61,14,2026-06-27 06:48:32,177.95,61,Germany
538404,82,6,2026-06-14 09:17:24,182.23,24,portugal
538302,5,,2026-06-12 21:00:03,56.19,47,Italy
537379,42,2,2026-06-14 08:31:45,61.92,39,United Kingdom
537450,68,3,2026-06-15 17:30:23,182.91,108,Pays-Bas
537239,1,11,2026-07-04 10:25:48,159.06,49,Germany
538168,79,14,2026-05-04 17:44:52,111.58,30,Belgium
537205,108,12,2026-06-01 07:50:41,61.6,122,United States
537579,26,2,2026-05-01 06:29:28,155.31,92,Italie
C536412,61,-19,2026-07-02 02:30:29,82.97,9759,Portugal
537819,105,7,2026-06-02 13:56:54,227.67,90,Italy
537176,25,14,2026-05-04 18:15:19,29.28,2,Italy
536432,35,3,2026-06-12 04:38:46,179.86,6,Belgium
537204,128,4,2026-05-05 19:53:12,36.58,97,Switzerland
536498,3,11,2026-04-14 16:12:58,3.36,39,France
537388,7,3,2026-05-13 22:41:21,95.49,,Belgium
537248,31,2,2026-05-13 14:19:25,43.51,88,United States
537245,42,11,2026-05-16 21:52:25,83.56,91,Switzerland
537845,47,12,2026-07-02 21:25:57,73.12,77,Netherlands
537298,85,4,2026-06-14 07:25:51,138.59,80,United Kingdom
537351,9465,1,2026-05-22 11:41:14,194.94,18,Italy
536492,45,16,2026-05-02 04:17:06,238.75,,United States
537145,63,10,2026-05-28 06:31:23,162.33,126,Switzerland
538531,15,19,2026-04-17 23:06:15,75.69,97,Netherlands
537945,80,12,2026-06-14 10:01:36,111.72,26,Belgium
536678,89,15,2026-05-30 00:58:46,175.29,125,United States
538329,40,6,2026-06-12 07:51:35,197.43,65,Portugal
536388,90,8,2026-06-14 11:32:24,163.59,72,Belgium
537983,13,1,2026-05-25 02:22:34,141.11,115,France
536610,10,20,2026-06-19 04:09:44,188.11,20,Portugal
537289,23,19,2026-07-13 00:18:37,30.06,80,Netherlands
537839,38,20,2026-05-28 14:13:07,91.25,7,Germany
536993,16,17,2026-05-05 23:55:50,197.66,3,Italy
537086,46,,2026-07-08 08:29:22,171.34,63,Germany
537893,32,11,2026-05-10 00:01:36,50.27,101,Belgium
537739,16,15,2026-06-20 15:07:59,223.87,89,United Kingdom
536379,86,14,2026-05-24 05:09:36,201.15,40,USA
538223,115,16,2026-04-16 14:54:00,139.74,2,France
537237,103,10,2026-04-30 18:35:11,194.44,103,Spain
537981,44,2,2026-04-16 11:03:36,154.85,7,Germany
536428,38,14,2026-04-26 09:45:53,25.65,36,Espagne
536882,95,9,2026-07-12 23:37:23,108.15,13,Switzerland
538407,72,14,2026-04-30 22:02:57,3.51,9,United Kingdom
537260,122,7,2026-04-26 05:26:55,5.38,123,portugal
537310,100,5,2026-04-30 22:08:58,190.86,30,United States
537149,71,15,2026-05-02 04:39:03,171.21,16,Spain
536454,118,9,2026-05-05 16:58:58,180.49,127,United Kingdom
537489,104,16,2026-07-05 16:46:35,181.77,55,Belgium
537618,7,7,2026-06-22 19:10:42,11.07,124,Switzerland
538149,129,2,2026-07-03 15:57:08,129.11,93,Italy
537449,100,4,2026-05-12 18:09:13,44.94,118,Germany
538473,52,4,2026-04-26 17:14:06,205.57,9,USA
536946,18,8,2026-07-10 23:22:09,151.61,15,Belgium
537239,63,17,2026-04-25 04:00:53,225.09,,Germany
536488,109,5,2026-07-10 15:29:25,120.99,88,Germany
538470,59,14,2026-04-26 23:43:41,126.64,92,Switzerland
C538556,86,-6,2026-04-16 21:49:48,30.15,41,United Kingdom
536792,86,4,2026-05-03 09:02:01,231.81,110,Portugal
538250,14,18,2026-04-16 13:20:32,228.74,23,France
536531,8,5,2026-05-22 09:34:06,122.32,98,Italy
537453,80,1,2026-04-24 04:18:51,249.1,26,United States
537083,97,4,2026-05-17 10:00:30,50.03,61,Portugal
538363,75,13,2026-04-25 17:35:45,189.7,111,Italy
538290,116,1,2026-06-21 08:02:47,247.09,118,Italy
537649,115,15,2026-04-25 02:41:16,219.68,108,Switzerland
536917,102,17,2026-04-20 16:05:21,51.13,130,UK
537759,78,18,2026-05-27 14:42:26,72.61,55,Portugal
536399,34,10,2026-06-23 09:33:19,111.21,53,Spain
536993,123,7,2026-04-14 00:51:57,49.6,3,Italy
538138,95,2,2026-07-09 13:28:01,197.93,114,Netherlands
537657,74,2,2026-05-16 21:25:32,94.95,106,Italy
536528,28,16,2026-05-28 17:29:31,52.07,36,Belgium
538005,11,12,2026-07-10 07:40:39,147.9,54,Belgium
537808,121,6,2026-06-18 02:17:25,4.76,12,United States
536970,51,20,2026-07-11 13:39:14,114.97,117,Spain
538284,10,3,2026-05-17 01:41:04,5.48,20,Suisse
537361,48,15,2026-06-22 06:28:50,158.94,87,Switzerland
538208,45,19,2026-07-12 02:28:11,212.22,79,Switzerland
537616,1,5,2026-07-13 15:47:32,46.04,44,Belgium
537190,79,17,2026-06-26 10:30:50,24.62,86,Switzerland
537654,42,14,2026-05-21 23:29:02,29.61,85,United States
536967,71,5,2026-06-28 03:13:54,92.85,122,Spain
536493,117,20,2026-06-29 16:37:02,153.38,107,Belgium
C538085,40,-15,2026-04-17 13:49:49,145.19,28,Netherlands
C537901,17,-16,2026-06-10 12:52:38,61.63,8,spain
536705,66,12,2026-06-30 16:28:20,106.99,33,Portugal
536587,91,12,2026-06-03 09:58:32,157.43,93,Germany
537710,66,11,2026-06-18 10:33:41,46.69,7,Germany
536607,19,1,2026-05-12 16:52:13,38.57,82,Belgique
536798,41,17,2026-06-18 00:53:16,186.2,9,germany
537688,111,7,2026-06-10 08:20:54,158.42,42,Netherlands
536491,7,10,2026-07-06 22:50:54,53.75,114,United States
538304,57,5,2026-04-23 21:30:45,10.24,26,United States
538558,35,18,2026-06-01 22:40:24,179.73,87,United Kingdom
C538352,45,-16,2026-04-25 17:20:10,113.92,32,italy
537202,122,12,2026-05-21 08:24:17,98.37,99,United Kingdom
537996,74,6,2026-06-02 19:03:15,192.03,86,Netherlands
536544,54,7,2026-05-23 23:49:31,216.64,2,Germany
538111,124,11,2026-05-23 20:10:01,14.88,,Italy
537205,118,11,2026-04-30 01:18:19,174.78,122,U.S.A
538420,72,10,2026-06-02 09:39:54,21.38,11,Germany
538132,64,14,2026-05-30 19:48:10,211.85,38,Netherlands
537671,78,19,2026-07-11 20:04:20,183.41,109,FRANCE
536792,27,3,2026-06-15 04:11:54,163.46,110,Portugal
538341,9189,20,2026-06-29 18:37:44,153.88,83,Italy
536381,28,20,2026-07-01 11:00:12,110.34,68,France
536901,2,13,2026-04-29 08:21:27,16.66,122,Switzerland
538078,88,16,2026-04-22 20:58:31,53.78,116,Netherlands
538389,117,5,2026-05-03 04:00:44,156.05,43,Germany
536671,85,2,2026-06-15 02:35:48,165.07,25,ITALY
537304,70,20,2026-05-05 05:31:40,75.48,114,Portugal
537698,65,10,2026-04-24 15:26:04,71.44,120,Belgium
537730,87,6,2026-07-03 13:27:22,119.39,35,Belgium
537778,48,6,2026-07-08 17:59:15,236.93,95,United States
537736,63,19,2026-04-23 15:10:42,129.38,53,France
537595,88,11,2026-07-09 23:45:28,138.61,40,Portugal
C537413,58,-19,2026-05-29 18:12:46,65.05,11,Netherlands
537651,96,4,2026-06-27 09:16:59,161.46,50,Netherlands
536666,127,13,2026-04-26 02:43:44,35.16,127,germany
537096,32,19,2026-06-23 11:22:36,132.36,28,Spain
537800,67,5,2026-05-26 07:01:53,153.27,11,Netherlands
536530,41,4,2026-04-22 04:04:42,105.76,69,Germany
536695,5,9,2026-06-28 19:22:55,139.86,83,Spain
537620,68,19,2026-06-12 23:19:21,198.44,117,United States
536889,95,1,2026-05-14 13:47:01,186.51,106,U.S.A
C537776,127,-14,2026-07-05 15:14:59,119.34,112,PORTUGAL
537725,105,4,2026-06-01 04:13:09,230.52,7,Germany
537248,103,19,2026-06-22 02:44:46,135.5,88,United States
537980,9167,6,2026-05-21 08:47:20,92.15,48,Netherlands
536422,121,15,2026-06-26 01:41:25,158.95,113,Germany
536801,9,17,2026-06-02 17:07:47,65.51,116,United Kingdom
537443,106,10,2026-05-19 09:57:50,85.31,26,United States
536518,67,3,2026-04-22 12:05:50,73.41,102,Germany
538516,5,20,2026-07-02 23:12:13,54.34,16,Spain
538134,1,12,2026-05-05 05:03:50,51.36,114,United Kingdom
537560,56,17,2026-05-20 04:39:09,67.4,21,Frnace
536462,86,10,2026-07-03 23:34:18,239.38,11,Germany
538395,115,5,2026-05-16 21:24:42,79.14,4,France
537953,118,7,2026-04-19 07:58:49,110.22,51,Belgium
537594,102,10,2026-06-16 07:34:07,157.14,125,Germany
536683,93,8,2026-05-11 18:36:12,40.45,96,Belgium
536518,8,8,2026-05-02 07:50:24,95.0,102,Germany
537340,33,19,2026-05-28 03:28:02,195.39,50,Portugal
538253,28,14,2026-05-10 14:42:38,247.99,126,Spain
536666,58,7,2026-06-30 16:18:34,50.06,127,GERMANY
536846,62,15,,184.0,32,portugal
537385,95,19,2026-04-17 08:16:34,118.47,23,Belgium
536393,33,16,2026-06-17 19:02:29,28.34,73,Germany
538465,109,15,2026-06-18 07:35:34,13.48,56,Germany
538384,119,8,2026-06-22 20:38:45,143.34,31,Belgium
537767,86,5,2026-05-08 17:46:56,189.43,50,Spain
537395,57,4,2026-05-27 17:13:21,10.28,18,United States
538355,14,3,2026-04-20 20:11:10,218.55,105,italy
538309,101,6,2026-05-02 08:47:16,166.48,100,Netherlands
537176,81,19,2026-07-06 18:44:25,188.16,2,Italy
536394,14,5,2026-06-11 12:29:37,39.85,48,France
537512,123,16,2026-04-19 19:29:12,117.82,3,Switzerland
538575,61,6,2026-07-10 19:57:45,60.98,124,Italie
537744,39,8,2026-06-06 04:10:53,190.81,18,Suisse
537129,122,11,2026-05-03 04:27:09,119.9,12,Belgium
C537738,76,-12,2026-07-04 12:35:43,240.3,116,Netherlands
C538085,9123,-12,2026-06-26 10:37:25,96.12,28,Netherlands
538218,112,14,2026-07-02 11:07:24,15.27,127,Netherlands
538489,57,1,2026-05-01 13:04:38,-9.06,36,Italy
537669,70,17,2026-06-01 14:08:52,65.32,,Switzerland
536910,29,15,2026-07-03 17:04:18,6.99,32,Germany
536491,23,4,2026-06-22 05:39:23,37.58,114,United States
538089,129,14,2026-07-05 10:27:54,228.63,30,Belgium
536822,124,11,2026-05-26 08:22:02,216.49,25,Spain
537773,4,9,2026-05-18 13:06:15,117.79,125,Portugal
538144,76,13,2026-07-01 05:58:51,151.88,105,Portugal
537316,24,3,2026-05-24 18:16:47,3.78,75,Belgium
537426,95,10,2026-05-21 01:51:21,161.71,85,Portugal
C536564,81,-16,2026-06-13 06:27:03,77.11,128,United Kingdom
537908,72,4,2026-06-28 00:13:17,136.02,117,United States
538341,88,13,2026-04-24 15:14:48,98.68,83,Italie
537719,118,10,2026-06-29 18:26:25,150.88,94,Germany
538394,96,14,2026-07-05 14:04:31,126.55,83,Netherlands
538049,107,16,2026-05-21 03:16:28,237.16,97,Italy
536797,97,11,2026-05-12 06:47:53,159.49,97,Spain
536560,52,8,2026-06-23 22:02:01,184.65,118,switzerland
538070,40,18,2026-06-04 22:26:32,190.11,,Spain
537087,128,8,2026-04-19 16:45:38,225.38,110,Belgium
537811,130,3,2026-07-03 06:50:13,209.95,8,Germany
537633,13,3,2026-05-09 14:32:43,216.51,3,Belgium
C537072,17,-10,2026-07-07 23:24:26,73.58,,Italy
536587,79,11,2026-06-01 21:42:14,124.01,,Germany
538284,125,16,2026-06-14 06:01:56,16.55,20,Switzerland
536779,129,10,2026-05-30 10:22:21,178.21,67,Switzerland
536854,55,1,2026-06-22 22:00:05,110.28,82,United States
536782,105,,2026-05-06 11:00:07,27.95,24,spain
537153,83,4,2026-05-11 13:15:04,101.51,1,NETHERLANDS
537397,35,10,2026-06-27 07:40:51,23.95,97,Frnace
537194,16,2,2026-04-18 13:51:37,231.48,7,Portugal
537108,126,20,2026-04-30 14:20:50,203.28,68,Portugal
536952,24,11,2026-06-20 19:20:24,233.1,25,Germany
536957,116,,2026-07-10 18:25:53,201.95,86,Italy
536693,105,13,2026-04-28 19:56:15,60.51,84,Germany
536720,30,5,2026-06-27 16:04:49,83.8,119,Belgium
537920,23,19,2026-05-16 22:13:02,172.47,59,Italie
538255,21,14,2026-07-11 08:31:33,6.67,63,Spain
536869,102,2,2026-05-13 00:08:25,248.95,96,United Kingdom
538047,107,2,2026-05-01 02:18:50,87.26,21,portugal
538370,117,17,31/02/2026,134.31,13,Belgium
537619,24,13,2026-05-22 12:59:18,65.58,78,GERMANY
537220,60,1,2026-05-22 15:28:28,36.66,47,Netherlands
537173,117,11,2026-07-06 17:49:07,189.3,9,Suisse
538536,86,11,2026-05-27 09:03:08,174.54,119,United Kingdom
538401,31,10,2026-06-09 21:28:44,94.85,90,United Kingdom
538010,42,7,2026-04-25 17:29:37,197.27,84,United Kingdom
537806,51,15,2026-07-10 19:48:09,219.36,20,Spain
537317,26,5,2026-04-26 03:47:46,60.85,83,Germany
536424,88,3,2026-06-30 21:59:51,127.62,49,Italy
536497,46,8,2026-06-01 09:57:06,-9.84,108,U.S.A
536378,9373,19,2026-05-31 17:43:32,139.47,68,Portugal
537161,81,1,2026-05-23 21:26:07,4.14,113,France
537549,93,19,2026-06-22 00:26:23,135.98,110,Spain
536455,16,4,2026-05-17 15:35:58,117.95,93,United States
536715,126,1,2026-06-14 01:21:40,49.11,78,Germany
536534,104,14,2026-05-14 09:51:42,11.85,5,Germany
537589,98,5,2026-05-22 06:40:13,149.47,105,Netherlands
537393,17,14,2026-05-18 14:52:56,155.36,97,Switzerland
538431,113,5,2026-06-27 19:59:13,82.51,3,Spain
538387,83,5,2026-06-13 06:10:23,205.89,108,Spain
537959,17,15,2026-06-16 00:50:09,34.44,126,Netherlands
538265,53,3,2026-06-30 05:30:25,244.08,58,United States
537895,38,9,2026-07-04 21:36:53,100.45,44,U.S.A
537250,76,14,2026-05-01 20:24:34,113.86,92,United States
538543,61,18,2026-05-12 03:23:01,140.61,11,Pays-Bas
536913,58,3,2026-04-19 06:10:57,186.57,113,United Kingdom
537201,91,13,2026-06-22 03:30:59,17.12,48,United Kingdom
536943,11,15,31/02/2026,34.84,70,Belgium
536610,16,16,2026-06-17 04:55:31,145.8,20,Portugal
537109,72,10,2026-07-02 01:36:04,61.36,113,Italy
536458,9,10,2026-07-07 00:35:23,103.99,18,Netherlands
537992,58,8,2026-06-26 18:25:10,214.65,34,U.S.A
537635,61,19,2026-06-13 12:47:21,104.78,96,Italy
536920,121,8,2026-07-06 13:48:59,166.12,32,Switzerland
537694,12,11,2026-06-29 03:27:20,184.9,57,Italy
537998,44,9,,83.1,95,Germany
538580,92,2,2026-06-15 15:05:47,233.01,9282,Italy
538137,102,14,2026-05-17 01:50:49,85.99,56,France
538134,72,11,2026-04-23 09:26:07,139.74,114,United Kingdom
538526,46,12,2026-06-25 14:46:52,235.53,66,Italy
537356,73,12,2026-05-03 21:14:53,194.45,5,Germany
537500,115,16,2026-04-26 13:25:31,26.2,51,France
536510,43,14,2026-04-14 01:00:18,124.79,57,Switzerland
537213,70,4,2026-05-31 08:01:47,64.55,,Portugal
537457,36,12,2026-04-18 04:48:53,-14.44,20,France
538178,102,17,2026-05-23 02:35:10,15.26,115,spain
536389,51,3,2026-05-01 15:02:42,149.25,43,switzerland
537545,92,10,2026-06-27 07:27:29,94.78,10,France
536699,59,17,2026-07-09 06:47:08,183.04,54,France
536388,65,3,2026-05-07 01:32:43,119.17,9974,Belgium
536445,122,17,2026-06-09 07:27:01,115.88,37,United States
536907,111,1,2026-06-26 18:51:23,102.16,39,Italy
536918,93,18,2026-05-14 14:11:55,59.91,91,PORTUGAL
537121,5,19,2026-04-21 00:04:16,110.47,51,France
536561,109,16,2026-07-04 22:50:24,235.09,92,United Kingdom
537950,90,13,2026-04-29 22:43:06,238.94,62,Italie
538097,37,19,2026-04-25 14:34:46,219.74,25,United States
537082,103,4,2026-05-08 02:27:11,118.4,,Allemagne
537381,38,13,2026-06-11 22:06:57,96.51,125,France
538009,75,14,2026-04-28 08:58:28,116.12,85,France
536687,62,10,2026-07-02 09:10:57,182.45,33,Portugal
536729,97,18,2026-06-24 21:58:18,152.69,117,Spain
536704,26,,2026-06-29 13:21:23,163.78,103,Germany
538288,84,11,2026-04-27 06:59:06,180.95,124,Switzerland
C538359,117,-7,2026-05-09 06:31:04,160.88,111,Germany
537421,34,8,2026-05-19 17:43:35,121.82,2,Belgium
537863,87,7,2026-04-25 17:45:05,206.31,124,Netherlands
537786,32,3,2026-07-02 01:07:08,108.23,98,Belgium
537717,99,20,2026-07-13 07:49:32,191.6,122,Spain
537554,80,16,2026-05-06 01:15:33,89.83,73,Germany
537524,122,12,2026-05-08 17:54:32,240.94,64,Netherlands
538488,126,17,2026-07-06 03:30:56,189.12,80,italy
538370,16,14,2026-06-01 19:08:15,115.19,13,Belgium
537290,106,11,2026-06-04 19:33:04,70.76,52,Belgium
537231,40,14,2026-06-18 13:45:48,45.57,56,France
537823,1,17,2026-06-01 07:57:38,237.84,4,Germany
537048,105,4,2026-06-29 16:07:26,247.85,106,Portugal
C537263,25,-3,2026-05-31 15:41:28,136.45,88,United Kingdom
536902,96,1,2026-06-19 10:43:38,82.5,66,Spain
537115,67,,2026-07-02 08:22:35,222.36,55,France
537034,22,12,2026-06-27 04:18:12,197.88,46,Germany
536883,63,17,2026-05-13 12:16:53,143.56,102,United States
536996,111,20,2026-06-12 22:49:58,10.64,58,United Kingdom
537244,39,13,2026-05-04 18:23:12,96.09,77,Italy
537525,109,19,2026-05-09 13:53:01,60.81,66,Germany
537791,127,12,2026-06-05 22:21:12,131.97,11,France
538463,67,18,2026-07-10 20:15:58,191.87,40,Switzerland
536878,19,12,2026-04-26 15:46:03,123.61,97,Netherlands
537478,114,1,2026-07-02 09:59:32,196.25,74,United States
538318,112,19,2026-04-17 04:34:49,236.09,4,NETHERLANDS
537090,118,2,2026-05-08 00:38:22,174.73,65,Portugal
536432,92,3,2026-05-29 05:15:51,88.17,6,Belgium
538413,113,10,2026-05-13 06:41:14,133.88,17,Portugal
536981,12,3,2026-06-18 19:03:31,239.98,45,FRANCE
536463,51,11,2026-06-09 17:09:25,59.81,121,Italy
536517,69,14,2026-06-22 16:32:00,152.43,26,United States
536401,97,15,2026-05-11 03:34:05,233.41,69,france
538162,14,19,2026-07-13 00:40:03,54.15,84,united kingdom
537094,31,17,2026-06-23 07:53:43,206.61,68,Belgium
537882,70,9,2026-05-13 08:05:48,201.06,2,Portugal
536982,23,20,2026-06-15 15:55:06,93.72,74,italy
538009,115,14,2026-05-03 01:33:43,230.52,85,FRANCE
536730,19,14,2026-06-02 16:00:08,221.59,79,Switzerland
537706,125,18,2026-05-21 17:52:45,152.61,2,Spain
538013,107,16,2026-05-19 16:34:41,182.04,60,France
537979,55,6,2026-05-19 06:39:58,68.53,96,Switzerland
538349,9553,4,2026-06-27 13:07:40,164.23,116,France
536372,9112,5,2026-04-24 22:27:37,128.85,103,Italy
537578,24,3,2026-06-12 23:39:51,76.04,11,France
537747,64,7,2026-06-11 13:29:51,173.44,8,United States
537830,1,13,2026-04-15 12:32:16,56.95,23,ITALY
537727,125,18,2026-06-14 09:08:26,190.3,91,Belgium
536427,73,13,2026-06-08 18:43:20,127.22,34,Switzerland
536382,83,15,2026-06-05 17:30:54,112.12,33,United States
538329,85,19,2026-06-23 21:49:06,58.15,9569,Portugal
537192,32,16,2026-07-10 01:34:58,235.22,68,Portugal
538000,126,20,2026-06-25 16:00:32,239.07,30,France
538042,27,7,2026-05-06 23:59:08,29.51,54,Portugal
537893,119,6,2026-06-19 01:59:19,235.06,101,Belgium
537573,48,16,2026-07-09 21:10:19,107.43,,Portugal
538198,84,19,2026-06-10 16:56:14,25.8,47,SPAIN
537062,11,13,2026-07-03 23:20:32,75.03,22,Pays-Bas
538029,120,16,2026-07-02 01:20:35,199.41,129,Germany
538109,45,16,2026-07-05 23:59:39,214.88,88,GERMANY
C537672,63,-1,2026-06-12 17:42:26,219.48,60,Italy
538217,39,16,2026-04-30 02:26:53,103.34,18,Germany
537469,87,11,2026-05-17 04:45:54,116.26,28,Italy
538152,49,3,2026-04-14 08:07:15,101.02,48,france
536446,29,14,2026-07-06 10:08:15,147.17,87,Portugal
537117,28,5,2026-06-08 13:35:51,209.68,2,United States
537605,40,4,2026-04-22 08:41:19,188.07,111,Switzerland
538013,64,14,2026-05-05 00:50:40,164.21,60,France
537918,94,7,2026-06-24 21:18:42,141.45,113,United States
537304,106,4,2026-04-27 20:45:51,202.15,114,Portugal
536699,51,13,2026-06-01 21:52:03,30.4,54,France
538575,88,17,2026-05-30 11:45:18,49.73,124,Italy
537174,62,14,2026-05-16 15:36:58,168.75,12,United States
537666,59,8,2026-07-01 10:00:00,153.29,116,France
538413,12,12,2026-06-28 10:59:36,179.99,17,Portugal
C536834,113,-4,2026-05-05 21:11:12,224.6,14,BELGIUM
537319,7,15,2026-05-13 20:59:03,53.28,72,Belgique
537477,120,15,31/02/2026,229.26,1,Spain
536973,67,8,2026-05-21 21:48:10,62.1,107,Belgium
536782,3,12,2026-04-18 13:11:34,188.66,24,spain
537491,122,12,2026-06-15 22:16:47,197.41,96,France
538510,75,5,2026-07-12 18:16:24,191.4,19,Germany
536910,54,4,2026-04-30 10:51:53,235.35,32,Germany
537312,2,6,2026-05-24 21:38:42,200.17,99,Spain
536415,111,4,2026-07-10 14:43:05,198.89,19,Germany
537067,97,11,2026-06-30 08:23:51,119.65,28,Italy
537729,112,10,2026-06-14 02:49:15,34.31,129,United Kingdom
538137,105,18,2026-05-24 17:21:04,67.42,56,france
536853,41,17,2026-07-07 07:11:30,85.83,20,Italy
536555,65,9,2026-07-13 19:06:19,214.18,105,Spain
538182,122,11,2026-05-02 12:33:58,49.37,58,Belgium
538386,125,19,2026-04-19 08:07:25,227.78,73,Spain
538069,46,6,2026-05-27 19:37:27,4.43,43,Spain
537810,21,9,2026-05-12 10:10:23,230.73,22,Spain
536616,28,15,,179.7,46,Netherlands
537788,103,1,2026-05-20 18:04:53,27.8,57,United States
536997,17,9,2026-07-08 02:31:35,158.39,125,BELGIUM
537634,34,12,2026-06-13 19:30:18,21.18,34,France
538198,18,3,2026-04-16 14:33:06,214.48,47,Spain
536611,45,9,2026-04-18 10:48:03,196.28,65,United Kingdom
537180,33,1,2026-06-19 10:52:33,34.51,29,Germany
537286,66,10,2026-06-08 22:26:59,63.48,2,Netherlands
538296,7,,2026-04-17 07:44:23,195.65,53,Belgium
537549,9,18,2026-04-29 18:43:06,246.36,110,Spain
537490,95,14,2026-04-30 23:02:31,72.14,9887,Switzerland
537996,130,4,2026-07-05 00:44:59,225.11,86,Netherlands
537679,106,9,2026-05-26 08:35:06,191.85,40,United States
538461,52,20,2026-05-25 21:54:19,166.41,44,United Kingdom
538461,67,16,2026-07-04 18:21:50,216.8,44,United Kingdom
536916,76,5,2026-06-28 06:24:02,218.71,31,Portugal
536902,26,2,2026-04-21 15:36:46,160.99,66,Spain
538346,123,15,2026-04-14 17:05:13,3.1,122,Spain
536499,61,14,2026-05-30 00:18:45,124.53,53,Portugal
536631,54,8,2026-05-22 16:18:38,82.15,62,PORTUGAL
537281,122,5,2026-05-19 22:27:19,186.87,8,Suisse
536683,59,5,2026-06-28 12:04:44,201.04,96,Belgium
536952,55,10,2026-05-16 20:01:02,210.65,25,Germany
536722,4,11,2026-05-05 16:46:39,0,114,France
538416,49,5,2026-05-10 12:02:49,113.55,31,spain
537935,108,19,2026-07-02 18:52:11,129.15,35,FRANCE
536466,104,15,2026-06-26 19:09:12,142.56,50,switzerland
538416,67,,2026-06-22 16:34:22,41.58,31,Spain
537521,59,3,2026-05-05 00:30:12,37.4,54,Italy
538122,90,1,2026-06-02 10:58:43,187.55,91,France
538335,1,16,2026-06-14 04:37:54,212.45,8,Spain
537207,128,13,2026-07-13 15:12:19,76.54,117,Spain
536442,108,8,2026-06-28 13:17:01,240.78,32,SPAIN
536865,110,19,2026-04-15 06:47:07,183.14,18,France
536887,6,10,2026-05-01 06:28:39,140.44,111,Belgium
537706,56,8,2026-06-09 06:59:22,162.6,2,Spain
537719,49,8,2026-07-04 11:48:50,116.27,94,Germany
538369,77,13,2026-04-20 19:45:03,209.68,76,Germany
537383,100,14,2026-04-22 11:58:27,35.67,36,United States
538569,73,11,2026-04-23 05:43:14,167.95,28,United Kingdom
538378,14,7,2026-05-08 22:52:46,9.6,105,Belgium
537722,27,20,2026-04-19 16:57:10,37.8,35,France
537900,51,7,2026-05-05 13:16:45,177.87,92,Spain
538435,129,20,2026-05-06 22:38:41,198.72,128,Switzerland
536472,86,20,2026-04-24 20:05:40,96.83,124,Allemagne
537798,128,4,2026-07-08 06:58:56,66.39,20,switzerland
536527,65,16,2026-05-18 12:47:02,176.36,66,Portugal
537625,72,13,2026-06-27 13:52:57,8.57,59,Spain
536544,104,14,2026-05-01 17:28:17,81.15,2,Germany
537513,49,19,2026-04-26 12:22:17,20.28,7,ITALY
537777,66,20,2026-05-20 08:54:56,86.19,,United Kingdom
538016,32,10,2026-07-02 17:48:53,78.51,6,United Kingdom
538220,12,9,2026-04-28 22:59:26,69.9,98,Italy
538212,125,19,2026-04-19 09:50:58,221.61,79,Portugal
537941,112,18,2026-06-04 13:06:58,68.94,53,Frnace
537418,110,11,2026-07-07 04:10:21,206.51,9909,U.S.A
538519,24,17,2026-07-13 06:06:14,24.17,102,italy
537637,12,6,2026-06-12 09:19:18,154.51,58,Portugal
538204,128,2,2026-05-17 17:32:12,236.85,122,Belgium
537448,77,1,2026-06-16 09:26:50,56.16,77,NETHERLANDS
537412,125,5,2026-05-24 20:50:01,210.65,4,Switzerland
537322,111,17,2026-07-06 14:12:19,209.47,33,United States
537433,43,7,2026-07-12 07:33:20,63.59,7,Switzerland
536502,116,18,2026-07-13 22:28:36,187.78,11,United States
536570,75,4,2026-07-10 21:27:26,160.31,47,United Kingdom
537629,41,10,2026-07-12 21:03:31,143.14,84,Portugal
536787,111,,2026-05-13 23:38:48,55.71,55,Italy
537390,102,18,2026-06-02 06:18:18,238.85,104,Switzerland
537252,88,14,2026-06-13 06:35:47,140.98,124,SPAIN
537922,32,1,2026-04-14 16:45:51,221.83,26,United Kingdom
537332,58,6,2026-07-11 13:12:39,224.99,61,Switzerland
537986,11,12,2026-06-13 12:55:49,10.28,19,Switzerland
538102,72,4,2026-06-20 05:25:38,248.51,34,SWITZERLAND
536713,120,15,2026-05-20 10:55:26,87.14,102,United States
537465,72,6,2026-06-06 19:58:24,145.25,62,Belgium
538586,4,9,2026-07-08 02:22:26,201.77,113,SWITZERLAND
537644,51,8,2026-05-30 01:00:17,207.33,111,Netherlands
536505,5,13,2026-05-01 08:59:51,196.13,64,Portugal
538164,2,11,2026-04-19 04:51:00,105.03,82,Netherlands
538077,120,8,2026-05-24 21:53:31,74.7,35,Belgium
537817,68,7,2026-06-18 06:30:22,249.62,43,France
537760,90,5,2026-06-03 19:29:17,197.43,63,italy
536768,30,1,2026-05-02 14:33:26,163.22,54,Portugal
537040,108,3,2026-05-16 21:32:51,165.5,9070,Portugal
536846,63,12,2026-06-13 19:05:24,60.03,32,Portugal
536815,88,20,2026-05-31 22:09:20,33.37,116,Portugal
537932,20,11,2026-06-10 18:34:52,203.24,5,Frnace
C538504,46,-6,2026-06-13 17:17:03,11.1,111,ITALY
C538546,61,-19,2026-05-08 10:59:09,237.84,94,Netherlands
538143,29,15,2026-07-11 14:48:47,15.58,107,Netherlands
536951,40,13,2026-05-03 10:16:08,145.04,116,spain
537590,122,11,2026-05-21 22:25:00,39.2,88,Belgium
537249,115,12,2026-05-23 09:15:05,229.05,49,France
536423,130,13,2026-06-01 15:20:49,117.29,24,Switzerland
537603,88,2,2026-05-21 23:45:25,131.0,114,Germany
538505,116,7,2026-05-18 08:21:37,226.67,102,France
537729,9081,15,2026-07-05 21:22:52,221.21,129,United Kingdom
536624,78,12,2026-04-26 02:30:14,106.44,33,United States
536668,65,17,2026-06-02 10:46:21,156.06,12,France
537204,65,6,2026-06-18 14:57:47,110.35,,Switzerland
538557,81,8,2026-06-17 21:24:58,224.7,62,Portugal
538092,9860,3,2026-07-07 17:24:26,155.01,11,Portugal
536897,114,3,2026-05-21 06:03:51,120.58,123,Germany
538430,27,11,2026-07-07 00:07:18,33.17,122,France
537648,9157,15,2026-05-21 00:39:33,110.65,34,Spain
537508,22,5,2026-06-30 15:30:24,246.31,47,Switzerland
536904,52,18,2026-05-08 06:31:55,24.74,77,Switzerland
536876,87,16,2026-05-31 06:31:45,170.6,96,Switzerland
538261,32,5,2026-06-09 21:34:42,132.19,83,Netherlands
538335,4,17,2026-06-11 07:19:10,105.06,8,Espagne
537779,72,3,2026-04-19 02:48:17,122.63,9835,France
537861,103,2,2026-06-17 01:13:11,230.26,48,Netherlands
538133,7,3,2026-06-06 09:52:59,7.25,41,Switzerland
536454,104,14,2026-07-12 23:23:09,130.27,127,United Kingdom
537141,122,10,2026-04-24 21:48:19,102.11,110,Netherlands
536936,96,19,2026-07-07 04:57:58,46.7,128,United Kingdom
538428,19,,2026-05-16 01:56:51,229.63,44,United States
536777,58,2,2026-07-05 21:51:03,187.51,63,United States
538421,21,,2026-07-06 21:47:29,8.34,90,France
537255,33,6,2026-06-15 14:07:11,236.79,64,Belgium
536599,79,11,2026-07-03 06:25:08,178.33,85,Italy
538470,115,16,2026-04-20 05:37:08,13.44,92,Switzerland
537390,55,14,2026-07-12 04:02:19,84.53,104,switzerland
538064,126,18,2026-06-27 20:59:56,137.45,107,Belgium
537682,83,18,2026-05-28 03:28:00,126.42,112,Portugal
538342,61,13,2026-05-15 05:50:00,122.96,51,Netherlands
537427,7,15,2026-04-25 05:39:41,227.86,96,Germany
536645,90,10,2026-05-07 21:22:45,173.69,30,Belgium
537582,59,5,2026-06-14 09:24:32,166.53,89,Switzerland
537168,8,8,2026-06-21 16:48:29,167.61,,Switzerland
536704,85,19,2026-04-27 06:20:11,50.54,103,Germany
537618,26,16,2026-06-09 10:03:55,232.45,124,Switzerland
537731,123,8,2026-06-24 16:51:11,87.5,89,Italy
537600,89,16,2026-07-03 10:01:48,187.47,68,Portugal
537309,99,2,2026-04-26 15:48:40,0,2,United States
538063,27,15,2026-06-26 18:48:42,67.68,21,France
537669,64,13,2026-06-12 18:30:51,202.61,9913,Switzerland
536850,110,10,2026-06-03 03:19:00,82.73,112,Spain
537581,22,16,2026-06-26 06:58:46,90.89,98,Switzerland
537674,123,8,2026-06-30 14:59:33,206.71,100,Netherlands
537382,41,5,2026-05-16 14:22:55,7.47,13,Italy
538394,83,5,2026-04-19 18:02:37,165.43,83,Netherlands
C537612,73,-18,2026-06-11 02:06:57,132.32,124,Belgium
536813,75,8,2026-04-28 06:57:45,132.74,62,United Kingdom
538076,57,1,2026-07-01 16:08:12,54.67,75,Portugal
536813,9017,16,2026-06-08 20:13:00,218.68,62,United Kingdom
537568,68,16,2026-07-12 07:12:51,241.65,13,NETHERLANDS
536927,83,1,2026-04-26 03:24:28,30.54,41,United Kingdom
536832,52,11,2026-04-19 15:21:54,222.34,29,Switzerland
537807,76,6,2026-05-12 11:30:30,34.68,112,United States
536878,59,5,2026-05-21 20:50:54,126.49,97,Netherlands
537869,66,10,2026-04-29 00:53:13,13.66,61,Switzerland
537912,110,14,2026-07-11 05:33:31,122.42,126,Portugal
536924,108,13,2026-05-22 21:27:54,180.42,26,Switzerland
537779,51,16,2026-06-20 13:01:54,129.98,32,France
538153,94,7,2026-06-11 20:17:51,20.77,57,United States
537807,89,5,2026-04-17 00:19:27,106.0,112,United States
537285,53,18,2026-05-20 09:41:17,203.81,119,Germany
537779,78,15,2026-04-16 08:03:57,194.07,32,France
537768,56,5,2026-06-26 07:44:44,211.75,58,France
538314,104,20,2026-05-14 05:18:44,158.75,21,United States
537745,8,4,2026-06-02 14:03:56,62.08,24,Switzerland
537906,119,5,2026-05-07 12:56:40,165.26,94,Italy
537455,32,19,2026-06-02 18:34:38,249.69,122,Portugal
537846,34,7,2026-05-19 13:36:14,170.4,121,Switzerland
536623,37,14,2026-05-15 01:12:19,44.51,103,Italy
536995,83,13,2026-06-12 18:14:26,9.83,111,France
538113,19,6,2026-05-07 23:01:29,170.93,96,United Kingdom
537957,72,12,2026-06-30 10:12:09,6.58,13,netherlands
537615,64,3,2026-05-21 03:18:46,150.8,125,France
536561,127,19,2026-06-01 18:08:42,217.59,92,United Kingdom
537610,96,11,2026-07-07 13:07:33,72.2,38,Italy
537486,96,1,2026-05-09 16:51:04,48.95,69,United Kingdom
536950,50,20,2026-04-28 12:45:00,92.76,84,Belgium
536694,107,1,2026-06-28 10:27:57,215.33,83,Belgium
536482,127,18,2026-04-30 19:48:22,129.17,114,Netherlands
536513,123,7,2026-05-22 22:40:18,26.96,73,Spain
536533,115,3,2026-06-03 10:41:34,214.58,118,Netherlands
537512,50,15,2026-06-30 02:39:08,161.96,3,Switzerland
536510,27,16,2026-05-05 02:23:53,37.74,57,Switzerland
537559,117,1,2026-05-06 14:54:39,103.92,55,Spain
537965,71,14,2026-07-07 12:33:47,160.52,122,Netherlands
536709,121,20,2026-04-20 06:00:58,19.02,96,Italy
537677,56,3,2026-05-08 10:44:14,18.16,15,Germany
536827,61,4,2026-05-28 03:27:10,225.25,67,United Kingdom
537608,69,17,2026-04-27 00:30:06,240.93,58,Italy
537379,87,3,2026-04-24 07:05:27,242.79,39,United Kingdom
537408,114,5,2026-06-06 16:13:15,52.73,69,Switzerland
537533,63,9,2026-07-08 06:30:38,95.7,34,Netherlands
536497,95,19,2026-05-12 22:26:17,243.05,108,USA
537911,71,1,2026-06-04 21:53:27,192.95,106,Netherlands
536696,105,15,2026-06-03 16:54:48,23.73,33,Spain
536770,47,15,2026-07-11 16:43:24,48.7,24,netherlands
537363,3,10,2026-06-27 21:45:15,203.2,21,UK
538150,64,8,2026-06-14 23:47:22,41.2,41,Netherlands
538285,104,20,2026-06-07 20:39:36,71.29,130,United Kingdom
536707,120,20,2026-06-09 16:20:22,55.65,58,United States
537709,72,6,2026-06-11 06:19:40,115.15,11,France
537032,67,6,2026-06-07 23:21:31,165.39,55,Portugal
536592,101,20,2026-05-18 21:40:23,234.97,98,Italy
536896,47,8,2026-05-05 00:51:24,59.4,26,Italy
537419,11,15,2026-05-04 21:54:55,-12.08,115,Switzerland
537880,37,15,2026-06-06 05:57:19,42.01,90,United States
537888,99,17,2026-06-16 09:56:35,13.28,1,United Kingdom
538106,114,15,2026-06-09 04:41:19,132.76,80,Netherlands
537230,108,3,2026-05-01 00:39:54,221.8,40,France
538289,35,5,2026-05-18 02:13:54,106.26,93,Portugal
537016,1,3,2026-06-03 23:47:06,43.36,66,United States
537713,79,16,2026-07-01 19:29:19,242.45,103,Belgium
536374,116,,2026-04-17 04:21:00,64.23,96,Netherlands
538089,9,11,2026-05-20 11:50:02,114.91,30,Belgium
538278,104,10,2026-06-06 10:37:25,234.74,17,Spain
537995,108,6,2026-06-28 13:08:35,222.06,44,Portugal
536910,26,12,2026-06-02 23:06:07,-18.97,32,Germany
537079,112,20,2026-05-25 10:27:15,99.5,70,France
537293,63,15,2026-06-24 22:18:59,23.37,109,Netherlands
538264,93,15,2026-07-07 22:04:11,243.35,49,switzerland
536736,32,17,2026-06-21 14:23:43,72.03,36,France
536677,9409,14,2026-05-08 23:12:39,244.93,49,FRANCE
C536545,2,-19,2026-07-02 17:46:30,150.37,17,Switzerland
536959,32,2,2026-05-27 23:27:56,176.92,85,Germany
536407,76,11,,201.65,107,United Kingdom
538505,8,13,2026-06-05 15:22:43,164.29,102,France
537457,57,2,2026-06-12 22:02:45,10.56,20,France
537169,25,8,2026-05-13 20:35:11,247.65,56,Spain
536758,127,5,2026-04-20 23:00:12,83.25,9,United Kingdom
536706,3,17,2026-04-17 00:15:40,147.85,9519,Spain
536659,80,15,2026-05-03 09:19:48,122.89,82,Allemagne
536877,36,5,2026-07-13 20:13:50,166.86,9092,Switzerland
536618,103,2,2026-07-03 11:31:02,159.17,86,Spain
537568,11,17,2026-06-14 19:05:18,154.72,13,Pays-Bas
536404,41,3,2026-04-28 08:42:24,112.11,47,United Kingdom
536837,113,15,2026-06-23 06:45:10,238.4,60,Spain
537036,10,15,2026-07-08 10:31:57,49.46,,United Kingdom
537354,109,3,2026-04-27 15:09:36,137.63,129,Netherlands
538124,1,6,2026-05-11 12:52:24,56.99,20,Italy
536964,36,11,2026-05-16 02:23:27,97.22,108,france
536692,116,11,2026-06-13 04:10:14,195.99,13,Spain
537729,118,3,2026-05-20 15:50:29,198.79,129,United Kingdom
536375,124,7,2026-06-30 08:23:44,216.57,26,france
536858,103,5,,205.12,125,France
537122,21,12,2026-05-12 13:43:07,147.53,110,Belgium
538356,1,16,2026-04-22 10:28:16,174.31,47,Italy
537998,61,2,2026-06-01 15:09:57,86.88,95,Germany
538022,130,20,2026-05-21 19:24:27,247.63,18,Switzerland
537517,108,12,2026-06-15 19:47:40,232.09,93,Spain
538572,79,14,2026-06-20 22:16:36,174.36,78,Spain
537034,120,17,2026-06-02 23:40:06,33.16,46,Germany
537224,34,3,2026-07-13 11:26:10,24.23,48,Germany
538162,2,14,2026-04-20 02:23:26,44.1,84,United Kingdom
537533,45,3,2026-06-08 15:51:38,14.97,34,Netherlands
538104,34,5,2026-05-11 03:52:09,68.13,89,United States
537237,115,5,2026-05-19 06:22:33,206.87,103,Spain
537222,96,2,2026-07-08 10:03:54,111.52,67,Pays-Bas
537485,60,11,2026-05-22 07:16:47,176.43,14,Belgium
536842,13,8,2026-07-09 10:41:00,31.27,67,Netherlands
537974,47,1,2026-05-08 17:29:19,4.46,49,Spain
537892,130,10,2026-05-05 00:17:58,176.35,70,Portugal
536424,73,13,2026-05-11 01:40:21,103.97,49,Italy
537486,127,15,2026-06-24 20:11:09,138.88,69,United Kingdom
537556,74,6,2026-05-26 20:05:37,73.22,49,United States
537317,130,4,2026-05-10 06:43:29,87.32,83,Germany
C537672,47,-13,2026-05-29 06:39:59,157.75,60,italy
537252,89,20,2026-05-28 03:20:04,150.55,124,spain
536742,34,11,2026-05-09 00:53:27,188.81,101,Germany
538413,40,18,2026-05-02 17:43:18,67.38,17,Portugal
537731,33,6,2026-06-03 14:50:02,139.04,89,Italie
538070,73,10,2026-06-04 20:51:26,14.68,35,spain
536848,100,14,2026-05-18 05:34:01,90.53,34,Portugal
538338,100,20,2026-05-26 23:41:58,243.85,96,Belgium
536772,12,4,2026-07-08 08:08:20,137.53,32,France
538012,6,,2026-05-15 21:35:52,17.71,112,United Kingdom
536807,63,7,2026-05-30 13:46:07,174.66,124,United States
538038,65,17,2026-04-16 02:27:29,58.28,57,NETHERLANDS
537778,120,7,2026-07-04 05:28:04,96.9,95,United States
536992,51,15,2026-06-03 01:02:19,165.99,130,United States
538008,6,5,2026-05-28 09:03:39,214.09,74,Germany
537523,14,17,2026-04-18 03:18:03,92.78,89,Germany
536630,99,11,2026-04-19 14:23:02,134.14,7,Netherlands
C538462,43,-15,2026-07-10 11:37:51,18.42,120,BELGIUM
C537776,104,-2,2026-04-16 02:09:12,102.61,112,Portugal
537073,117,3,2026-05-30 12:24:52,222.62,43,Belgium
538092,25,1,2026-06-07 04:28:03,29.48,11,Portugal
537884,26,3,2026-06-20 21:16:52,83.26,30,United States
538205,6,8,2026-06-14 03:36:18,104.21,110,Belgium
537345,119,16,2026-05-13 02:27:35,165.65,67,Spain
537643,67,2,2026-04-30 04:48:01,179.46,38,Netherlands
537913,8,15,2026-05-20 07:41:03,63.34,76,United States
C538561,53,-13,2026-06-18 00:14:54,212.41,98,France
537765,10,16,2026-06-21 09:36:59,200.74,58,United Kingdom
538104,49,10,2026-06-08 20:57:46,38.19,89,United States
537082,43,4,2026-04-27 11:47:07,22.41,68,Germany
537695,111,3,2026-04-24 23:42:40,35.09,27,Germany
537157,89,10,2026-04-15 09:15:39,95.09,48,Germany
537368,49,12,2026-07-01 09:05:50,96.11,105,UK
537034,116,11,2026-04-21 17:41:37,33.0,46,Germany
538371,72,16,2026-05-27 16:13:12,233.12,16,Italy
538282,123,16,2026-05-04 20:20:09,178.79,8,Italy
538141,80,20,2026-06-10 15:53:13,198.04,123,France
537865,24,13,2026-05-03 18:53:33,115.05,1,Italy
537555,76,1,2026-05-05 22:48:43,96.5,45,France
537546,124,9,2026-07-03 16:40:21,249.8,32,United Kingdom
537651,8,18,2026-06-20 16:50:14,57.82,50,Netherlands
538221,113,1,2026-04-17 03:54:12,13.89,30,Spain
536870,46,5,2026-04-23 13:02:11,23.46,9652,Netherlands
536388,8,8,2026-07-07 18:07:25,52.24,72,Belgium
538012,124,3,2026-06-19 13:45:05,201.7,112,United Kingdom
536366,58,5,2026-05-27 13:39:23,184.91,71,United States
538095,89,19,2026-04-28 03:58:04,132.35,111,Switzerland
C537042,106,-19,2026-06-11 16:03:34,74.05,70,Switzerland
537569,120,14,2026-05-16 10:26:30,140.72,115,Netherlands
537417,23,12,2026-05-29 18:46:28,25.79,50,France
536783,42,17,2026-05-08 13:29:20,130.53,10,Spain
538425,103,9,2026-06-30 04:16:07,147.86,58,United Kingdom
537079,30,13,2026-05-03 10:32:01,127.46,70,France
537004,88,11,2026-07-03 02:33:37,8.12,98,France
538101,35,17,2026-06-22 16:45:46,7.38,107,U.K.
536729,121,7,2026-04-22 01:38:10,41.22,,Spain
538266,84,8,2026-06-07 13:36:00,129.65,93,France
537724,1,11,2026-06-17 22:17:46,240.75,119,Netherlands
537408,16,19,2026-06-06 19:45:50,220.37,69,Switzerland
537887,49,11,2026-05-05 09:47:30,35.97,121,France
536752,81,3,2026-05-23 06:15:36,159.77,120,Portugal
536654,64,8,2026-06-01 16:51:33,163.08,91,Spain
536371,128,13,2026-07-10 13:24:38,221.52,81,United States
536390,11,12,2026-06-02 22:59:13,0,31,Switzerland
537864,29,1,2026-04-18 05:12:13,4.9,92,Italie
538589,111,16,2026-07-05 16:21:36,231.82,66,Switzerland
538135,47,3,2026-07-13 06:08:48,195.53,7,Italy
537931,117,8,2026-06-30 16:54:42,10.49,9637,GERMANY
536369,54,9,,176.35,50,Germany
537505,38,17,2026-07-03 20:53:42,38.07,6,United States
538113,24,2,2026-06-19 00:08:51,166.31,96,United Kingdom
538199,2,19,2026-06-10 09:32:00,166.16,79,France
538360,89,13,2026-06-19 23:32:18,205.28,91,FRANCE
537537,100,4,2026-04-27 10:50:14,151.21,89,Italy
536566,93,19,2026-04-27 21:55:08,131.67,87,Belgium
537786,67,15,2026-05-25 18:48:11,71.22,98,Belgium
537907,9369,2,2026-05-13 11:21:54,71.6,128,Portugal
537999,19,9,2026-05-17 11:16:06,159.08,104,Spain
536811,101,13,2026-06-12 07:06:46,28.02,17,Portugal
537710,36,9,2026-05-02 21:38:58,124.29,7,Germany
537752,95,15,2026-05-19 09:04:32,47.03,2,Portugal
537720,38,15,2026-06-26 13:35:55,184.95,15,United States
536524,39,5,2026-06-07 20:06:37,248.11,106,France
538588,15,10,2026-05-24 04:55:49,55.61,107,Portugal
538432,69,2,2026-06-24 10:07:36,9.36,46,Spain
537464,58,1,2026-06-20 09:00:27,98.22,85,United States
537955,71,12,2026-05-03 00:16:13,183.56,33,France
538243,42,12,2026-06-22 11:23:29,45.45,106,United States
537462,93,16,2026-07-08 08:35:33,140.46,8,Italy
538511,67,12,2026-06-13 07:08:48,210.64,42,UK
538132,9721,10,2026-06-18 10:53:42,71.53,38,Netherlands
538421,115,17,2026-07-06 03:41:44,162.05,90,France
537237,29,10,2026-05-01 08:53:47,183.99,103,Spain
537579,111,8,2026-05-23 21:25:05,188.08,92,Italy
537416,82,17,2026-05-04 21:31:47,218.83,34,Switzerland
536858,41,10,2026-04-20 00:44:48,77.46,125,France
536734,17,11,2026-06-01 11:23:10,10.33,113,Switzerland
537396,77,16,2026-04-15 15:41:31,9.98,102,Belgium
537572,20,10,2026-07-01 21:38:39,183.35,4,France
538366,127,7,2026-06-26 17:59:06,154.63,74,United States
537987,70,18,2026-05-20 08:43:08,89.86,121,Espagne
537622,88,15,2026-04-27 04:02:49,40.01,90,Belgium
537988,10,19,2026-05-31 00:17:32,40.86,128,Belgium
537103,23,15,2026-05-03 08:31:17,46.7,119,Italy
538205,8,6,2026-05-14 03:14:38,195.13,110,Belgium
536489,77,5,2026-05-17 10:44:52,97.53,81,italy
537518,59,12,2026-04-18 17:47:56,164.76,51,spain
537182,19,1,2026-06-17 13:09:07,163.99,58,United Kingdom
538483,50,13,2026-07-06 00:15:16,127.72,100,Netherlands
536580,92,15,2026-04-16 19:59:10,176.53,25,Germany
538406,86,4,2026-06-14 03:01:57,227.87,45,United States
538383,61,7,2026-05-17 19:21:11,89.49,80,Portugal
537291,6,1,2026-05-17 14:21:15,138.49,1,France
537303,34,9,2026-05-11 02:40:16,245.94,53,Espagne
C537802,33,-9,2026-06-17 04:44:05,202.55,79,Switzerland
536580,114,12,2026-06-15 14:42:04,225.91,25,Germany
537109,101,2,2026-04-14 10:30:50,200.28,113,Italy
537857,54,8,2026-07-07 16:43:47,123.03,35,Spain
537879,113,12,2026-06-18 01:06:51,209.61,9333,France
538012,49,15,2026-05-21 15:58:41,38.55,112,United Kingdom
537356,113,7,2026-07-12 01:42:59,3.49,5,Germany
537831,101,14,2026-05-19 21:35:08,187.16,75,Belgium
536554,9542,14,2026-05-17 22:12:11,131.94,10,Portugal
537285,29,16,2026-06-22 06:29:49,30.41,119,Germany
537743,79,18,2026-07-09 19:32:26,11.49,110,Portugal
536999,87,6,2026-06-24 02:35:41,222.16,64,united states
538080,75,4,2026-05-19 14:52:49,180.6,108,Netherlands
537921,118,12,2026-06-20 11:30:08,202.14,122,Pays-Bas
536511,124,1,2026-05-29 03:09:02,109.54,58,United Kingdom
538246,87,13,2026-05-20 01:04:32,245.6,55,Netherlands
536997,59,11,2026-05-13 00:32:17,231.92,125,Belgium
536693,114,9,2026-05-07 01:00:20,162.54,84,Germany
536881,117,14,2026-05-18 20:13:50,14.99,129,Italy
536554,129,4,2026-05-04 13:40:07,26.02,10,Portugal
536904,18,11,2026-05-06 08:24:17,239.43,77,Switzerland
538263,62,15,2026-06-07 19:12:32,152.25,46,Spain
536378,11,12,2026-06-16 12:49:25,54.89,68,Portugal
538196,128,9,2026-06-01 15:53:15,20.58,113,Germany
537531,14,1,2026-04-19 22:14:20,202.79,116,Netherlands
538590,125,12,2026-07-05 20:12:55,114.74,124,Germany
536408,30,4,2026-05-24 08:43:09,61.0,7,Switzerland
537150,5,3,2026-06-28 15:38:35,173.84,128,France
538168,41,10,2026-04-17 00:52:23,176.32,30,Belgium
537509,9357,8,2026-06-06 12:15:05,21.19,118,France
536567,59,8,2026-05-26 14:55:53,185.19,100,Spain
537158,37,5,2026-04-30 17:54:31,211.61,1,Switzerland
538033,106,9,2026-06-06 06:13:09,144.86,64,France
536555,31,17,2026-04-15 03:50:09,4.78,105,Spain
536668,67,6,2026-06-25 05:25:48,127.43,12,Frnace
538168,53,15,2026-05-15 22:26:29,21.37,30,Belgium
538391,25,14,2026-05-10 00:45:32,23.17,59,United States
536981,61,15,2026-04-25 22:50:54,203.16,45,France
537543,91,15,2026-06-13 03:52:02,205.04,119,Italy
536673,109,12,2026-05-14 23:07:44,154.63,52,Netherlands
537542,123,10,2026-05-16 15:11:24,146.66,65,Switzerland
536601,82,15,2026-07-13 23:49:45,168.77,120,France
536447,121,2,2026-06-16 20:47:48,177.33,5,Netherlands
536592,74,15,2026-04-29 18:12:23,44.12,98,Italy
536770,117,13,2026-06-02 11:51:05,27.76,24,Netherlands
537801,89,7,2026-06-11 16:21:36,14.09,22,Switzerland
537874,12,2,2026-04-30 21:54:18,125.51,45,Italy
536686,104,7,2026-05-26 20:05:41,220.6,81,Italy
538083,85,10,2026-06-09 02:03:18,41.01,125,united kingdom
537753,51,13,2026-05-14 14:39:41,21.8,99,France
538082,114,12,2026-06-17 00:23:14,104.34,25,Spain
538476,51,19,2026-05-06 02:17:41,27.24,85,Italy
537914,24,17,2026-05-21 18:20:26,108.22,50,france
538507,68,7,2026-04-30 17:26:27,123.85,19,france
537482,126,18,2026-05-07 20:10:12,52.82,67,Germany
537509,55,8,2026-07-01 21:41:38,5.07,118,France
538150,115,15,2026-05-10 16:51:05,188.88,41,Netherlands
536544,112,3,2026-06-05 06:50:09,187.48,2,Germany
536732,107,17,2026-06-11 00:13:58,105.96,54,Belgium
537293,67,11,2026-07-12 22:45:36,126.81,109,Netherlands
537513,79,17,2026-06-21 19:32:21,108.85,7,Italy
537714,22,20,2026-05-22 20:41:55,140.42,,Germany
537581,50,9,2026-04-14 22:22:27,125.65,98,Switzerland
536648,2,4,2026-05-27 06:29:57,231.29,18,Allemagne
537411,77,9,2026-06-24 21:56:51,41.01,11,Germany
537839,84,1,,8.43,7,Germany
538233,85,6,2026-06-06 18:08:58,65.46,1,Portugal
538308,90,2,2026-05-22 04:22:27,115.74,29,Netherlands
538258,101,9,2026-05-19 18:58:16,228.64,34,Spain
536703,114,2,2026-04-15 16:16:59,0,33,France
537857,85,11,2026-05-06 07:49:28,147.28,35,Spain
537061,34,12,2026-05-29 01:14:12,181.4,49,portugal
536836,20,9,2026-05-11 11:38:59,234.78,63,Spain
536549,94,13,2026-05-11 13:36:25,58.16,121,United Kingdom
538287,43,11,2026-04-30 16:19:13,39.96,4,Portugal
536932,105,5,2026-05-26 09:40:56,192.28,15,ITALY
538073,66,12,2026-04-19 12:15:25,100.44,28,Italy
538495,118,3,2026-04-22 10:46:54,19.67,95,portugal
536922,27,3,2026-04-15 11:41:30,249.41,75,United States
538440,80,20,2026-06-11 04:11:59,219.71,130,Germany
536941,75,1,2026-06-07 05:08:06,226.39,46,Portugal
538056,89,9,2026-06-10 15:27:45,118.99,42,Portugal
537322,61,9,2026-04-27 19:34:42,4.49,33,United States
538448,78,10,2026-06-02 20:40:46,65.99,82,Belgium
538325,2,8,2026-05-06 03:01:07,3.81,79,italy
537438,112,14,2026-07-06 16:07:16,26.41,3,Spain
537959,57,16,2026-06-02 00:07:56,110.73,126,Netherlands
536602,87,18,2026-06-27 09:41:33,112.58,27,United States
538455,16,2,2026-06-18 02:28:29,112.49,38,Italy
536765,65,18,2026-07-02 08:53:14,243.86,50,Belgique
536434,103,15,2026-05-12 06:15:27,223.98,95,Belgium
536479,51,15,2026-06-11 10:51:07,31.15,48,United Kingdom
538577,106,9,2026-04-28 06:21:27,49.86,35,France
536465,5,17,2026-07-12 09:33:07,181.38,16,Switzerland
537723,110,20,2026-06-17 12:03:35,230.11,27,Netherlands
537139,109,12,2026-06-29 10:41:48,124.04,97,Spain
538166,44,10,2026-05-30 09:24:53,146.54,97,NETHERLANDS
537596,22,19,2026-04-17 10:43:30,175.15,124,Italy
538432,30,6,2026-07-05 11:52:34,209.16,46,Espagne
536486,102,7,2026-06-18 20:01:13,242.13,72,Italie
536771,114,6,2026-06-24 19:05:06,78.92,26,Belgium
538590,6,1,2026-04-20 08:58:54,181.79,124,Germany
537824,10,19,2026-05-01 16:24:32,169.87,117,Switzerland
537212,66,3,2026-07-01 04:44:00,198.55,57,Spain
538314,9,4,2026-05-20 11:57:20,98.93,21,U.S.A
537742,23,4,2026-06-06 17:04:50,53.37,43,Italy
537722,73,16,2026-04-18 20:11:31,243.02,35,France
C537872,44,-17,2026-07-13 12:45:43,8.96,18,Suisse
537686,101,15,2026-06-19 04:04:24,216.12,38,Italy
537074,85,19,2026-05-06 13:17:43,28.43,64,United Kingdom
537972,97,17,2026-06-28 21:16:13,100.78,106,Portugal
536802,55,15,2026-06-17 05:38:53,143.16,91,Belgium
537842,41,16,2026-05-16 00:55:56,38.9,115,United States
537581,34,6,2026-07-10 01:28:10,167.05,98,Switzerland
537930,56,20,2026-04-19 20:11:31,106.3,113,Portugal
536816,17,10,2026-05-10 15:11:38,6.85,74,Germany
538110,90,5,2026-05-06 01:35:40,155.93,101,belgium
537166,44,1,2026-05-22 06:14:40,103.31,27,United States
536641,107,5,2026-04-22 05:09:28,209.37,107,Netherlands
536885,2,14,2026-05-01 23:39:35,54.16,122,United States
538453,52,1,2026-05-09 05:05:59,121.4,6,Portugal
537014,10,18,2026-06-13 08:14:24,-19.39,73,Italy
536528,29,19,2026-06-23 08:25:14,168.25,36,Belgium
538132,128,17,2026-05-29 13:27:49,203.17,38,Netherlands
537321,54,18,2026-04-27 00:53:59,241.82,12,Netherlands
537113,36,11,2026-05-21 10:19:54,215.38,55,France
537853,9931,19,2026-05-22 04:05:32,110.06,49,United States
537063,75,8,2026-05-20 02:17:50,53.55,6,Germany
537146,27,17,2026-06-09 23:20:02,20.07,69,Suisse
538428,22,5,2026-06-26 16:22:36,21.13,44,United States
538520,14,14,2026-05-03 23:08:55,234.5,31,Switzerland
536623,46,3,2026-04-25 22:09:48,177.57,103,Italy
536710,119,6,2026-04-29 23:19:20,82.49,96,Netherlands
537249,89,14,2026-06-01 04:23:22,246.11,49,France
537532,77,3,2026-05-25 06:30:27,135.51,102,France
537338,66,11,2026-06-12 06:32:55,176.0,36,Germany
537430,30,18,2026-06-01 05:22:12,223.0,99,United Kingdom
537705,108,11,2026-05-18 10:20:19,10.33,71,Netherlands
538133,47,5,2026-04-25 06:30:45,102.98,41,Switzerland
538001,43,11,2026-05-19 06:20:04,3.55,27,Germany
536692,34,5,2026-04-23 17:50:23,127.68,13,Spain
538423,1,6,2026-06-11 15:04:53,85.24,78,Portugal
537309,128,5,2026-05-08 20:50:34,27.82,2,United States
537420,86,3,2026-05-02 13:06:57,138.15,100,United Kingdom
537647,66,3,2026-07-06 10:43:52,155.27,20,Switzerland
537369,65,20,2026-05-14 17:39:57,203.84,45,France
537600,87,13,2026-05-09 17:56:15,65.88,68,Portugal
536839,67,6,2026-06-01 22:47:29,240.2,15,Germany
537105,55,14,2026-06-29 16:07:25,220.75,56,Suisse
538181,35,11,2026-05-13 14:07:31,58.88,67,Germany
537067,107,4,2026-07-12 12:48:19,138.79,28,Italy
536495,86,14,2026-05-15 05:02:20,70.18,43,Italy
538331,41,2,2026-07-07 01:40:10,246.84,20,United Kingdom
537752,27,4,2026-04-19 16:14:58,188.08,2,Portugal
538060,39,17,2026-05-05 17:58:03,193.06,102,Netherlands
538142,17,10,2026-05-14 04:21:33,218.18,130,France
536738,44,3,2026-05-03 22:32:14,29.05,120,United Kingdom
537704,63,12,2026-05-23 12:43:34,80.55,85,Germany
537964,15,20,2026-06-03 18:08:16,229.25,2,France
537856,97,19,2026-06-24 05:24:30,190.47,86,U.S.A
536989,116,7,2026-05-10 23:29:11,154.59,90,Netherlands
537641,44,6,2026-05-20 17:05:59,109.53,70,NETHERLANDS
536436,61,12,2026-06-28 13:58:04,92.45,71,France
536534,88,12,2026-05-29 06:49:04,206.85,5,Allemagne
537987,104,7,2026-06-08 10:32:59,158.8,121,Spain
537353,35,6,2026-06-13 13:44:22,184.52,113,United States
537708,41,19,2026-07-08 03:02:50,230.21,122,United Kingdom
538137,122,16,2026-06-23 22:07:32,94.73,56,FRANCE
537852,101,18,2026-05-16 15:12:36,97.78,60,United States
538042,60,19,2026-06-11 21:03:26,160.15,54,Portugal
536934,47,4,2026-04-17 13:16:20,79.87,36,Italy
538065,90,2,2026-05-17 11:29:57,219.09,20,BELGIUM
538245,130,1,2026-07-04 00:20:56,107.32,67,Spain
537501,122,4,2026-06-08 16:17:44,95.92,31,Switzerland
537241,49,5,2026-05-25 20:52:59,166.96,1,Germany
538511,4,16,2026-05-08 23:59:36,147.57,42,United Kingdom
537019,112,13,2026-05-23 08:52:45,204.32,81,France
537693,111,3,2026-05-24 23:08:37,200.42,115,portugal
536771,99,1,2026-07-05 06:00:04,30.18,26,Belgium
537150,124,13,2026-07-08 05:39:34,33.06,128,France
536863,109,3,2026-06-07 23:24:50,95.79,21,Germany
536877,40,18,2026-05-21 21:35:18,211.88,51,Switzerland
536585,53,18,2026-07-10 01:16:34,132.25,114,Switzerland
537242,6,13,2026-04-17 16:25:47,238.31,40,Germany
538567,129,6,2026-06-19 19:02:33,190.73,58,Germany
537418,116,20,2026-04-17 10:55:21,127.14,40,United States
538537,120,1,2026-06-16 22:23:51,52.66,41,Netherlands
536459,40,,2026-06-02 18:33:40,49.55,108,Italy
536747,33,19,2026-06-15 05:17:53,53.94,32,France
538142,36,6,2026-04-25 15:52:31,78.19,130,France
536993,26,6,2026-05-28 07:26:15,98.8,3,Italy
536589,52,5,2026-06-29 11:28:57,79.32,59,Belgium
536583,111,10,2026-05-11 21:27:10,197.23,31,United States
536965,127,7,2026-07-02 08:24:22,105.84,72,United States
536682,114,17,2026-05-20 17:49:48,126.1,41,spain
537103,24,17,2026-05-25 19:06:24,204.72,119,Italie
536484,75,19,2026-05-07 17:59:39,69.03,83,Spain
536888,82,17,2026-05-07 18:52:55,135.3,103,Portugal
537873,93,13,2026-06-26 23:46:19,174.75,79,Belgium
536512,53,7,2026-05-23 18:08:55,104.09,26,Italy
537137,19,16,2026-07-01 03:10:19,-16.82,80,Germany
537274,119,11,2026-06-23 07:11:14,159.75,9,Germany
536793,55,8,2026-05-03 04:10:58,194.89,75,Belgium
536889,21,,2026-06-09 23:26:12,143.93,106,United States
536413,115,12,2026-06-22 21:17:24,129.77,17,Netherlands
536404,128,19,2026-06-23 23:55:51,38.35,47,United Kingdom
538587,82,9,2026-04-22 10:28:57,203.51,61,Switzerland
537068,7,19,2026-05-17 17:05:00,37.41,74,germany
537609,43,11,2026-05-18 14:09:29,217.08,45,Italy
537712,117,5,2026-05-02 12:05:49,137.8,129,Switzerland
537789,103,12,2026-04-18 08:13:48,11.94,3,Germany
537917,33,6,2026-06-19 16:49:05,21.62,9,Italy
537645,94,12,2026-05-05 01:30:29,83.09,54,France
536683,118,,2026-05-01 23:45:08,199.27,96,Belgium
537598,63,17,2026-05-06 12:56:17,195.81,26,Belgium
537292,24,13,2026-05-05 22:31:10,143.23,24,Germany
537306,74,17,2026-05-08 11:47:19,218.98,58,Italy
537591,17,10,2026-07-09 13:14:03,242.77,41,Portugal
537941,104,11,2026-07-06 20:23:54,164.6,53,France
537538,123,10,2026-04-23 21:24:01,206.32,57,France
538253,103,19,2026-06-03 07:03:29,222.0,126,Spain
536666,102,7,2026-06-21 07:03:56,179.19,127,Germany
C536834,3,-8,2026-06-05 10:14:48,105.03,14,Belgium
538101,118,14,2026-05-16 01:48:18,173.02,107,United Kingdom
538199,75,18,2026-06-19 18:49:41,186.14,79,Frnace
538073,19,,2026-05-13 19:36:08,33.84,28,Italy
537895,65,6,2026-04-25 05:44:59,62.71,44,United States
538288,44,20,2026-06-08 09:18:15,223.4,124,Switzerland
C536412,65,-6,2026-04-16 01:59:36,30.15,,Portugal
538344,109,8,2026-06-14 18:59:11,142.52,110,Portugal
537191,31,9,2026-04-29 22:01:45,47.85,96,Switzerland
537710,120,9,2026-04-29 20:38:33,118.91,7,Germany
538059,107,6,2026-05-26 08:01:34,213.06,112,United Kingdom
537868,115,2,2026-05-24 23:28:54,161.03,14,France
538499,35,5,2026-05-31 02:59:53,8.85,47,Switzerland
538285,2,4,2026-05-08 17:20:00,32.82,130,United Kingdom
538033,19,11,2026-06-09 10:59:29,32.84,64,France
537748,127,3,2026-07-05 12:01:00,70.76,3,France
538402,27,7,2026-06-17 06:18:28,63.8,113,italy
536496,9372,2,2026-06-21 13:07:44,215.1,41,Spain
538585,53,15,2026-06-25 11:14:23,42.32,14,U.S.A
537891,26,12,2026-07-12 12:26:12,182.58,30,Netherlands
C536526,104,-1,2026-06-09 20:31:40,59.42,64,United States
537350,66,14,2026-06-15 08:41:42,212.72,13,Spain
537048,54,3,2026-05-01 03:09:00,87.18,106,Portugal
537777,114,10,2026-07-13 17:04:40,53.86,44,United Kingdom
537450,27,13,2026-05-07 02:29:59,5.57,108,Netherlands
536566,21,7,2026-05-05 23:47:26,0,87,Belgium
537769,54,7,2026-07-08 02:58:01,36.59,123,Italy
538375,107,14,2026-05-18 06:17:56,243.62,104,Portugal
536593,52,15,2026-04-20 20:21:50,25.27,35,Belgium
536563,51,5,2026-05-09 17:21:38,200.61,88,Italy
537502,63,20,2026-07-11 13:54:00,176.74,36,Belgium
537731,9260,15,2026-06-26 01:53:12,126.43,89,Italy
538015,13,18,2026-05-08 15:23:02,155.71,53,United States
537469,95,15,2026-05-27 04:50:14,18.17,28,italy
537194,106,11,2026-04-29 06:21:57,219.2,7,Portugal
538091,111,11,2026-04-27 00:39:12,64.32,86,USA
537824,50,15,2026-07-04 14:29:14,47.76,117,Switzerland
537533,20,13,2026-04-15 17:00:00,132.17,34,Netherlands
538078,25,2,2026-07-08 06:02:55,166.84,116,Netherlands
538021,19,8,2026-05-20 12:17:56,54.14,84,Italy
537837,93,6,2026-07-03 15:11:51,54.06,129,Spain
537555,60,10,2026-07-02 07:23:58,34.32,45,France
537178,36,6,2026-06-27 13:52:47,181.43,,Portugal
537074,76,5,2026-06-14 03:53:26,194.74,64,United Kingdom
537581,24,1,2026-06-08 13:53:18,17.54,98,Switzerland
537662,64,,2026-06-27 03:51:21,103.96,32,Switzerland
537610,26,19,2026-05-26 04:17:03,56.45,38,Italie
537477,89,7,2026-06-17 10:34:59,36.77,1,Spain
537830,93,17,2026-05-19 07:36:13,59.92,23,Italy
537875,46,12,2026-06-18 05:02:01,38.72,121,Germany
538056,97,19,2026-07-11 23:09:13,234.07,42,portugal
537549,24,14,2026-04-14 06:04:54,101.91,110,Spain
538469,76,6,2026-05-16 05:41:40,89.15,110,switzerland
538219,28,4,2026-06-08 16:11:01,77.13,68,Portugal
537575,1,7,2026-06-27 13:49:03,83.85,78,United Kingdom
537497,41,15,2026-07-01 19:50:04,47.16,39,Portugal
536979,78,5,2026-06-29 07:01:32,67.89,9,germany
537558,110,20,2026-06-28 14:14:06,218.79,3,United States
536589,34,7,2026-05-19 11:44:58,164.16,59,Belgium
537204,55,19,2026-05-28 22:57:13,82.3,97,Switzerland
538018,77,14,2026-05-07 07:57:23,65.1,18,Switzerland
537395,111,5,2026-04-17 19:26:40,228.66,18,United States
537016,118,11,2026-06-30 19:48:51,155.35,66,U.S.A
537298,41,20,2026-07-01 00:14:39,26.39,80,United Kingdom
537305,103,9,2026-04-18 23:50:30,200.85,40,Germany
537403,66,13,2026-06-22 08:51:08,28.05,57,Switzerland
536388,33,16,2026-05-19 05:31:11,168.36,72,Belgium
537927,72,13,2026-05-22 07:39:34,86.08,71,France
536553,68,6,2026-07-03 11:21:07,181.87,44,United States
536852,110,15,2026-06-19 10:54:38,131.66,53,SPAIN
536493,22,10,2026-05-04 11:39:38,22.52,107,belgium
536672,98,3,2026-05-05 03:39:35,101.52,34,United States
538087,28,,2026-04-26 05:28:50,178.38,60,Switzerland
537981,46,11,2026-06-25 16:41:32,26.68,7,Germany
536820,35,14,2026-05-05 07:41:23,139.91,52,Spain
537520,29,12,2026-05-14 09:29:53,12.5,2,United States
536623,63,19,2026-05-24 05:44:39,13.05,103,Italy
538422,2,16,2026-06-10 10:10:48,4.11,89,Netherlands
538101,61,3,2026-05-13 16:39:46,202.13,107,United Kingdom
537503,9406,11,2026-05-12 00:46:24,12.17,63,Belgium
536783,88,15,2026-06-11 04:16:18,196.98,10,Spain
538377,98,8,2026-06-04 05:35:39,37.79,16,Netherlands
538142,9041,13,2026-05-27 03:08:41,176.48,130,France
538103,120,19,2026-04-14 15:29:24,160.38,111,Belgique
537147,45,9,2026-06-22 00:10:57,65.76,109,ITALY
538386,12,13,2026-06-03 05:47:19,67.57,73,Spain
538100,4,14,2026-05-14 13:02:01,154.14,122,Portugal
537831,120,9,2026-06-29 23:56:45,162.99,75,Belgium
536448,45,15,2026-06-10 05:11:07,228.29,97,Italy
538396,41,10,2026-05-03 11:00:50,134.57,122,Netherlands
537942,98,8,2026-07-05 03:54:18,127.42,125,Spain
536866,24,20,2026-05-16 01:31:28,39.18,52,Germany
536391,126,15,2026-04-16 02:04:26,198.85,88,Spain
536497,95,19,2026-05-12 22:26:17,243.05,108,USA
538277,86,19,2026-06-26 08:42:50,247.03,129,United Kingdom
538481,20,5,2026-04-23 21:16:53,33.49,10,Suisse
537595,69,10,2026-06-14 21:30:16,187.85,40,Portugal
538477,4,2,2026-06-22 13:15:23,249.16,130,Belgium
538156,123,12,2026-05-29 01:37:42,48.43,128,Frnace
538521,48,5,2026-05-08 01:45:07,51.74,17,Belgium
538129,74,12,2026-05-20 05:47:44,185.64,33,United Kingdom
536643,92,2,2026-05-11 06:49:30,74.59,93,Switzerland
537482,9100,11,2026-06-01 02:16:00,224.19,67,germany
537741,112,8,2026-04-18 07:26:17,74.52,37,Spain
536832,121,9,2026-04-28 05:50:28,164.35,29,Switzerland
538370,129,9,2026-07-11 17:53:05,119.32,13,Belgium
536378,68,6,2026-05-09 01:04:38,186.08,68,Portugal
538323,10,5,2026-06-17 08:37:28,72.48,26,belgium
538099,83,17,2026-07-13 17:55:00,52.42,126,Spain
536443,121,10,2026-04-20 08:56:24,135.56,56,Suisse
536585,38,10,2026-04-19 21:29:10,6.39,114,Switzerland
537091,48,8,2026-06-05 03:10:58,94.06,119,Netherlands
536951,81,20,2026-05-15 13:26:22,233.46,116,Spain
537444,24,11,2026-06-03 15:01:26,173.02,14,Suisse
537523,89,12,2026-07-03 21:42:06,80.23,89,Germany
537965,85,10,2026-04-27 02:29:45,102.41,122,Netherlands
C537413,53,-12,2026-04-28 07:33:20,189.12,11,Netherlands
537248,75,19,2026-06-24 01:38:42,134.82,88,United States
536857,64,1,2026-07-08 14:28:00,11.91,85,United Kingdom
536898,117,1,2026-07-09 01:47:30,65.18,50,Switzerland
537790,94,1,2026-05-11 00:53:54,124.13,57,Switzerland
536905,125,2,2026-04-22 04:03:11,208.42,110,Belgium
536482,56,14,2026-04-28 07:18:33,28.3,114,netherlands
C537854,124,-9,2026-04-17 13:59:18,39.78,61,portugal
537551,112,11,2026-04-20 09:44:40,79.21,70,Germany
C538380,86,-4,2026-04-26 23:14:05,106.89,45,Switzerland
536465,129,14,2026-07-04 11:35:07,202.12,16,Switzerland
538182,27,3,2026-04-27 15:47:14,62.13,58,Belgium
538045,5,7,2026-05-30 09:49:23,142.35,52,Espagne
537899,84,19,2026-06-10 23:01:19,91.53,21,United States
538161,9319,19,2026-06-06 00:14:34,106.87,29,Italy
537362,48,9,2026-06-09 07:03:39,85.5,68,Spain
537222,44,8,2026-04-24 20:34:33,10.17,67,Netherlands
537264,19,5,2026-06-06 08:07:39,76.91,77,Switzerland
537361,31,15,2026-04-25 16:53:23,17.03,87,Switzerland
538457,112,8,2026-04-17 15:27:35,40.01,116,United States
537827,68,15,2026-04-26 03:38:31,186.91,76,United States
538078,10,9,2026-05-25 19:43:59,190.93,116,Netherlands
538088,111,13,2026-05-06 18:34:45,111.45,17,United States
538417,16,19,2026-06-10 17:13:30,209.54,61,Italy
536672,103,3,2026-07-03 11:52:25,8.07,34,United States
537452,51,3,2026-07-10 18:29:13,108.09,67,Portugal
538189,55,1,2026-06-14 21:18:12,105.3,86,italy
538534,112,12,2026-04-15 05:48:25,215.72,94,SWITZERLAND
538402,28,13,2026-05-13 06:50:18,112.05,113,Italy
536424,113,15,2026-06-09 15:51:46,132.44,49,Italy
536567,114,5,2026-06-20 20:03:55,242.48,100,Spain
536970,5,4,2026-06-22 03:21:55,15.95,117,Spain
536934,90,3,2026-05-20 10:58:17,86.91,36,Italy
537870,47,1,2026-05-05 20:36:32,118.84,120,FRANCE
538559,94,17,2026-04-19 20:23:33,54.36,27,SWITZERLAND
538005,114,14,2026-05-24 15:39:56,6.92,54,Belgium
538307,6,5,2026-04-28 17:12:15,55.76,100,Spain
538246,45,11,2026-04-29 13:43:08,177.39,55,Pays-Bas
C537872,26,-4,2026-05-12 11:46:31,142.1,18,Switzerland
536910,82,14,2026-06-05 22:52:18,50.17,32,GERMANY
538116,9091,17,2026-06-05 01:31:23,149.4,82,Switzerland
537154,110,6,2026-07-01 07:30:22,92.67,104,U.K.
536739,49,4,2026-06-07 02:22:42,144.49,32,United Kingdom
536566,7,13,2026-04-18 04:33:01,132.42,87,Belgium
538376,114,13,2026-05-05 04:50:35,135.98,86,U.S.A
536888,127,15,2026-05-10 16:00:18,73.71,103,Portugal
536550,11,7,2026-04-25 19:02:46,130.92,95,United States
537535,48,2,2026-07-07 08:40:07,13.56,110,Netherlands
537507,9539,10,2026-06-13 12:18:11,213.84,56,Belgium
537047,62,18,2026-05-10 23:51:59,85.36,108,Switzerland
536977,71,1,2026-07-11 14:17:02,77.95,20,Switzerland
538215,67,1,2026-06-08 11:42:26,245.76,12,Germany
537531,97,17,2026-05-19 15:14:29,63.28,116,Netherlands
538277,50,7,2026-06-30 18:18:58,-7.22,129,United Kingdom
536870,117,16,2026-05-07 12:16:21,45.92,8,Netherlands
538119,96,3,2026-07-05 16:07:11,181.44,69,United Kingdom
537987,32,4,2026-06-09 18:56:52,249.21,121,SPAIN
538425,69,7,2026-05-07 04:59:23,-13.84,58,United Kingdom
537693,130,1,2026-07-08 16:03:35,177.55,115,Portugal
537825,2,4,2026-06-30 14:19:24,31.56,93,Switzerland
537354,103,1,2026-05-11 10:00:01,186.25,129,Netherlands
537997,53,11,2026-04-27 02:07:17,55.96,65,Pays-Bas
537119,11,18,2026-06-12 14:16:42,6.24,42,Belgium
538292,15,15,2026-05-12 21:26:00,21.57,39,United States
537923,112,2,2026-07-12 09:10:03,25.87,91,United States
538021,48,5,31/02/2026,67.42,84,Italy
537651,68,19,2026-05-13 04:31:57,11.72,50,Netherlands
536495,20,16,2026-07-08 02:30:25,115.43,43,Italy
537240,104,6,2026-06-09 13:30:03,101.22,63,United States
537257,79,6,2026-06-15 05:22:28,171.27,47,Switzerland
537930,113,6,2026-05-09 01:00:11,19.72,113,Portugal
538160,4,16,2026-07-01 11:52:41,187.68,62,Netherlands
537090,17,3,2026-05-23 00:21:29,73.04,65,Portugal
536845,89,7,2026-06-10 18:25:07,96.57,8,United Kingdom
C536525,112,-14,2026-05-24 18:02:45,102.64,,U.K.
537157,68,12,2026-06-03 05:37:11,68.8,48,Germany
536520,7,16,2026-05-30 00:34:50,249.37,102,Switzerland
538175,109,8,2026-05-02 17:24:41,159.29,,Spain
536867,113,14,2026-06-12 09:08:12,167.22,36,Portugal
536505,60,6,2026-06-05 10:58:29,27.73,64,Portugal
537182,39,19,2026-07-13 10:42:20,23.05,58,United Kingdom
538194,76,18,2026-07-08 22:00:08,203.0,21,Spain
536460,78,5,2026-05-08 04:28:54,246.47,9,Netherlands
537011,5,7,2026-05-31 15:58:51,110.58,125,United States
537486,118,1,2026-05-07 01:21:13,53.29,69,United Kingdom
537530,29,14,2026-07-09 19:03:34,37.89,33,Belgium
537648,94,14,2026-06-17 02:16:53,61.65,34,Spain
537577,89,20,2026-07-10 11:01:37,46.92,43,Germany
537126,111,5,2026-04-29 04:15:34,9.5,68,United Kingdom
537135,33,9,2026-05-23 21:05:06,149.85,124,Germany
536654,17,10,2026-06-23 21:02:14,31.27,91,Spain
538148,112,4,2026-05-09 15:20:46,50.01,1,United Kingdom
538332,105,1,2026-05-12 07:05:49,176.76,109,germany
536769,28,13,2026-04-15 16:17:15,236.58,76,Italy
536933,46,6,2026-06-22 18:15:41,10.28,50,United States
538471,130,4,2026-06-29 00:09:23,10.5,80,Spain
538530,84,1,2026-04-17 03:14:23,67.34,4,Allemagne
536866,122,7,2026-05-31 10:12:24,44.52,52,Germany
537527,15,5,2026-04-23 16:40:43,94.22,75,U.K.
537589,56,2,2026-06-07 08:44:28,205.56,105,Netherlands
536626,59,4,2026-07-03 14:13:18,61.57,29,Italy
536691,126,14,2026-06-24 16:27:38,206.48,109,Netherlands
537638,36,5,2026-07-08 00:27:10,93.39,74,France
536945,49,7,2026-07-03 15:19:19,182.05,,Germany
538034,100,4,2026-06-15 00:49:12,210.4,113,Belgium
538568,24,13,2026-05-12 11:50:51,238.41,9168,Switzerland
537099,60,3,2026-05-26 21:50:42,239.74,74,United Kingdom
538530,9617,18,2026-06-27 18:03:13,211.88,4,GERMANY
537378,80,4,2026-05-28 08:43:11,136.28,80,italy
537053,29,18,2026-04-30 22:02:07,121.39,9184,spain
C538118,74,-3,2026-04-18 19:16:36,91.85,64,Belgium
538375,39,14,2026-06-19 15:16:03,122.55,104,portugal
537068,75,8,2026-04-16 08:21:59,60.14,74,Germany
537423,124,2,2026-06-24 09:11:44,163.9,9,Italy
537125,45,11,2026-06-02 22:09:27,110.91,75,Germany
537414,111,1,2026-06-28 17:45:24,44.64,12,United Kingdom
537568,119,15,2026-05-29 04:39:09,221.88,13,Netherlands
537860,68,7,2026-04-28 08:32:38,228.37,26,Italie
537349,17,1,2026-05-26 18:13:12,244.88,11,Spain
537757,85,19,2026-05-03 05:02:21,85.84,125,Switzerland
537091,10,18,2026-05-01 15:33:45,81.61,119,Netherlands
537494,10,5,2026-06-03 10:51:15,222.48,27,Spain
538047,84,4,31/02/2026,57.95,21,Portugal
536392,89,14,2026-05-30 08:20:02,249.17,95,Netherlands
537316,130,19,2026-04-17 18:32:20,197.45,75,Belgium
537024,73,5,2026-06-18 22:50:58,19.04,19,Switzerland
538476,75,4,2026-06-01 08:54:11,22.9,85,Italy
536795,82,11,2026-06-12 22:34:08,45.09,68,Spain
536419,78,7,2026-06-17 02:03:29,192.54,30,Italy
538321,64,18,,14.18,22,Belgium
538206,27,14,2026-04-19 14:12:04,90.66,74,United States
536901,78,12,2026-04-26 11:54:09,38.81,122,Switzerland
537649,9818,18,2026-05-02 12:49:32,27.25,108,Switzerland
537035,50,16,2026-06-25 21:26:16,247.81,5,Switzerland
538587,95,6,2026-05-16 21:46:42,231.96,61,Switzerland
538373,121,5,2026-07-02 02:23:13,205.59,9862,Germany
C536582,103,-19,2026-04-16 07:51:21,229.72,71,Portugal
537631,125,10,2026-06-19 12:35:16,86.6,11,United Kingdom
538543,97,15,2026-06-03 14:00:22,247.88,11,Netherlands
537342,57,8,2026-04-28 13:50:50,94.57,107,Belgium
537754,116,3,2026-07-02 13:59:58,247.19,60,netherlands
538494,117,5,2026-05-03 19:34:50,62.25,79,Belgium
537630,47,18,2026-05-19 03:49:49,140.51,,United States
538321,9,12,2026-05-14 06:05:09,203.16,22,Belgium
537134,50,10,2026-06-03 00:50:47,70.58,64,Italy
C538414,101,-12,2026-07-03 03:43:23,196.1,117,Italy
536587,98,17,2026-07-04 06:47:11,244.22,93,Germany
537481,37,9,2026-05-13 06:26:52,111.03,19,United States
536749,19,9,2026-06-30 23:50:55,248.85,103,Netherlands
537447,20,14,2026-05-30 04:01:08,26.76,61,Switzerland
536614,119,8,2026-05-10 10:11:10,184.38,11,Germany
537763,105,13,2026-06-17 07:58:32,104.75,16,Switzerland
536858,107,1,2026-05-30 14:07:38,6.64,125,france
537267,13,12,2026-05-11 12:27:42,80.96,114,Netherlands
536615,34,13,2026-04-20 00:10:50,165.13,73,spain
537151,63,3,2026-04-30 11:10:13,148.64,24,Spain
538183,83,16,2026-04-26 08:40:40,17.63,27,United Kingdom
537838,31,12,2026-05-27 13:39:33,-4.42,92,Belgium
537368,103,18,2026-06-21 06:48:13,130.15,105,United Kingdom
538138,129,18,2026-07-12 01:04:23,18.98,114,Netherlands
537403,20,4,2026-05-12 16:14:25,84.4,57,Switzerland
537113,4,6,2026-05-23 03:57:07,115.47,55,FRANCE
536656,128,17,2026-04-20 07:26:16,203.43,53,Italy
537594,112,16,2026-05-16 11:17:28,214.38,125,Allemagne
C536582,94,-19,2026-07-05 03:13:18,64.71,71,Portugal
538431,10,16,2026-06-21 10:41:25,52.42,3,spain
537230,35,1,2026-07-09 09:12:23,164.57,40,France
537913,42,10,2026-05-03 06:41:15,118.38,76,United States
537366,106,5,2026-06-19 11:15:25,249.77,70,Portugal
537534,98,20,2026-05-04 07:55:01,6.12,123,United States
536930,94,8,2026-06-13 17:17:20,82.08,50,Belgium
537817,24,4,2026-05-03 11:05:01,241.75,43,France
538553,54,15,2026-04-20 19:33:44,108.62,128,Italy
537166,1,3,2026-05-17 14:51:06,167.71,27,United States
538245,77,2,2026-07-03 09:19:22,82.08,67,Spain
538204,88,7,2026-06-11 20:54:34,195.75,122,Belgium
536781,22,19,2026-05-23 03:51:32,142.5,62,Spain
538243,18,14,2026-05-22 15:02:23,137.48,,United States
538357,119,9,2026-06-05 17:15:47,155.75,66,France
537956,9159,8,2026-05-05 03:59:57,151.6,70,BELGIUM
537528,67,7,2026-06-05 22:44:32,224.14,38,Portugal
538115,119,2,2026-05-21 15:23:45,218.16,15,Netherlands
538223,39,4,2026-05-18 00:35:46,92.51,2,France
538046,6,17,2026-06-09 19:50:35,27.68,75,United States
536677,49,3,2026-05-22 14:16:08,77.33,49,France
537127,23,14,2026-07-08 18:46:25,16.57,44,Germany
536911,39,,2026-07-04 03:07:28,93.17,22,belgium
536627,44,19,2026-06-09 03:54:17,242.62,117,United Kingdom
536927,51,3,2026-06-12 13:51:59,25.36,41,United Kingdom
537707,15,7,2026-06-02 02:11:05,147.25,97,United Kingdom
538554,106,9,2026-06-12 20:28:24,216.48,125,France
537458,100,13,2026-05-01 20:12:42,35.92,111,Netherlands
538250,59,12,2026-06-20 14:06:07,102.16,23,France
538170,8,8,2026-06-13 20:34:07,241.31,104,Germany
537810,53,7,2026-06-14 17:03:12,20.07,22,Spain
536560,57,8,2026-05-23 07:24:12,200.64,118,Switzerland
538429,92,4,2026-05-26 09:24:30,69.02,117,Portugal
536549,75,5,2026-04-28 00:58:25,117.78,121,United Kingdom
536826,78,13,2026-06-19 18:23:45,19.85,114,Frnace
538588,110,9,2026-06-02 15:31:58,82.21,107,Portugal
538438,56,14,2026-07-03 05:34:27,8.1,101,Netherlands
536554,110,8,2026-06-21 14:54:58,234.79,10,Portugal
538447,37,5,2026-06-22 12:50:54,173.3,20,Belgique
538224,8,3,2026-04-24 16:36:12,46.56,57,United States
538374,82,15,2026-05-28 07:14:30,230.88,4,Portugal
537399,4,2,2026-07-02 16:03:51,63.54,110,Netherlands
537321,107,14,2026-05-18 10:06:26,64.92,12,Netherlands
538231,41,15,2026-06-16 21:11:51,108.09,15,Spain
536608,129,9,2026-04-19 23:05:50,104.48,58,United Kingdom
538588,35,12,2026-04-19 14:14:47,184.21,107,PORTUGAL
536746,112,10,2026-04-22 02:25:34,0,98,Spain
536881,87,19,2026-06-04 00:20:34,66.69,129,Italy
537811,7,2,2026-04-26 05:19:34,187.34,8,Germany
537594,89,11,2026-04-20 07:43:31,67.52,,Germany
537977,19,11,2026-06-26 22:15:48,73.32,4,France
536659,53,14,2026-05-03 19:28:41,68.93,82,Germany
537143,68,17,2026-06-04 12:34:27,46.18,88,United States
538425,20,6,2026-06-27 17:41:14,43.39,58,United Kingdom
538202,91,15,2026-06-22 04:52:43,211.93,91,Belgium
537765,112,16,2026-06-11 14:15:20,181.47,58,United Kingdom
537079,86,1,2026-06-27 09:53:51,14.84,70,France
536664,84,15,2026-04-29 10:06:48,174.72,108,Switzerland
537338,111,16,2026-07-13 05:32:23,159.61,36,germany
536652,97,15,2026-07-01 22:18:43,116.54,84,United Kingdom
538389,94,9,2026-06-11 15:55:42,20.07,43,Germany
538130,18,19,2026-05-22 01:55:04,58.36,9,Italy
537109,54,19,2026-06-08 06:11:56,224.94,113,Italy
537972,65,14,2026-06-04 08:05:55,105.8,106,Portugal
537410,121,10,2026-05-29 17:37:25,4.22,28,UK
538044,115,14,2026-04-24 03:29:41,246.85,65,United Kingdom
538449,43,16,2026-05-27 15:32:46,135.69,85,Netherlands
537597,71,10,2026-07-01 06:03:00,26.71,40,Switzerland
536440,24,17,2026-06-11 04:56:07,161.32,33,Spain
537579,78,11,2026-06-15 00:58:17,81.98,92,Italy
536599,61,12,2026-04-15 04:10:38,114.62,85,italy
538524,52,10,2026-06-18 16:03:13,249.07,46,Switzerland
538116,47,19,2026-05-29 05:56:05,230.22,82,Switzerland
537360,84,1,2026-06-27 16:06:03,166.15,77,France
537448,43,13,2026-05-02 08:49:33,211.08,77,Netherlands
537209,21,4,2026-05-09 16:37:22,221.03,63,Italy
538102,19,1,2026-06-29 10:57:06,186.52,34,Switzerland
537469,37,20,2026-05-20 19:05:52,199.32,28,Italy
536542,104,3,2026-06-21 16:00:09,89.3,126,SWITZERLAND
537609,47,14,2026-07-13 05:29:09,61.61,45,Italy
536590,60,8,2026-04-18 07:01:36,172.78,106,Spain
536373,122,18,2026-06-20 11:08:18,43.79,130,Switzerland
538364,116,11,2026-06-15 05:44:47,16.2,88,Belgium
537342,60,20,2026-05-25 21:28:50,21.49,107,Belgium
536589,62,19,2026-06-25 12:22:40,40.73,59,BELGIUM
536658,119,5,2026-06-17 23:08:50,62.37,81,United States
537783,24,19,2026-04-28 11:31:37,133.58,116,Netherlands
537503,74,17,2026-05-29 23:29:07,126.6,63,Belgium
C538556,24,-11,2026-07-12 12:16:08,168.58,41,United Kingdom
C537802,106,-16,2026-07-06 16:14:16,163.67,79,Switzerland
536605,36,19,2026-04-23 15:25:06,226.1,,Italy
537687,44,4,2026-05-14 00:11:53,12.71,120,United States
536871,23,19,2026-05-28 18:02:13,232.78,44,Switzerland
538257,128,10,2026-06-07 19:51:37,219.9,43,United States
537721,31,17,2026-05-18 11:33:22,167.5,65,Belgium
538335,53,,2026-05-01 18:48:52,61.02,8,Spain
537570,91,3,2026-07-06 17:13:35,79.11,108,Netherlands
538432,61,14,2026-06-22 11:36:31,12.63,46,Spain
537255,33,6,2026-06-15 14:07:11,236.79,64,Belgium
536555,71,13,2026-07-13 05:17:55,189.48,105,Spain
537501,5,1,2026-07-04 02:14:19,154.9,31,Switzerland
536695,61,16,2026-06-01 17:26:47,128.63,83,Spain
C537872,126,-16,2026-07-10 14:10:06,196.87,18,Switzerland
C537854,106,-15,2026-05-31 02:59:33,109.77,61,Portugal
537732,58,19,2026-07-03 17:30:27,199.55,88,Italie
537957,64,,2026-04-30 14:14:39,130.33,13,Pays-Bas
538040,127,8,2026-07-12 13:05:09,180.51,70,Belgium
536861,122,17,2026-05-23 12:04:22,181.59,37,Belgium
537756,5,8,2026-06-05 10:39:18,70.95,9,Portugal
536643,42,19,2026-05-30 17:47:19,17.45,93,Switzerland
537668,6,2,2026-05-16 20:04:28,72.38,100,Spain
537621,124,19,2026-05-27 03:10:43,119.75,42,Netherlands
536864,35,6,2026-04-25 19:18:48,132.52,96,Portugal
C537855,78,-9,2026-04-18 09:13:18,153.52,50,United Kingdom
537280,70,4,2026-05-22 12:35:14,142.56,35,France
536605,98,11,2026-06-29 17:24:22,125.09,119,Italy
537526,59,4,2026-05-04 16:11:29,237.07,16,spain
537584,98,2,2026-07-07 14:44:40,74.14,119,Germany
536381,51,12,2026-04-23 01:52:47,109.53,68,FRANCE
538550,62,19,2026-04-29 16:32:50,21.39,117,italy
536976,100,11,2026-05-14 14:54:19,116.1,56,Portugal
537915,32,3,2026-05-31 18:17:49,205.94,40,United States
537671,10,9,2026-06-15 17:41:32,155.17,109,France
C536526,6,-19,2026-04-14 17:02:53,127.64,64,United States
538533,48,7,2026-05-09 12:49:27,31.62,130,Portugal
C536380,72,-3,2026-04-26 04:52:43,241.82,103,Italy
536485,97,15,2026-06-23 03:44:28,21.65,83,United States
537280,80,4,2026-07-11 00:23:56,238.82,35,france
538179,55,17,2026-06-13 01:26:17,213.27,98,U.K.
538213,82,16,2026-06-26 18:09:19,57.44,9018,Germany
537736,130,16,2026-06-19 15:23:20,25.51,53,France
537107,120,17,2026-04-21 09:59:27,227.93,113,France
536850,37,2,2026-07-04 02:50:01,204.05,112,Spain
536460,82,19,2026-04-29 11:31:34,150.69,9,Netherlands
537588,85,4,2026-05-13 03:18:09,190.7,71,Netherlands
537024,87,6,2026-05-26 02:12:27,174.64,19,SWITZERLAND
537598,10,16,2026-07-06 10:37:56,7.63,26,Belgium
537397,86,20,2026-05-18 03:02:40,80.36,97,France
537706,106,2,2026-06-25 02:42:24,10.22,2,Spain
536813,4,16,2026-07-09 17:38:47,108.7,62,United Kingdom
536961,111,3,2026-04-15 20:46:22,169.49,,Belgique
538330,41,8,2026-07-01 00:06:59,248.37,39,U.S.A
538136,44,10,2026-04-18 14:20:40,23.86,29,Spain
537949,103,12,2026-05-06 02:03:22,65.14,68,France
536395,75,2,2026-06-23 16:46:22,60.17,98,Netherlands
536992,30,18,2026-06-27 17:34:42,12.82,130,United States
537943,90,14,,114.98,17,Spain
536777,37,13,2026-06-12 01:40:08,184.07,63,United States
538512,124,19,2026-04-23 05:44:33,94.2,9050,Belgium
536961,65,12,2026-04-22 08:52:16,184.65,56,Belgium
538035,112,11,2026-04-14 22:58:20,157.46,66,Italy
537893,99,15,2026-06-19 02:25:04,222.07,101,Belgium
536608,109,20,2026-06-18 04:13:35,4.84,58,United Kingdom
536991,30,4,2026-07-13 16:53:58,43.62,59,Netherlands
537544,49,6,2026-06-15 06:19:32,31.39,19,Germany
538564,23,4,2026-07-09 03:03:58,181.05,69,Switzerland
538158,84,9,2026-05-13 08:51:02,12.18,73,Netherlands
537275,11,12,2026-05-11 16:38:35,240.94,105,Spain
536673,11,17,2026-04-18 14:54:22,87.41,52,Netherlands
536847,130,5,2026-05-06 08:31:33,145.27,36,Switzerland
538099,83,18,2026-05-29 07:14:44,101.02,,Spain
537169,45,18,2026-06-21 09:53:11,91.72,56,Spain
537238,1,2,2026-06-30 04:52:19,4.33,25,UK
537335,41,3,2026-05-23 22:52:33,226.88,60,Germany
537816,67,15,2026-05-12 14:13:30,36.01,124,Portugal
537583,34,18,2026-06-05 09:48:41,157.94,127,United Kingdom
537360,107,18,2026-05-27 09:51:55,45.94,77,FRANCE
536478,45,18,2026-05-19 19:46:34,42.55,43,United States
536557,112,3,2026-07-11 22:38:18,18.83,14,United Kingdom
537374,19,19,2026-07-08 03:46:44,51.97,38,Italy
536699,1,14,2026-04-26 11:27:10,161.32,54,France
538042,60,10,2026-04-27 12:09:49,182.93,54,Portugal
537206,86,6,2026-07-09 19:41:26,60.59,8,Portugal
538378,22,17,2026-07-04 08:46:16,56.22,105,BELGIUM
536407,58,13,2026-04-24 02:38:37,241.92,107,united kingdom
537197,49,17,2026-05-29 18:47:31,152.04,59,Switzerland
537947,120,8,2026-05-18 22:50:20,162.4,35,Switzerland
C537872,13,-2,2026-04-21 02:37:37,218.47,18,Suisse
537721,57,6,2026-07-10 16:20:20,21.86,65,Belgium
537277,109,18,2026-05-28 21:51:08,240.08,72,Switzerland
536471,105,4,2026-06-10 09:17:42,9.49,100,Italy
537375,80,9,2026-07-09 22:17:44,212.12,48,Spain
C537377,94,-8,2026-07-08 19:51:48,151.76,21,Germany
C537263,74,-6,2026-05-30 16:53:32,163.69,88,United Kingdom
538062,82,10,2026-06-16 16:25:11,20.88,61,Belgium
537448,102,6,2026-06-30 20:37:09,82.86,77,Netherlands
536419,111,4,2026-04-26 08:08:04,72.96,30,Italy
537149,42,17,2026-06-21 14:28:16,61.16,16,Spain
538307,42,2,2026-06-03 09:26:20,27.13,100,Spain
536792,42,18,2026-04-22 10:13:10,110.66,110,Portugal
536506,37,19,2026-05-27 07:56:28,237.25,46,U.S.A
537443,59,6,2026-06-25 16:54:29,92.81,26,United States
536501,81,13,2026-05-28 23:49:06,176.08,101,Germany
537321,97,7,2026-06-19 17:58:04,38.52,12,netherlands
537258,94,7,2026-05-10 14:26:37,91.09,18,France
538273,125,1,2026-04-26 07:52:29,216.36,63,Frnace
537569,65,1,2026-04-19 04:30:35,240.69,115,Netherlands
537981,66,6,2026-06-04 02:55:36,109.78,,Germany
537464,38,4,2026-04-26 21:01:26,57.81,85,United States
537188,128,13,2026-04-27 00:58:59,9.91,98,SPAIN
538097,6,10,2026-05-19 12:47:38,245.05,25,United States
537448,53,7,2026-06-24 09:39:29,150.67,77,Netherlands
537140,109,6,2026-06-05 18:21:06,214.33,8,Belgium
536460,56,2,2026-07-13 11:30:26,37.61,9,netherlands
536815,107,9,2026-06-10 05:47:42,79.4,116,Portugal
537389,21,17,2026-06-16 21:31:02,160.39,24,Belgium
538026,2,14,2026-05-15 05:50:20,197.66,,Belgium
536918,58,5,2026-06-19 04:52:47,136.58,91,portugal
538208,72,20,2026-04-15 09:25:45,72.51,79,Switzerland
536874,92,1,2026-06-23 23:44:35,42.21,69,Germany
537222,24,15,2026-05-13 10:01:05,180.27,67,netherlands
536763,71,7,2026-05-28 02:25:58,147.33,94,Italy
538147,50,15,2026-04-23 01:27:51,63.89,37,Switzerland
536826,100,17,2026-06-24 18:53:41,18.5,114,France
536924,25,4,2026-04-14 10:13:19,241.78,26,Switzerland
537314,29,20,2026-06-16 04:19:24,135.93,92,Germany
536590,114,9,2026-05-26 05:49:37,40.53,106,Spain
536850,117,13,2026-06-19 18:25:00,82.15,112,Spain
537557,89,6,2026-05-09 20:21:37,243.6,85,ITALY
536595,77,11,2026-06-07 09:22:21,230.34,13,United Kingdom
538444,73,7,2026-04-18 22:53:33,150.82,,Italy
536748,33,20,2026-06-09 15:50:15,107.24,76,Portugal
538302,17,8,2026-05-06 09:13:41,101.05,47,Italy
538126,116,10,2026-04-27 21:02:40,127.97,110,United Kingdom
538335,121,12,2026-05-03 23:40:37,148.25,8,Spain
538292,34,19,2026-06-11 18:40:39,142.75,39,United States
537356,20,15,2026-05-26 21:45:49,182.0,5,Germany
537048,57,7,2026-06-15 06:27:36,56.96,106,Portugal
537893,94,20,2026-04-27 22:34:54,76.43,101,Belgium
536642,119,8,2026-05-04 23:52:04,9.63,78,Netherlands
538377,126,5,31/02/2026,86.19,16,Netherlands
537481,98,13,2026-05-19 07:28:59,154.31,19,United States
537528,95,15,2026-05-27 06:24:49,96.51,38,Portugal
538432,110,19,2026-04-29 14:49:30,34.7,46,Spain
537437,39,12,2026-04-24 19:07:07,25.92,71,Belgium
538158,64,18,2026-05-20 07:17:14,171.93,73,NETHERLANDS
537953,73,5,2026-04-22 05:11:14,109.61,51,Belgium
538276,57,1,2026-05-01 23:14:35,129.74,119,Spain
537150,12,4,2026-06-19 11:30:22,6.68,128,France
538202,115,16,2026-06-03 20:47:32,241.6,91,Belgium
537046,17,19,2026-05-23 17:48:58,239.42,104,France
537884,77,15,2026-06-10 22:17:40,94.25,30,United States
537466,37,15,2026-07-12 03:00:19,105.35,13,Espagne
536375,20,15,2026-05-17 12:32:00,202.58,9553,France
536435,69,3,2026-04-28 23:12:57,182.59,95,Portugal
538476,7,20,,217.24,85,italy
537083,76,10,2026-05-02 16:28:14,68.36,61,Portugal
536990,20,7,2026-04-26 04:20:12,122.09,13,Spain
537114,128,1,2026-05-16 11:39:12,194.76,74,Belgium
537968,125,13,2026-05-18 20:28:30,105.06,34,United States
538497,55,11,2026-06-11 20:07:33,71.49,33,Netherlands
537579,79,10,2026-05-29 08:29:47,5.53,92,Italy
537043,88,7,2026-05-12 06:29:55,113.43,31,United States
537940,60,5,2026-06-11 20:30:49,177.29,30,Italy
537892,9052,1,2026-06-14 01:33:52,29.69,70,Portugal
536551,65,13,2026-06-01 10:13:22,243.25,20,Portugal
537406,116,17,2026-05-13 13:16:54,161.81,9673,United States
537589,104,17,2026-04-30 08:57:25,187.81,105,Netherlands
537826,122,7,2026-06-19 23:36:45,235.62,128,United States
536692,90,3,2026-06-26 07:41:35,218.0,13,Spain
536913,27,8,2026-04-21 04:21:26,58.88,113,United Kingdom
538270,81,19,2026-06-16 02:33:20,242.89,97,Spain
538097,78,8,2026-05-15 17:55:21,232.0,25,United States
537412,111,3,2026-06-19 00:07:12,206.45,4,Switzerland
538327,45,3,2026-04-27 12:00:10,52.42,25,United States
538586,102,2,2026-04-18 22:58:01,174.57,113,Switzerland
538003,116,17,2026-04-22 21:34:27,219.15,59,United Kingdom
536822,35,8,2026-06-01 12:53:31,224.08,25,Spain
C536582,98,-3,2026-04-26 18:54:08,195.69,71,portugal
537310,107,2,2026-06-14 18:04:17,195.83,30,United States
537191,98,13,2026-06-11 17:07:42,77.62,96,Switzerland
538286,93,12,2026-07-01 00:57:46,202.08,54,Switzerland
C537377,83,-15,2026-06-30 20:48:45,67.36,21,Germany
536574,9,7,2026-04-17 00:55:04,116.83,98,France
537913,119,15,2026-06-16 01:56:55,157.21,76,USA
537760,36,14,2026-05-23 15:31:55,221.66,63,Italy
536694,30,4,2026-05-19 16:37:59,136.82,83,Belgium
536753,2,14,2026-05-12 20:30:29,176.54,15,Germany
537124,58,3,2026-06-09 08:40:55,52.07,18,Switzerland
537663,88,3,2026-05-11 11:03:00,175.26,37,Spain
536644,36,17,2026-05-02 09:04:06,72.51,78,Spain
538107,118,7,2026-06-12 13:43:28,125.1,112,United States
537228,97,17,2026-07-13 07:50:20,172.04,5,Spain
537974,1,3,2026-07-03 00:30:24,194.65,49,spain
536893,75,10,2026-06-21 04:32:48,236.36,126,United States
536750,64,3,2026-07-05 06:17:10,69.72,42,Belgium
536937,43,4,2026-06-06 05:24:02,125.92,39,Netherlands
537333,104,19,2026-04-18 22:49:25,127.56,85,Italy
538131,1,17,2026-05-21 23:03:53,124.05,87,United States
536926,26,3,2026-07-13 16:21:59,160.94,82,Spain
538054,93,5,2026-06-03 20:33:06,71.89,9078,Spain
536386,100,14,2026-04-20 12:00:00,135.94,71,Portugal
538448,9992,8,2026-04-15 01:41:08,96.3,82,Belgium
537909,28,18,2026-05-23 03:32:09,160.48,104,Spain
538439,48,12,2026-05-12 16:57:34,14.85,10,Italy
538057,72,3,2026-05-23 06:17:06,193.66,40,United Kingdom
537293,71,8,2026-06-08 04:14:32,64.51,109,Netherlands
536462,102,8,2026-06-25 16:55:08,139.36,11,Germany
537593,106,18,2026-07-02 07:49:17,15.06,40,United Kingdom
536594,38,6,2026-04-22 14:44:17,192.98,39,United Kingdom
536651,70,13,2026-06-10 21:14:08,90.96,27,United Kingdom
537107,94,13,2026-05-04 16:12:49,183.11,9192,France
538127,68,9,2026-07-07 05:26:04,239.65,116,Germany
537278,57,8,2026-06-17 00:18:45,55.97,114,Italy
536750,97,8,2026-05-10 13:59:27,96.52,42,Belgium
536431,22,17,2026-04-20 13:33:20,243.74,75,Belgium
537092,27,11,2026-07-02 10:39:57,103.01,88,Italy
537105,53,11,2026-06-01 19:20:21,140.32,56,Switzerland
537645,34,11,2026-04-29 04:23:27,26.67,54,France
538030,126,20,2026-06-30 16:04:10,15.16,123,United Kingdom
537865,47,8,2026-05-13 21:20:33,93.15,1,Italy
538547,57,7,2026-06-01 04:10:51,230.16,124,United States
537262,13,18,2026-05-28 09:56:01,150.11,10,Germany
537111,39,5,2026-04-26 06:08:02,31.54,22,United States
536567,122,15,2026-07-01 09:28:07,243.82,100,Spain
538420,48,19,2026-06-04 14:03:21,246.87,11,Germany
538166,26,2,2026-04-17 04:48:12,101.02,97,Netherlands
538524,54,11,2026-06-06 14:27:17,24.63,46,Switzerland
536838,111,18,2026-05-25 12:08:20,15.91,99,Spain
536905,24,18,2026-05-04 02:58:49,195.81,110,Belgium
537712,86,13,2026-06-13 15:44:34,182.97,129,Switzerland
538292,84,13,2026-04-21 12:00:30,41.21,,United States
537030,58,15,2026-05-30 16:24:44,68.38,12,Spain
537358,65,19,2026-05-30 17:47:17,230.49,27,Belgium
536551,89,16,2026-05-19 12:42:45,198.79,20,Portugal
537044,126,9,2026-06-16 18:14:36,111.05,63,Netherlands
537001,69,5,2026-04-25 17:48:36,196.62,72,Allemagne
538403,79,16,2026-05-04 09:17:12,99.44,107,switzerland
537699,91,19,2026-05-18 22:50:24,29.95,77,Netherlands
537134,68,4,2026-05-16 07:30:34,155.22,64,Italy
538589,28,11,2026-06-14 21:42:06,133.9,66,Switzerland
537303,126,5,2026-05-23 06:57:05,67.09,53,Spain
538444,81,8,2026-04-24 17:15:43,66.9,114,Italy
538372,73,18,2026-06-11 20:53:41,179.91,56,Netherlands
537095,110,15,2026-06-24 08:46:53,213.34,61,Spain
537655,83,1,2026-05-25 20:53:43,165.57,75,ITALY
538569,69,1,2026-06-10 22:06:20,115.89,28,United Kingdom
536658,112,19,2026-07-12 16:31:22,182.47,81,United States
537873,95,13,2026-04-23 04:06:34,62.32,79,Belgique
537972,121,20,2026-07-10 14:42:36,241.84,106,Portugal
536602,73,19,2026-05-08 17:18:37,63.47,27,United States
537757,47,20,2026-07-05 14:44:52,238.8,125,Switzerland
537814,91,13,2026-05-03 23:52:30,6.09,4,Spain
537247,73,13,2026-05-15 21:22:38,71.12,106,belgium
537270,35,11,2026-04-15 03:52:08,89.34,122,Spain
538305,130,1,2026-07-12 03:44:36,176.53,13,United States
538276,57,1,2026-05-01 23:14:35,129.74,119,Spain
538519,76,19,2026-05-29 21:59:07,196.47,102,italy
538127,17,14,2026-05-25 20:04:47,63.06,116,Germany
538555,119,11,2026-06-24 17:31:47,3.01,92,France
537410,105,18,2026-05-28 19:21:34,249.53,28,United Kingdom
537750,126,7,2026-05-10 09:59:37,100.91,53,Portugal
537996,32,14,2026-06-12 14:24:39,70.46,86,Netherlands
536477,82,,2026-06-07 23:24:18,77.17,113,Netherlands
536676,117,15,2026-05-20 07:47:13,157.08,77,Italy
538218,86,13,2026-05-05 14:52:31,39.97,,Netherlands
537411,9637,1,2026-06-01 23:50:19,239.71,11,Germany
537911,120,17,2026-05-21 03:40:28,219.01,106,Netherlands
538498,15,10,2026-06-20 05:05:24,158.84,117,France
536876,60,17,2026-07-10 21:34:34,29.64,96,Switzerland
537097,130,14,2026-06-07 07:22:29,198.7,2,Spain
536599,24,15,2026-06-01 20:11:38,127.98,85,Italy
537136,64,19,2026-05-31 06:55:15,100.77,101,Belgium
537512,84,6,2026-05-12 19:01:06,49.25,3,Switzerland
537490,74,,2026-06-01 14:17:27,219.55,65,Switzerland
538000,3,14,2026-05-10 22:37:00,22.15,30,France
537932,72,12,2026-05-08 20:55:51,47.46,5,France
536711,7,6,,112.1,59,Switzerland
537047,5,3,2026-07-12 18:37:12,28.49,108,switzerland
537685,123,7,2026-05-06 08:04:14,246.95,,Allemagne
538424,29,2,2026-05-07 17:33:21,223.36,68,GERMANY
538020,52,5,2026-07-13 22:53:09,190.79,83,United Kingdom
538073,8,11,2026-06-06 01:32:27,32.13,28,Italy
537919,80,2,2026-04-29 10:10:48,48.19,54,Netherlands
537627,30,19,2026-04-20 14:19:54,159.04,63,Germany
537919,82,18,2026-04-21 15:57:29,242.89,54,Netherlands
537360,17,15,2026-04-27 20:05:14,42.36,77,France
537662,27,19,2026-07-03 03:24:31,201.65,32,Switzerland
536687,73,7,2026-06-17 13:36:50,25.93,33,Portugal
537816,53,7,2026-06-10 09:36:42,213.07,124,PORTUGAL
537772,51,4,2026-07-07 00:29:03,159.17,9,United States
537879,118,10,2026-07-03 23:32:31,53.35,86,FRANCE
536367,24,7,2026-05-30 08:09:00,60.47,9,France
536714,33,10,2026-06-22 20:16:50,236.01,107,United States
538169,50,9,2026-04-20 19:16:56,4.84,24,Switzerland
C536558,103,-12,2026-07-03 14:09:26,168.41,23,Spain
537383,19,18,2026-06-09 02:13:05,77.4,36,United States
536649,110,7,2026-05-18 09:56:15,214.62,11,Allemagne
538372,7,15,2026-06-30 18:31:13,212.62,56,Netherlands
536829,9,5,2026-06-25 01:37:31,223.64,25,United States
538194,76,2,2026-06-05 18:16:05,8.56,21,Spain
537946,48,3,2026-05-27 06:08:03,124.28,103,Italy
536822,14,7,2026-06-27 21:14:50,130.52,25,Spain
537014,14,17,2026-05-25 14:18:14,147.65,73,Italie
538211,74,6,2026-06-28 00:29:54,133.89,124,Italy
537369,120,13,2026-04-27 22:41:27,39.26,45,France
537803,9,1,2026-04-28 05:02:52,131.69,126,Spain
536855,126,20,2026-05-15 21:23:41,104.76,90,Netherlands
537517,65,12,2026-06-24 13:45:11,-8.24,93,Spain
538070,102,5,2026-06-25 02:58:05,197.72,35,Spain
536725,32,10,2026-07-09 12:25:33,61.39,6,Switzerland
537389,84,10,2026-07-08 23:51:28,112.26,24,Belgium
537137,35,20,2026-05-11 03:10:09,170.84,80,Germany
536761,52,3,2026-04-29 22:23:49,216.49,110,France
538188,60,3,2026-05-22 07:18:52,0,103,United States
538179,125,17,2026-06-19 14:51:59,162.58,98,United Kingdom
537637,33,10,2026-05-03 22:13:47,119.31,58,Portugal
537008,15,13,2026-04-27 07:30:51,36.33,3,Italy
538290,25,10,2026-06-16 07:38:25,234.49,118,Italy
538204,121,5,2026-07-08 08:43:40,133.41,122,Belgium
537179,33,8,2026-07-05 18:08:40,36.41,76,Portugal
536502,13,10,2026-07-07 02:35:13,67.26,11,United States
536560,56,19,2026-05-03 04:00:07,69.46,118,switzerland
537739,129,6,2026-06-02 16:46:48,194.39,89,United Kingdom
537966,128,13,2026-05-04 13:48:29,143.51,94,Germany
537584,6,5,2026-07-11 20:29:14,228.64,,Allemagne
537936,116,18,2026-06-11 11:56:03,153.95,20,Germany
538005,27,11,2026-06-24 13:02:03,4.1,54,Belgium
537174,30,3,2026-05-19 22:35:41,200.88,12,USA
536862,2,9,2026-05-27 23:45:57,173.53,106,Spain
537797,109,1,2026-04-22 00:42:51,131.16,8,Italy
537973,93,3,2026-05-05 13:04:56,131.47,5,United States
537120,93,17,2026-05-17 07:20:30,238.61,13,Spain
536893,122,15,2026-06-23 23:51:42,169.3,126,United States
536528,20,4,2026-05-22 06:24:07,226.48,36,Belgium
537449,9,3,2026-05-06 10:22:38,51.09,118,Germany
536532,14,1,2026-06-15 00:42:13,161.92,58,Italy
537498,43,16,2026-05-16 18:30:57,198.96,57,Spain
537657,38,11,2026-05-17 15:44:44,41.34,106,Italy
537542,107,12,2026-06-13 12:42:38,130.65,65,Switzerland
538543,22,1,2026-06-01 16:47:42,137.37,11,Netherlands
536871,1,10,2026-06-16 17:19:48,70.62,44,Switzerland
538435,60,13,2026-06-09 17:05:52,115.51,,Switzerland
537087,31,15,2026-05-03 23:21:02,121.15,110,Belgium
537728,60,12,2026-04-29 09:52:25,109.95,103,Belgium
537380,120,10,2026-06-02 20:37:59,68.12,53,United States
537155,95,5,2026-06-17 00:56:33,235.36,2,Switzerland
536566,6,5,2026-04-17 18:26:46,182.76,87,Belgium
537150,13,19,2026-07-11 10:09:50,140.59,128,France
536648,81,4,2026-06-27 13:52:09,118.08,18,Germany
536767,38,9,2026-04-14 17:57:19,232.03,102,Netherlands
C537855,84,-17,2026-05-31 14:00:08,25.95,50,United Kingdom
537694,83,15,2026-06-23 20:57:26,125.49,57,Italy
538318,76,,2026-06-02 15:04:38,89.04,4,Netherlands
537049,2,16,2026-05-09 05:34:29,204.82,62,France
536688,64,4,2026-04-15 08:42:41,83.98,90,Spain
537338,47,1,2026-04-17 07:20:50,77.72,36,Germany
536814,65,12,2026-04-18 19:31:13,116.31,66,NETHERLANDS
537682,12,14,2026-05-04 06:44:38,66.6,112,Portugal
538536,53,20,2026-06-03 01:14:07,76.9,119,United Kingdom
536839,71,3,2026-06-23 12:18:50,249.71,15,Germany
537932,30,,2026-06-25 09:29:47,92.11,5,France
536908,90,3,2026-04-15 23:51:47,83.88,33,Portugal
537531,55,10,2026-06-18 06:06:27,160.57,116,netherlands
536643,35,12,2026-05-24 02:10:00,43.34,93,Switzerland
537182,19,16,2026-05-24 02:20:40,76.74,58,United Kingdom
537421,9730,10,2026-06-14 17:57:51,153.05,2,Belgium
536516,9910,20,2026-07-08 08:26:30,153.34,26,Germany
536630,94,2,2026-07-06 13:19:34,30.41,7,Netherlands
538274,97,4,2026-06-29 23:36:20,89.85,57,France
538104,115,11,2026-05-01 19:04:43,14.83,89,united states
536585,116,16,2026-05-03 17:31:04,8.62,114,Switzerland
536873,70,7,2026-05-30 11:53:24,46.75,64,Spain
538574,34,15,2026-05-10 10:09:53,185.24,128,ITALY
536439,89,17,2026-06-02 06:39:11,224.05,33,portugal
538257,80,12,2026-05-16 22:45:01,170.74,43,United States
537530,87,3,2026-04-21 18:52:34,227.7,33,Belgium
538335,55,16,2026-06-20 05:56:15,66.1,8,Spain
538063,98,14,2026-06-14 01:17:34,187.62,21,France
537620,56,4,2026-06-14 20:11:59,136.73,,U.S.A
537209,98,8,2026-04-22 03:14:50,82.31,63,Italy
537091,93,13,2026-05-21 03:44:27,97.09,119,Netherlands
536723,31,8,2026-06-09 07:50:17,55.8,43,United Kingdom
537201,61,1,2026-06-22 04:45:58,122.94,48,United Kingdom
538281,110,13,2026-05-03 07:17:11,26.72,14,France
536767,20,6,2026-06-26 04:10:10,111.12,102,Netherlands
536605,25,15,2026-05-25 16:14:50,46.51,119,Italy
536868,55,6,2026-06-20 17:38:17,236.54,101,belgium
538563,121,7,2026-04-17 12:42:58,176.86,65,Switzerland
537935,12,9,2026-05-16 13:07:58,226.95,35,France
537525,45,14,2026-04-24 20:18:59,10.1,66,Germany
538293,97,1,2026-06-11 23:06:30,78.61,111,Switzerland
538340,114,9,2026-05-06 16:16:09,85.41,30,Portugal
537444,100,6,2026-05-18 09:09:39,94.32,14,Switzerland
536839,61,5,2026-07-09 00:03:58,227.21,15,Germany
537996,65,13,2026-04-16 21:04:30,74.2,86,Netherlands
537312,94,12,2026-06-12 12:27:57,117.98,,Spain
537228,4,9,2026-06-18 14:04:29,117.76,5,Spain
537869,97,10,2026-05-14 01:06:47,161.97,61,Switzerland
538393,6,12,2026-05-24 09:53:05,115.84,31,Netherlands
536784,62,7,2026-05-30 15:42:40,249.26,11,Belgium
537913,109,17,2026-06-18 06:28:17,142.87,76,United States
538381,85,4,2026-06-30 18:55:49,104.82,88,United Kingdom
537145,44,1,2026-06-11 14:00:00,50.33,126,Suisse
537760,121,4,2026-06-18 07:50:37,207.5,63,Italy
536813,81,3,2026-04-14 04:16:04,44.16,62,United Kingdom
537182,8,9,2026-04-30 01:57:44,0,58,united kingdom
538105,9,8,2026-04-16 02:23:58,178.61,80,Belgium
538453,47,18,,178.29,6,Portugal
C537904,115,-7,2026-05-09 06:19:08,48.38,107,Spain
536657,70,3,2026-05-17 12:23:52,142.91,52,Netherlands
537846,107,15,2026-04-26 18:51:38,224.41,121,Switzerland
537942,110,4,2026-05-08 19:54:40,132.31,125,Spain
538475,52,1,2026-05-20 14:51:22,91.63,107,France
536441,19,2,2026-05-29 18:39:10,42.05,8,Netherlands
536382,44,3,2026-05-07 09:15:05,73.1,33,United States
538323,94,16,2026-05-10 06:42:24,128.25,26,Belgium
538089,114,18,2026-04-25 03:12:15,190.03,30,Belgique
536915,66,11,2026-05-06 16:37:35,202.33,104,Netherlands
538245,118,5,2026-05-13 04:31:36,98.56,67,Spain
537152,24,3,2026-06-30 08:51:57,6.22,26,France
537703,61,7,2026-04-29 17:31:13,103.97,73,France
536907,19,6,2026-06-23 04:19:27,163.02,39,Italy
536859,110,3,2026-04-18 13:14:04,57.9,50,Switzerland
538208,5,5,2026-07-10 05:49:55,54.5,79,Switzerland
538356,64,17,2026-05-18 14:34:23,73.08,47,Italy
536769,15,1,2026-06-09 07:05:53,206.51,76,Italy
537760,126,19,2026-07-12 09:37:27,248.41,63,Italy
537385,61,1,2026-06-03 12:00:18,38.36,23,Belgium
538115,64,20,2026-05-14 10:46:51,105.66,15,Pays-Bas
C538556,4,-6,2026-05-21 10:03:14,146.47,41,United Kingdom
537270,53,13,2026-06-07 12:20:45,190.11,122,Spain
537259,62,17,2026-04-18 11:59:53,229.86,118,U.S.A
537654,40,1,2026-07-13 00:25:06,213.47,85,United States
537826,105,17,2026-06-02 16:19:59,139.3,128,United States
538019,125,19,2026-05-09 15:05:43,155.67,89,France
537411,58,1,2026-06-06 20:59:13,245.83,11,Germany
537170,4,1,2026-06-05 11:24:16,101.25,125,Switzerland
538480,111,4,2026-05-26 02:06:05,30.34,21,SPAIN
538584,101,11,2026-05-14 08:15:19,238.57,45,Italy
537894,16,17,2026-06-19 05:04:26,80.72,26,United States
538327,27,18,2026-07-06 06:36:24,21.57,25,United States
538106,108,16,2026-06-17 19:00:38,149.24,80,Netherlands
538498,118,20,2026-06-27 10:53:51,196.57,117,France
536846,20,12,2026-05-10 03:21:43,164.37,32,Portugal
537237,112,5,2026-05-20 12:59:23,47.22,,Spain
537011,113,9,2026-05-14 00:51:37,123.23,125,United States
538243,97,13,2026-05-17 16:19:48,213.82,106,United States
537115,124,2,2026-06-25 21:50:41,107.35,55,France
C537612,96,-1,2026-05-24 05:48:54,122.35,124,Belgium
537423,33,3,2026-05-29 16:36:58,132.63,9,Italy
537494,82,13,2026-06-04 18:24:02,72.61,27,Spain
538329,19,1,2026-06-02 09:51:50,86.61,65,Portugal
538314,66,3,2026-05-26 22:43:46,114.18,21,United States
538154,82,19,2026-07-01 00:22:18,201.46,124,Portugal
536614,70,9,2026-07-02 12:48:41,201.17,11,Germany
536635,118,10,2026-05-26 13:31:30,143.11,114,FRANCE
537311,43,4,2026-06-16 10:09:38,8.59,85,Italie
537804,39,1,2026-05-19 14:43:50,157.61,100,germany
537754,70,11,2026-05-06 20:30:37,72.36,60,Netherlands
537863,62,5,2026-06-29 05:33:58,13.8,124,Netherlands
538548,94,10,2026-07-06 04:30:32,77.78,7,Germany
536621,79,4,2026-07-03 03:03:16,115.68,45,France
536386,60,13,2026-04-25 08:18:28,-8.74,71,Portugal
536415,84,13,2026-07-02 07:15:21,248.67,19,Germany
536643,50,6,2026-07-04 01:56:50,191.88,93,Switzerland
C536708,36,-13,2026-04-15 08:22:03,164.75,26,FRANCE
537011,36,10,2026-07-02 05:02:31,100.9,125,United States
537899,82,8,2026-06-07 19:02:15,80.18,9007,United States
538084,63,16,2026-05-12 08:59:01,227.72,119,PORTUGAL
536426,130,18,2026-04-23 21:14:59,209.27,76,Germany
537052,112,8,2026-05-13 05:09:50,175.82,40,Germany
537993,50,8,2026-04-20 21:54:12,69.73,106,Belgium
537167,3,6,2026-07-05 20:17:56,215.4,92,France
537156,117,10,2026-05-25 14:52:26,177.4,118,Netherlands
537036,118,13,2026-05-19 23:14:20,82.59,55,United Kingdom
538236,106,2,2026-07-10 18:25:13,111.42,95,United Kingdom
536792,128,20,2026-06-09 17:56:00,232.03,110,Portugal
536772,107,5,2026-05-04 05:27:10,3.3,32,France
537648,106,5,2026-04-14 16:57:00,211.81,34,Spain
537749,81,4,2026-05-08 20:15:47,55.26,50,Switzerland
537678,21,17,2026-05-21 01:23:14,182.63,63,Belgium
537695,97,2,2026-04-22 15:52:00,4.92,27,Germany
537450,22,1,2026-06-07 20:54:21,14.75,108,Netherlands
537790,20,7,2026-05-23 14:44:40,72.02,57,Switzerland
538280,40,16,2026-07-10 20:28:43,141.25,111,Spain
537143,13,15,2026-05-06 15:45:15,139.86,88,USA
537077,92,18,2026-05-04 14:32:55,170.11,93,United States
537899,107,5,2026-05-29 14:03:44,192.87,21,United States
538538,14,19,2026-05-06 06:20:13,38.45,91,Germany
538297,19,19,2026-04-29 01:59:49,21.75,35,Germany
538245,64,7,2026-06-30 02:48:32,65.98,67,SPAIN
538535,33,20,2026-06-25 10:02:47,68.13,69,Italy
537749,127,6,2026-06-08 21:18:29,38.11,50,SWITZERLAND
537574,109,6,2026-05-02 22:04:50,228.91,9068,Switzerland
538233,81,8,2026-05-11 22:35:01,48.39,1,Portugal
536668,33,16,2026-05-04 04:49:41,218.3,12,FRANCE
537148,109,19,2026-07-02 17:02:12,133.34,54,Portugal
538419,50,17,2026-07-01 09:50:15,41.58,121,Netherlands
537528,45,8,2026-06-17 23:10:44,29.45,38,Portugal
537047,109,9,2026-06-18 01:08:02,174.92,108,Switzerland
C537738,95,-12,2026-04-25 16:03:11,9.28,116,Netherlands
538219,107,4,2026-04-28 18:42:11,195.75,68,Portugal
537683,5,9,2026-05-12 15:32:33,238.77,26,U.K.
536928,91,13,2026-06-22 03:04:35,35.86,38,Italy
536960,42,13,2026-06-16 21:56:36,159.92,49,Germany
537497,120,16,2026-06-30 10:19:12,85.78,39,Portugal
537909,81,9,2026-07-02 23:54:46,10.68,104,Spain
537027,119,13,2026-05-04 05:15:08,196.58,48,Pays-Bas
537624,114,3,2026-06-17 02:09:15,168.51,105,United Kingdom
537194,105,7,2026-06-11 02:30:55,51.16,7,Portugal
536487,65,3,2026-05-27 12:43:21,94.85,9640,UK
538475,111,6,2026-04-27 14:29:52,231.99,107,France
537090,46,8,2026-06-19 14:15:12,224.11,65,Portugal
537094,74,9,2026-06-26 04:32:23,58.38,68,Belgium
538320,21,19,2026-04-22 21:30:18,167.69,11,United States
536489,77,5,2026-05-17 10:44:52,97.53,81,italy
537654,62,16,2026-04-25 01:56:02,176.77,85,United States
537642,111,10,2026-04-16 01:21:00,211.08,10,France
537990,113,15,2026-07-01 15:35:55,165.31,130,United Kingdom
536670,47,6,2026-05-22 16:04:57,188.23,112,germany
538076,18,8,2026-07-12 07:49:46,86.56,75,Portugal
538034,89,5,2026-05-10 01:39:01,128.51,113,belgium
537066,11,14,2026-06-26 08:27:27,214.14,83,United States
537546,70,3,2026-04-15 02:44:02,208.91,32,United Kingdom
538496,44,16,2026-06-15 23:16:26,180.06,66,United Kingdom
536517,41,3,2026-05-20 13:37:08,79.85,26,United States
538121,39,17,2026-04-26 00:12:59,63.61,128,Germany
538407,20,2,2026-04-30 20:03:39,240.69,9,United Kingdom
537570,12,19,2026-06-30 22:37:35,213.22,108,Netherlands
538083,96,4,2026-07-11 05:13:46,199.85,125,United Kingdom
538321,121,1,2026-05-31 01:16:03,42.56,22,Belgium
536828,83,4,2026-05-17 10:56:22,175.59,8,United Kingdom
538095,36,3,2026-05-02 02:46:32,42.71,111,SWITZERLAND
537570,54,,2026-06-01 20:08:40,156.63,108,Netherlands
536821,101,5,2026-06-01 06:21:09,102.53,76,France
537016,17,8,2026-05-11 17:04:07,118.67,66,U.S.A
536619,22,15,2026-04-28 01:06:17,184.63,92,Netherlands
538445,23,1,2026-04-25 22:35:18,31.57,127,Portugal
537261,111,9,2026-06-09 14:23:26,243.0,55,Italy
538089,72,8,2026-06-24 05:51:25,85.73,30,Belgium
537444,92,8,2026-05-27 03:00:37,111.0,14,Switzerland
538244,55,9,2026-06-18 07:53:16,141.01,74,Germany
537940,98,1,2026-05-21 17:15:45,4.71,30,Italy
538512,104,13,2026-04-25 00:32:58,162.18,100,Belgium
538226,87,20,2026-05-12 05:56:40,89.88,44,France
536437,31,9,2026-05-20 10:22:02,194.42,81,Spain
536873,72,5,2026-04-17 20:05:07,142.56,64,Spain
537755,114,7,2026-07-13 12:04:30,99.47,106,United Kingdom
536669,9266,7,2026-04-16 09:17:02,39.71,68,Portugal
537044,17,19,2026-07-05 05:13:08,115.24,63,Netherlands
538460,64,20,2026-06-05 04:26:05,113.89,60,Spain
538069,43,11,2026-06-19 22:42:45,241.32,43,Spain
537386,73,10,2026-06-02 08:58:14,231.66,111,France
536788,38,11,2026-06-30 20:34:16,167.02,122,PORTUGAL
C538359,33,-18,2026-05-11 04:19:46,7.06,111,Germany
536976,100,11,2026-05-14 14:54:19,116.1,56,Portugal
536612,38,20,2026-05-28 07:50:16,233.68,88,Germany
537003,112,19,2026-06-17 18:17:54,215.64,32,Allemagne
536550,71,9,2026-05-17 16:03:42,145.92,95,United States
537499,75,5,2026-05-27 18:04:25,81.8,31,Portugal
538383,118,17,2026-05-25 10:06:28,76.63,80,Portugal
538424,115,14,2026-05-07 20:34:56,224.4,68,Germany
538368,101,14,2026-05-17 08:46:13,0,102,Switzerland
538389,79,5,2026-05-05 12:57:50,166.56,43,Germany
537562,84,1,2026-06-09 01:07:55,221.09,112,SWITZERLAND
C537764,16,-17,2026-05-06 02:39:33,158.98,63,Netherlands
538379,105,10,2026-05-06 16:31:40,126.44,6,Switzerland
536888,119,6,2026-05-25 12:58:23,171.79,103,Portugal
537154,111,12,2026-05-30 07:49:26,115.27,104,UK
537453,98,2,2026-05-23 06:24:36,22.72,26,United States
536514,59,18,2026-07-05 20:25:04,18.06,16,United Kingdom
538122,112,3,2026-05-28 15:53:38,148.3,91,France
536552,42,14,2026-06-21 17:16:09,8.54,54,Switzerland
C536929,58,-15,2026-04-20 03:38:43,163.03,,United States
537087,44,6,2026-06-24 05:09:58,58.31,110,Belgium
536568,3,16,2026-06-21 01:42:17,236.9,,France
536596,9786,15,2026-06-18 15:09:38,188.09,73,Switzerland
537873,8,16,2026-06-15 22:01:32,114.05,79,Belgium
538003,29,6,,17.84,59,United Kingdom
536885,112,9,2026-06-24 08:55:48,187.48,122,United States
538102,76,12,2026-04-22 17:08:00,217.28,34,Switzerland
538540,130,7,2026-04-15 13:28:27,174.47,115,United Kingdom
537422,114,8,2026-07-04 10:53:15,185.71,126,Italy
538264,103,5,2026-06-18 22:46:29,186.36,49,Switzerland
537294,4,3,2026-05-24 20:20:35,92.67,49,Spain
538405,54,4,2026-05-01 12:43:45,195.98,126,Spain
536739,17,11,2026-04-15 02:00:47,96.12,32,United Kingdom
536818,111,,2026-05-26 16:42:53,229.81,129,Portugal
538387,3,12,2026-05-31 13:02:52,146.16,108,Spain
537265,68,11,2026-06-19 09:53:23,203.29,21,Netherlands
536758,51,16,2026-06-10 13:19:33,240.05,9,United Kingdom
537611,20,9,2026-07-05 11:27:47,166.48,72,Netherlands
537856,32,18,2026-05-14 11:38:18,47.97,86,United States
538322,32,3,2026-06-22 12:14:35,29.84,37,Belgique
536382,24,8,2026-06-27 01:35:12,169.18,33,United States
537673,21,8,2026-05-07 23:43:37,70.55,123,Netherlands
536796,98,1,2026-07-10 12:00:33,186.36,31,Switzerland
537845,115,5,2026-05-20 06:13:10,213.33,77,Netherlands
537342,88,2,2026-05-19 02:03:54,240.83,107,Belgium
538550,14,5,2026-05-14 12:38:58,88.07,117,Italy
537424,69,12,2026-04-29 14:15:49,108.31,83,France
538560,10,15,2026-04-21 23:17:02,138.16,70,Switzerland
537039,80,18,2026-06-25 18:34:47,189.45,6,France
537700,58,16,2026-06-25 10:36:11,84.48,85,Switzerland
537304,54,10,2026-05-16 20:52:24,16.25,114,Portugal
537148,129,17,2026-06-29 12:46:53,166.28,54,PORTUGAL
537246,35,19,2026-06-10 16:02:58,215.83,114,Spain
537958,25,18,2026-07-05 03:15:02,45.95,120,Netherlands
536396,51,14,2026-05-26 08:07:06,31.35,60,Spain
538131,41,17,2026-05-23 02:48:51,48.92,87,United States
537617,89,4,2026-06-08 04:21:28,9.42,60,Portugal
536882,115,11,2026-07-03 00:26:17,76.53,13,Switzerland
537526,37,5,2026-06-26 23:21:39,228.85,16,Spain
537455,95,16,2026-06-15 09:54:08,97.0,122,Portugal
536679,26,14,2026-07-12 04:36:43,235.93,100,Belgium
536448,58,10,2026-05-08 16:46:29,193.48,97,Italy
536397,74,13,2026-05-18 19:17:19,203.95,72,United Kingdom
536873,68,3,2026-07-06 22:21:08,124.0,64,Spain
537052,9179,16,2026-06-28 17:31:59,96.39,40,Germany
536973,102,,2026-06-23 13:57:54,129.03,107,Belgium
538371,95,,2026-06-20 22:12:47,189.82,16,Italy
537726,97,2,2026-04-15 07:05:33,35.44,60,Germany
537881,96,15,2026-05-19 23:49:23,161.98,98,switzerland
536436,116,12,2026-06-13 22:17:35,94.89,71,France
536515,18,3,2026-06-17 09:29:49,98.86,38,Germany
536581,9,10,2026-07-07 22:36:46,150.15,111,Italy
538313,113,10,2026-04-28 16:07:13,30.75,108,France
537680,62,15,2026-05-31 11:20:46,147.04,49,Italy
537782,60,18,2026-06-17 10:55:45,111.8,9789,United States
537907,22,18,2026-06-18 20:47:27,242.83,128,Portugal
536456,107,15,2026-04-20 13:11:31,142.29,121,Portugal
C536519,71,-14,2026-06-13 01:25:36,224.18,45,Suisse
537232,50,7,2026-06-18 22:33:08,181.79,87,Germany
538247,51,4,2026-07-01 21:44:29,125.7,65,United States
538406,99,6,2026-04-23 07:00:21,203.31,45,United States
536641,97,3,2026-06-18 08:10:05,4.63,107,Netherlands
536676,44,16,2026-05-20 15:44:54,116.66,77,Italy
538151,52,14,2026-07-08 15:01:01,123.78,50,Germany
538208,64,3,2026-06-30 17:10:07,247.76,79,Switzerland
538137,63,11,2026-06-06 11:07:12,74.78,56,FRANCE
537788,56,12,2026-05-10 11:25:29,35.36,57,United States
538112,95,13,2026-06-03 14:27:47,107.53,47,Portugal
538288,113,,2026-05-05 05:48:24,145.41,124,Suisse
537409,87,17,2026-05-23 13:23:40,197.36,83,Italy
538439,80,3,2026-05-09 10:49:19,147.5,10,Italy
537228,129,17,2026-06-14 01:17:56,126.28,5,Spain
536418,2,6,2026-06-11 18:28:03,217.86,69,France
537216,121,1,2026-06-21 15:15:18,140.18,92,Portugal
538198,127,20,2026-06-19 12:12:30,204.8,47,Spain
538425,105,3,2026-07-01 17:23:26,75.85,58,United Kingdom
C537429,8,-5,2026-06-29 11:38:28,107.91,33,portugal
537774,41,14,2026-06-28 18:11:21,74.47,37,Germany
538468,47,3,2026-05-18 07:28:10,140.67,123,GERMANY
536828,52,6,2026-05-26 18:38:28,110.21,8,United Kingdom
537248,70,18,2026-04-21 22:13:37,208.89,88,United States
536518,105,17,2026-04-21 03:43:49,7.95,102,Germany
C538187,76,-4,2026-06-29 11:56:02,82.32,46,switzerland
537723,89,5,2026-06-07 12:42:48,156.51,27,Pays-Bas
536459,35,12,2026-06-24 11:37:53,32.3,108,Italie
537151,36,7,2026-06-30 03:16:50,80.77,24,Spain
537323,119,16,2026-06-17 19:13:07,178.54,116,Belgium
538073,125,6,2026-05-01 16:39:12,28.88,28,Italy
538415,40,18,2026-06-07 11:16:11,101.28,35,United Kingdom
537464,78,3,2026-05-24 09:54:54,154.48,85,USA
537651,53,14,2026-04-20 17:33:46,116.98,50,Netherlands
537200,65,5,2026-04-24 16:03:21,88.49,40,UK
538529,28,13,2026-05-05 01:10:09,222.55,116,United Kingdom
536540,51,7,2026-05-16 17:11:59,75.66,100,United States
537660,39,9,2026-06-06 16:55:54,135.56,41,spain
536728,40,16,2026-05-11 23:36:02,7.89,52,Spain
536996,38,2,2026-04-26 02:55:14,94.27,58,United Kingdom
537800,114,14,2026-05-20 18:10:01,47.25,11,NETHERLANDS
536920,117,5,2026-05-05 04:29:08,20.39,32,SWITZERLAND
537189,129,13,2026-06-08 08:05:38,240.68,103,Switzerland
536530,43,4,2026-04-20 17:30:36,35.73,69,Germany
538563,20,5,2026-05-16 17:31:03,9.7,65,Switzerland
536712,104,19,2026-05-03 15:51:48,190.18,21,Spain
538330,107,4,2026-07-07 20:25:25,215.37,39,United States
537259,122,17,2026-04-17 01:07:29,135.13,118,United States
537864,87,5,2026-05-16 07:08:41,106.98,92,Italy
536610,108,12,2026-07-04 07:21:06,240.26,20,Portugal
537616,7,18,2026-05-08 19:51:14,177.84,44,Belgium
538180,24,7,2026-05-10 14:05:29,71.98,30,Spain
538128,72,8,2026-05-13 20:11:39,111.33,123,Netherlands
537194,9025,11,2026-05-05 23:38:31,163.32,7,Portugal
536551,31,8,2026-05-03 02:05:01,105.41,20,Portugal
536627,100,12,2026-05-07 07:08:12,36.69,117,United Kingdom
536575,124,10,2026-04-28 06:27:17,52.08,32,spain
538418,61,13,2026-06-06 14:52:28,16.52,71,Belgium
537090,51,,2026-06-24 00:38:58,192.97,65,Portugal
538502,97,16,2026-06-26 20:00:56,102.77,9808,Germany
536593,41,13,2026-07-01 00:34:02,138.94,35,Belgium
536382,108,13,2026-06-07 02:12:32,170.3,33,united states
537513,8,3,2026-07-13 15:09:08,229.86,7,ITALY
537448,21,4,2026-06-16 19:10:25,47.84,77,Netherlands
537943,28,20,2026-04-26 00:25:36,127.27,17,Spain
537219,125,15,2026-06-15 09:06:24,222.65,102,Portugal
538565,79,10,2026-07-05 04:43:20,131.21,125,Switzerland
536549,36,15,2026-05-10 21:24:38,42.33,121,United Kingdom
537804,39,8,2026-04-26 22:19:53,39.91,100,Germany
538221,27,2,2026-05-06 17:42:54,80.28,30,Spain
536540,114,8,2026-04-24 23:45:37,228.14,100,United States
537304,41,19,2026-05-18 14:53:29,17.84,,Portugal
537868,44,18,2026-05-25 11:44:18,224.94,14,france
537476,72,16,2026-05-31 09:38:36,18.81,88,Belgium
538563,32,1,2026-06-10 00:42:14,5.66,65,Switzerland
538264,112,7,2026-06-30 23:59:09,99.03,49,SWITZERLAND
536896,123,15,2026-06-16 11:34:04,27.27,26,Italy
536828,52,7,2026-04-23 19:26:05,65.37,8,United Kingdom
536623,55,2,2026-05-17 17:49:34,149.49,103,Italy
536368,32,13,2026-06-09 20:52:33,22.46,118,Portugal
537656,21,10,2026-04-30 19:49:24,58.18,35,Spain
537811,76,10,2026-07-10 20:39:24,151.14,8,Germany
538013,13,6,2026-05-18 01:12:14,171.99,60,France
538336,127,1,2026-05-24 10:05:48,196.7,96,Netherlands
536873,116,6,2026-06-20 22:00:42,12.07,64,Espagne
538212,112,15,2026-05-30 18:54:24,43.94,79,Portugal
536377,26,3,2026-05-27 22:19:17,135.8,77,Netherlands
537928,32,1,2026-06-06 18:43:03,89.5,130,germany
536701,86,9,2026-07-03 14:09:47,64.05,17,Germany
537860,36,2,2026-05-16 04:30:51,64.64,26,Italy
538473,27,4,2026-07-12 03:44:32,32.57,9,united states
537785,2,17,2026-04-25 15:53:59,137.84,43,Spain
537071,115,7,2026-05-07 18:08:39,87.62,37,Switzerland
537226,100,9,2026-06-04 05:07:52,64.69,75,France
537941,9510,1,2026-05-25 02:07:43,184.88,53,Frnace
537518,127,7,2026-07-02 05:56:33,110.24,51,Spain
538177,62,3,2026-04-17 01:08:47,167.44,9,Allemagne
537218,118,10,2026-06-29 09:11:45,48.23,50,Spain
538278,31,8,2026-05-04 00:49:47,114.0,17,Spain
537376,10,20,2026-06-04 13:58:49,204.04,106,Italy
538164,65,2,2026-04-16 02:04:06,85.61,82,Netherlands
538096,58,3,2026-05-13 05:02:53,181.83,83,Switzerland
537769,54,13,2026-04-23 09:21:23,181.66,123,Italy
537606,117,5,2026-07-04 12:36:04,35.81,126,France
538155,34,5,2026-04-23 15:17:40,233.48,108,United Kingdom
538184,53,16,2026-05-27 04:35:58,155.64,27,United States
536666,73,7,2026-06-13 17:30:15,106.33,127,Germany
536731,49,14,2026-06-02 00:57:29,43.96,38,Spain
538263,52,5,2026-04-29 00:11:29,108.57,,Spain
537588,21,19,2026-04-21 13:27:29,155.0,,Netherlands
537351,99,1,2026-07-10 18:25:57,74.64,18,Italy
537280,62,18,2026-04-16 00:24:57,161.88,35,France
537176,96,11,2026-07-05 18:56:04,138.91,2,Italy
536868,114,16,2026-04-30 05:46:43,174.69,101,Belgium
536924,113,15,2026-05-04 19:02:45,144.62,26,Switzerland
538074,101,13,2026-05-29 22:54:33,183.21,72,Switzerland
537141,100,2,2026-05-29 07:10:23,4.51,110,Netherlands
538215,104,2,2026-06-02 23:25:15,45.25,12,Germany
537078,81,19,2026-05-27 10:35:07,86.2,49,Portugal
536934,65,16,2026-04-27 23:11:08,25.41,36,Italy
536675,109,14,2026-05-02 11:12:01,26.34,76,Switzerland
538560,96,10,2026-04-15 11:10:50,32.5,70,Switzerland
536755,124,10,2026-05-28 06:49:15,68.39,75,Spain
537673,78,14,2026-06-22 17:37:12,174.53,123,Netherlands
537674,49,12,2026-06-08 10:14:23,188.28,100,Netherlands
536827,104,3,2026-04-27 08:01:48,14.1,67,UK
538505,31,4,2026-05-06 06:40:55,18.74,102,France
538469,45,3,2026-05-10 12:26:15,11.17,110,Switzerland
537202,103,2,2026-06-28 17:51:04,128.65,99,United Kingdom
537049,122,9,2026-06-14 10:11:08,136.65,62,France
537694,79,11,2026-06-15 16:26:14,118.53,57,Italie
538454,65,12,2026-05-16 08:46:29,70.52,11,Spain
538360,7,11,2026-07-09 20:18:47,171.3,91,France
538146,120,8,2026-06-02 07:46:02,164.05,116,Germany
537127,130,19,2026-06-02 17:22:42,113.8,44,Germany
537349,120,6,2026-06-01 09:33:22,51.87,11,Spain
537271,64,3,2026-06-11 17:10:09,163.71,103,Suisse
536900,47,7,2026-07-04 12:23:06,195.36,88,Portugal
537064,27,3,2026-05-11 04:01:05,26.36,66,Switzerland
538357,5,12,2026-07-10 22:53:17,175.6,66,France
536595,38,2,2026-05-18 23:19:21,164.36,13,United Kingdom
537877,109,6,2026-07-02 21:33:49,16.16,85,United Kingdom
536716,18,13,2026-06-06 10:49:02,238.91,108,netherlands
536429,121,15,2026-05-21 17:59:05,154.99,38,United Kingdom
538065,90,2,2026-05-17 11:29:57,219.09,20,BELGIUM
536436,20,13,2026-06-24 02:17:03,92.74,71,france
538087,18,11,2026-07-01 05:56:37,129.04,60,SWITZERLAND
538454,58,8,2026-07-08 23:29:00,232.69,11,Spain
536797,73,9,2026-07-13 15:46:51,223.97,97,Spain
536508,46,11,2026-06-08 05:19:18,17.71,34,Italy
537892,29,10,2026-05-11 18:11:04,30.21,70,Portugal
537000,126,20,2026-06-12 11:48:38,29.7,1,Germany
537844,91,20,2026-06-23 16:49:27,175.35,11,United States
537162,55,3,2026-05-08 20:33:30,11.77,23,Portugal
537077,98,19,,96.44,93,United States
537983,60,11,2026-04-20 09:24:04,83.94,115,France
537379,114,18,2026-06-13 20:04:08,136.5,39,United Kingdom
537040,93,13,2026-06-16 19:16:26,136.87,77,Portugal
538239,84,1,2026-06-12 18:25:10,153.81,115,Switzerland
538177,82,2,2026-04-17 11:54:12,65.77,9,Germany
537759,11,9,2026-06-18 04:20:46,218.87,55,Portugal
538172,112,5,2026-05-31 23:21:13,70.86,18,Germany
537077,112,11,2026-06-10 19:20:44,10.4,93,USA
538383,31,6,2026-06-23 09:35:07,115.67,80,Portugal
537554,17,7,2026-06-12 22:08:44,118.46,73,Germany
536658,107,13,2026-05-01 19:43:42,65.06,81,United States
537040,25,19,2026-05-08 16:06:21,3.99,77,Portugal
C537854,35,-1,2026-05-11 01:44:09,137.29,61,Portugal
537629,103,14,2026-07-11 17:45:02,230.86,84,PORTUGAL
538095,25,14,2026-05-08 04:10:02,176.31,111,Switzerland
538144,94,2,2026-05-08 05:37:05,27.98,105,Portugal
538571,33,4,2026-07-08 13:35:32,113.6,84,France
538433,45,16,2026-07-13 02:38:53,62.98,35,U.K.
537372,58,3,2026-07-13 08:57:26,165.19,2,Spain
537250,9,1,2026-05-06 08:02:25,30.91,92,United States
538170,30,4,2026-07-02 01:51:34,169.01,104,Germany
537479,73,17,2026-04-27 06:22:36,93.81,16,United Kingdom
538255,73,16,2026-06-29 18:59:31,222.52,63,Spain
536759,88,14,2026-07-08 02:58:41,244.18,61,France
538190,70,15,2026-06-27 22:10:35,243.52,101,United Kingdom
538203,56,16,2026-06-29 23:04:51,66.81,5,GERMANY
538558,14,11,2026-07-06 02:33:24,168.35,87,United Kingdom
536696,73,2,2026-04-20 14:29:40,0,33,Spain
536859,73,18,2026-05-13 15:00:04,128.13,50,Switzerland
538176,97,2,2026-04-17 23:50:50,30.53,12,netherlands
537467,92,8,2026-04-14 21:08:51,159.85,15,United Kingdom
538578,9,1,2026-04-19 20:54:55,154.39,56,United Kingdom
538490,110,2,2026-04-28 03:16:24,185.9,7,United Kingdom
537599,14,2,2026-07-12 07:49:09,30.12,45,united kingdom
536762,13,6,2026-05-19 05:25:01,13.1,29,Spain
538339,80,20,2026-05-01 01:17:58,176.99,107,Frnace
537862,90,20,2026-06-12 01:18:42,156.25,126,France
536854,57,7,2026-06-16 02:42:22,68.53,82,United States
537733,108,10,2026-04-14 05:18:07,101.73,93,Switzerland
538122,4,11,2026-05-30 18:50:40,133.86,91,France
537559,73,20,2026-07-08 04:30:25,162.33,55,Spain
537470,36,20,2026-05-23 20:31:07,110.47,22,Italy
536744,46,2,2026-06-19 02:04:17,31.98,92,Netherlands
536949,103,5,2026-07-12 07:15:52,210.51,37,France
536818,40,3,2026-05-02 19:16:55,179.16,129,Portugal
537166,81,9,2026-07-05 04:21:00,175.56,27,United States
536617,85,13,2026-07-10 05:34:59,144.94,5,Netherlands
537436,54,9,2026-05-23 07:45:23,195.53,88,GERMANY
537857,100,3,2026-04-17 15:59:45,53.33,35,Spain
538471,7,13,2026-07-04 04:53:16,205.71,80,Spain
538276,104,17,2026-04-19 07:08:03,185.98,119,Spain
C537982,72,-3,2026-07-12 05:10:01,17.98,20,Switzerland
536925,84,15,2026-05-22 02:49:28,175.68,115,France
536634,6,10,2026-06-01 20:42:42,105.88,71,Germany
538057,25,17,2026-07-10 19:55:59,92.05,40,United Kingdom
537460,40,10,2026-04-25 02:35:25,6.25,16,Spain
537478,23,11,2026-06-14 17:33:29,120.77,74,United States
537166,100,4,2026-04-30 16:44:42,151.45,27,United States
537328,102,11,2026-05-11 02:57:40,67.25,114,Belgium
538490,20,3,2026-05-03 14:57:21,55.29,7,United Kingdom
537075,6,18,2026-06-26 02:21:26,119.83,105,Switzerland
538092,65,8,2026-05-12 20:23:36,113.52,11,Portugal
536973,40,5,2026-05-11 22:55:54,126.64,107,Belgium
538355,93,10,2026-07-11 10:11:12,109.08,105,Italy
537559,112,14,2026-04-17 10:34:25,114.14,55,Spain
537866,9,10,2026-06-04 23:17:10,20.0,76,United States
537113,73,1,2026-04-30 05:33:17,198.09,55,France
538315,98,10,2026-05-25 04:20:14,98.46,42,Switzerland
538575,56,16,2026-05-19 07:22:15,15.18,124,Italy
538391,93,12,2026-06-27 20:11:05,212.75,59,United States
537131,91,14,2026-06-07 15:40:47,13.87,109,germany
537761,78,6,2026-07-02 12:24:56,183.67,72,Germany
538292,53,9,2026-06-24 19:52:25,193.59,39,united states
C537059,11,-16,2026-05-04 06:57:48,16.1,13,France
537346,88,4,2026-07-11 06:22:34,129.36,122,Italy
536645,57,5,2026-06-12 23:57:30,214.63,30,Belgium
537537,61,15,2026-05-14 19:24:58,113.2,89,Italy
538050,77,17,2026-05-20 23:02:20,134.37,59,NETHERLANDS
538578,44,10,2026-05-09 04:20:31,65.86,56,United Kingdom
536954,6,16,2026-06-28 23:38:55,236.81,47,Netherlands
536463,53,12,2026-06-26 07:40:30,80.29,121,Italy
537865,59,8,2026-07-07 20:31:41,7.12,1,ITALY
538484,52,17,2026-04-19 02:20:51,169.46,15,Italy
536532,72,2,2026-05-20 06:25:32,128.21,58,Italy
537768,119,9,2026-06-09 01:33:24,194.56,58,France
537801,76,13,2026-06-21 20:06:15,222.86,22,Switzerland
538343,42,18,2026-05-30 08:59:34,177.1,31,united kingdom
537092,101,7,2026-05-06 21:56:10,37.67,88,ITALY
537898,118,18,2026-04-19 15:59:03,163.77,44,Portugal
538577,117,4,2026-04-30 21:12:16,192.86,35,France
537391,42,1,2026-05-14 17:44:28,152.06,123,Netherlands
538355,106,15,2026-06-22 05:18:16,169.83,105,Italy
537797,27,18,2026-06-06 23:23:08,192.86,8,Italy
538035,118,16,,208.91,66,Italie
538221,57,14,2026-06-14 18:25:26,91.91,30,Spain
536401,73,10,2026-04-28 19:02:12,209.86,69,France
537856,100,13,2026-06-16 01:33:59,106.32,86,United States
536439,47,5,2026-04-30 13:55:48,109.86,33,Portugal
537253,8,9,2026-05-29 23:48:53,126.23,76,Netherlands
537705,24,5,2026-05-10 21:35:29,120.97,71,Netherlands
536762,55,10,2026-06-30 13:22:25,119.6,29,Spain
537401,130,14,2026-05-01 05:00:34,11.49,66,Switzerland
538328,127,10,2026-05-14 23:40:26,150.67,129,Spain
538147,130,16,2026-04-22 03:38:11,207.64,37,Switzerland
537430,33,5,2026-06-08 13:31:21,170.97,99,united kingdom
538395,74,16,2026-06-24 23:37:45,170.56,4,France
537289,34,3,2026-07-08 07:04:54,110.98,80,Netherlands
537353,6,13,2026-05-11 12:59:50,119.34,113,United States
537277,70,2,2026-05-30 02:06:52,53.16,72,Switzerland
538503,97,16,2026-05-12 20:13:28,148.79,48,Germany
537726,46,16,2026-06-10 15:07:48,19.65,60,Germany
538010,71,19,2026-07-11 02:50:29,172.36,84,U.K.
536438,95,15,2026-06-09 07:22:35,201.5,75,Spain
536892,63,16,2026-04-26 12:14:38,54.89,68,Switzerland
537388,36,10,2026-05-23 18:07:35,136.81,,Belgium
537806,110,17,2026-06-30 08:42:25,39.38,20,Spain
537062,59,12,2026-05-17 16:10:11,86.96,22,Netherlands
538468,24,,2026-05-30 16:56:57,242.08,123,Germany
538321,50,10,2026-04-30 17:34:12,21.54,22,Belgium
538519,102,10,2026-04-26 00:10:37,226.97,102,Italy
536469,60,3,2026-07-06 22:45:08,87.13,122,Spain
536515,50,5,2026-06-04 22:57:59,13.54,38,Germany
537811,92,18,2026-06-27 22:14:06,180.08,8,Germany
536812,48,17,2026-07-07 21:50:56,227.22,44,United States
538211,122,5,2026-07-10 12:19:52,171.89,124,Italy
537552,44,10,2026-07-04 09:35:49,190.91,75,Spain
536389,30,,2026-05-08 04:00:39,241.29,43,Switzerland
537675,39,12,2026-06-27 00:56:49,82.57,125,France
537528,22,2,2026-06-19 11:33:53,172.36,38,PORTUGAL
538120,46,20,2026-04-25 05:03:26,232.31,94,Italy
537578,51,18,2026-06-24 13:41:30,19.06,11,France
536771,12,5,2026-05-13 03:44:13,64.34,26,Belgium
536743,38,13,2026-05-23 03:43:09,237.75,54,United States
538433,66,20,2026-04-14 07:14:36,40.06,35,United Kingdom
537593,112,2,2026-06-14 20:54:31,238.86,40,United Kingdom
537082,50,7,2026-05-23 13:56:07,53.06,68,Germany
537012,111,3,2026-06-28 23:12:19,150.76,34,Belgium
537462,50,11,2026-05-15 07:22:43,241.89,8,italy
538280,73,20,2026-07-11 22:20:13,67.64,111,Spain
538210,99,14,2026-07-11 16:17:17,170.95,16,Italy
538091,18,6,2026-06-22 05:59:17,115.22,86,United States
538317,87,7,2026-06-26 19:46:29,6.73,10,Italy
537370,8,19,2026-04-24 04:44:38,233.32,19,U.S.A
537433,102,12,2026-06-04 20:40:37,110.27,7,Switzerland
537347,44,8,2026-06-20 08:00:51,69.36,49,United Kingdom
537607,28,7,2026-06-09 02:17:17,154.19,60,Italy
538193,101,16,2026-06-13 05:13:52,200.33,84,Belgium
536605,38,5,2026-07-12 12:02:18,114.88,119,Italy
536902,20,8,2026-07-10 11:29:27,42.62,66,Spain
536396,74,15,2026-05-24 04:32:54,33.72,60,Spain
536661,95,10,2026-06-29 14:18:59,8.21,56,United Kingdom
537866,38,4,2026-05-08 00:47:54,177.45,76,United States
538246,21,11,2026-06-16 18:41:42,197.27,55,Netherlands
537814,119,10,2026-07-04 08:54:23,116.58,4,Spain
536840,69,9,2026-06-04 14:53:26,196.26,71,Italy
537988,85,3,2026-07-13 04:37:42,233.2,128,Belgium
536576,76,18,2026-05-16 18:29:42,175.17,60,Italy
537313,101,19,2026-04-18 09:33:12,12.4,42,Allemagne
536401,98,13,2026-05-31 13:43:48,247.14,69,France
536714,36,5,2026-05-15 06:54:38,244.38,107,U.S.A
536373,1,20,2026-05-10 07:18:58,83.07,130,Switzerland
536712,77,10,2026-06-09 18:46:03,206.11,21,Spain
536809,68,4,2026-05-17 15:50:04,231.95,27,United Kingdom
537978,9,9,2026-04-30 03:23:21,16.15,15,Portugal
538342,125,20,2026-07-09 17:52:08,92.23,51,Netherlands
536651,17,12,2026-04-19 14:10:38,243.88,27,United Kingdom
538571,66,19,2026-06-22 18:55:16,3.47,84,France
537547,82,8,2026-05-07 01:20:33,26.17,67,Italy
537417,93,11,2026-06-23 19:29:51,142.09,50,France
537562,59,16,2026-05-19 23:22:00,87.76,112,Switzerland
537036,49,20,2026-05-16 06:56:14,160.46,55,United Kingdom
537113,76,19,2026-06-09 11:00:18,50.53,55,France
537847,32,5,2026-07-01 10:40:39,228.08,116,Belgique
537464,74,5,2026-05-15 14:45:24,139.0,85,United States
537914,22,9,2026-05-26 13:48:12,230.81,50,France
536627,72,5,2026-06-12 02:58:56,30.44,117,United Kingdom
536886,4,11,2026-05-23 09:51:00,87.13,118,Switzerland
536773,95,9,31/02/2026,203.25,29,Netherlands
537245,25,5,2026-06-19 06:13:30,82.95,91,Switzerland
536924,117,9,2026-05-23 21:04:54,91.57,26,Switzerland
536860,95,16,2026-06-14 12:12:22,142.1,28,Netherlands
537355,41,16,2026-04-20 00:43:09,32.64,21,Switzerland
536678,69,14,2026-06-11 02:50:10,222.62,125,United States
538170,119,1,2026-06-02 05:38:42,98.58,104,Germany
537898,11,9,2026-06-08 10:20:07,47.62,44,portugal
536943,3,14,2026-06-03 13:42:28,206.42,70,Belgium
536687,32,15,2026-06-15 04:21:14,76.6,33,Portugal
537049,116,18,2026-05-19 15:53:35,174.9,62,France
536751,104,16,2026-04-20 11:31:31,149.3,90,Switzerland
538424,10,8,2026-07-12 15:17:15,52.49,68,germany
536372,69,11,2026-05-10 14:28:37,30.55,103,Italy
537133,9446,18,2026-04-14 03:09:51,175.08,33,France
538329,63,15,2026-06-03 21:09:11,153.57,65,Portugal
537820,127,16,2026-05-07 19:45:38,123.56,119,Belgium
537167,73,2,2026-06-30 07:12:51,239.1,92,France
538582,69,12,2026-04-28 09:25:36,127.22,122,USA
537475,6,6,2026-05-16 02:41:27,178.06,1,France
538003,18,10,2026-05-26 13:59:21,23.94,59,UK
537138,78,5,2026-07-02 04:45:24,76.78,64,BELGIUM
536486,24,15,2026-05-20 08:07:08,159.81,72,Italy
537609,68,3,2026-05-23 20:20:46,37.95,45,Italy
537864,6,14,2026-05-12 03:46:05,191.42,92,Italy
536969,115,13,2026-07-09 02:37:04,140.15,52,United States
538241,125,7,2026-06-30 02:46:23,133.89,40,belgium
538321,110,8,2026-06-17 23:59:27,112.03,22,Belgium
537125,13,16,2026-04-16 15:21:39,121.53,75,Germany
538313,113,10,2026-04-28 16:07:13,30.75,108,France
536688,73,19,2026-05-19 05:09:24,169.09,90,Spain
538223,124,16,2026-06-03 21:43:11,200.39,2,France
537925,67,9,2026-04-30 22:43:15,234.64,60,Switzerland
537593,57,15,2026-05-18 04:28:42,187.69,40,United Kingdom
538343,115,13,2026-04-21 13:54:33,144.14,31,UK
536560,88,3,2026-07-01 02:54:52,139.97,118,Switzerland
538055,69,5,2026-05-28 03:41:00,117.6,52,United Kingdom
538472,21,14,2026-07-10 21:39:42,141.03,35,Germany
536720,88,13,2026-06-11 09:32:46,214.38,,Belgium
538106,14,5,2026-07-01 00:59:44,247.72,80,NETHERLANDS
538525,43,11,2026-05-03 03:34:02,77.77,63,Portugal
537002,29,11,2026-04-24 19:49:04,244.28,16,France
538027,1,10,2026-06-04 10:58:34,220.33,80,Germany
536720,36,16,2026-05-28 20:10:42,205.65,119,belgium
536450,62,8,2026-06-04 05:37:25,15.54,28,switzerland
537128,92,17,2026-04-21 05:49:24,129.75,78,PORTUGAL
537102,37,1,2026-05-24 07:51:56,157.85,9756,Switzerland
537287,120,,2026-06-04 01:16:39,205.13,5,Switzerland
537761,1,16,2026-06-28 09:06:07,182.75,72,Germany
538275,121,15,2026-05-04 09:32:35,153.37,102,Germany
538211,85,12,2026-05-28 01:48:32,51.87,124,Italy
537067,89,5,2026-05-30 13:38:18,221.81,28,Italy
538369,99,13,2026-05-12 19:50:40,178.7,76,Germany
536946,98,5,2026-06-11 07:21:10,236.86,15,Belgium
537128,36,6,2026-07-04 15:10:52,190.18,78,Portugal
538271,96,14,2026-06-03 14:16:55,109.12,31,Frnace
536717,117,12,2026-05-27 23:27:00,175.98,24,Spain
538203,93,12,2026-06-13 07:21:17,240.79,5,Germany
538396,34,18,2026-06-25 15:04:08,152.0,122,Netherlands
536408,9504,14,2026-07-07 13:04:17,31.82,7,Switzerland
537518,105,20,2026-07-08 11:12:31,141.53,51,Spain
C538414,7,-4,2026-07-12 04:53:52,115.38,117,Italy
538468,17,12,2026-06-22 11:41:57,219.32,123,Germany
536517,35,10,2026-06-20 10:41:09,243.63,26,United States
536611,45,19,2026-05-28 00:26:43,185.52,65,United Kingdom
536696,75,6,2026-05-29 22:04:45,3.13,33,Espagne
537424,101,18,2026-06-21 09:59:04,151.63,83,France
537388,51,12,2026-05-09 04:48:17,200.54,27,Belgium
536643,124,19,2026-06-14 12:08:13,110.71,93,Switzerland
537277,117,9,2026-06-26 00:36:05,218.18,72,Switzerland
C537854,115,-17,2026-06-29 23:58:28,44.88,61,Portugal
537572,79,19,2026-07-08 00:59:14,247.43,4,France
537134,83,18,2026-06-23 21:09:48,129.23,64,Italy
538558,128,10,2026-06-15 05:53:40,189.25,87,United Kingdom
537750,38,8,2026-04-30 17:35:54,134.38,53,Portugal
538508,48,9,2026-05-20 15:14:58,101.06,61,Netherlands
538497,27,11,2026-04-24 10:06:41,105.6,33,Netherlands
536672,13,10,,82.82,34,United States
538182,76,6,2026-04-14 06:21:08,123.68,58,Belgium
536954,101,5,2026-05-27 15:27:41,30.41,47,netherlands
537261,42,19,2026-06-21 07:33:45,0,55,Italy
537704,19,7,2026-05-09 11:20:29,106.27,85,Germany
536620,100,3,2026-06-19 04:32:14,198.81,62,Netherlands
537212,63,20,2026-05-06 18:12:10,62.89,57,Spain
536709,110,8,2026-05-13 10:02:23,230.49,96,Italy
538114,52,13,2026-05-11 05:12:46,38.84,53,Belgium
536705,63,5,2026-05-21 10:24:22,199.87,33,Portugal
537686,75,6,2026-04-30 18:47:28,53.71,,Italy
536774,38,13,2026-05-07 13:25:01,113.33,38,Italy
538326,126,14,2026-06-30 23:19:47,66.0,103,Spain
536890,34,10,2026-06-01 09:53:05,19.01,118,Italy
537371,9,12,2026-04-21 17:30:00,102.37,,Portugal
538191,93,11,2026-05-17 01:38:22,17.97,63,United Kingdom
538564,71,3,2026-04-26 11:00:57,158.49,69,Switzerland
538248,46,19,2026-07-08 14:28:17,152.95,77,UK
538220,12,3,2026-07-10 04:31:44,84.12,98,Italy
536556,55,17,2026-06-21 14:51:23,101.94,124,Spain
536552,15,6,2026-05-09 07:01:12,66.79,54,Switzerland
537077,36,18,2026-05-19 07:24:45,189.98,93,united states
537809,35,,2026-06-08 17:30:10,34.71,77,Italy
537016,67,19,2026-06-21 23:21:12,140.97,66,united states
536614,18,1,2026-05-07 01:46:44,104.58,11,Germany
538332,13,14,31/02/2026,91.85,109,Germany
536460,13,8,2026-06-30 05:48:26,185.91,9,Netherlands
536520,28,16,2026-05-10 09:07:31,18.77,102,SWITZERLAND
538340,75,10,2026-06-24 20:22:58,56.22,30,PORTUGAL
537502,94,7,2026-06-29 19:43:08,195.74,36,Belgium
538472,1,12,2026-07-13 01:01:35,156.55,35,Allemagne
537593,53,7,,227.77,40,United Kingdom
537815,40,4,2026-04-14 05:29:32,216.77,42,Portugal
537399,108,5,2026-07-04 16:23:32,94.7,110,Pays-Bas
537464,7,8,2026-06-11 15:57:27,117.77,85,United States
538506,65,14,2026-04-30 19:46:56,11.56,103,PORTUGAL
537264,95,16,2026-06-01 00:53:56,84.16,77,Switzerland
538203,83,15,2026-04-15 08:23:37,203.62,5,Germany
536377,81,3,2026-06-01 11:22:15,5.3,77,Netherlands
536618,52,6,2026-07-09 05:29:24,139.96,86,spain
537746,58,3,2026-07-03 06:09:47,206.9,118,United Kingdom
538080,18,18,2026-05-12 01:41:57,242.29,108,Netherlands
536984,11,17,2026-05-24 22:28:04,28.64,29,Portugal
538216,8,2,2026-06-27 13:40:19,239.34,17,Portugal
536813,25,4,2026-05-06 06:35:59,78.24,62,United Kingdom
537702,56,13,2026-06-25 21:12:20,147.22,1,Netherlands
